image_path,labels
garbage_classification\brown-glass\brown-glass40.jpg,brown-glass
garbage_classification\plastic\plastic91.jpg,plastic
garbage_classification\biological\biological895.jpg,biological
garbage_classification\plastic\plastic420.jpg,plastic
garbage_classification\white-glass\white-glass493.jpg,white-glass
garbage_classification\clothes\clothes2623.jpg,clothes
garbage_classification\clothes\clothes1679.jpg,clothes
garbage_classification\clothes\clothes21.jpg,clothes
garbage_classification\shoes\shoes1388.jpg,shoes
garbage_classification\clothes\clothes3591.jpg,clothes
garbage_classification\shoes\shoes1153.jpg,shoes
garbage_classification\white-glass\white-glass21.jpg,white-glass
garbage_classification\white-glass\white-glass678.jpg,white-glass
garbage_classification\shoes\shoes1965.jpg,shoes
garbage_classification\battery\battery897.jpg,battery
garbage_classification\clothes\clothes2001.jpg,clothes
garbage_classification\brown-glass\brown-glass313.jpg,brown-glass
garbage_classification\clothes\clothes3543.jpg,clothes
garbage_classification\biological\biological580.jpg,biological
garbage_classification\clothes\clothes1126.jpg,clothes
garbage_classification\green-glass\green-glass80.jpg,green-glass
garbage_classification\paper\paper229.jpg,paper
garbage_classification\metal\metal701.jpg,metal
garbage_classification\paper\paper209.jpg,paper
garbage_classification\clothes\clothes3467.jpg,clothes
garbage_classification\paper\paper974.jpg,paper
garbage_classification\clothes\clothes4943.jpg,clothes
garbage_classification\shoes\shoes592.jpg,shoes
garbage_classification\brown-glass\brown-glass425.jpg,brown-glass
garbage_classification\white-glass\white-glass340.jpg,white-glass
garbage_classification\paper\paper145.jpg,paper
garbage_classification\metal\metal609.jpg,metal
garbage_classification\clothes\clothes2163.jpg,clothes
garbage_classification\clothes\clothes4727.jpg,clothes
garbage_classification\battery\battery763.jpg,battery
garbage_classification\white-glass\white-glass627.jpg,white-glass
garbage_classification\biological\biological384.jpg,biological
garbage_classification\clothes\clothes2217.jpg,clothes
garbage_classification\white-glass\white-glass148.jpg,white-glass
garbage_classification\battery\battery38.jpg,battery
garbage_classification\shoes\shoes391.jpg,shoes
garbage_classification\paper\paper973.jpg,paper
garbage_classification\brown-glass\brown-glass79.jpg,brown-glass
garbage_classification\cardboard\cardboard412.jpg,cardboard
garbage_classification\shoes\shoes141.jpg,shoes
garbage_classification\cardboard\cardboard17.jpg,cardboard
garbage_classification\plastic\plastic384.jpg,plastic
garbage_classification\cardboard\cardboard750.jpg,cardboard
garbage_classification\battery\battery845.jpg,battery
garbage_classification\shoes\shoes690.jpg,shoes
garbage_classification\white-glass\white-glass75.jpg,white-glass
garbage_classification\clothes\clothes4014.jpg,clothes
garbage_classification\clothes\clothes4637.jpg,clothes
garbage_classification\brown-glass\brown-glass2.jpg,brown-glass
garbage_classification\plastic\plastic790.jpg,plastic
garbage_classification\shoes\shoes1368.jpg,shoes
garbage_classification\green-glass\green-glass369.jpg,green-glass
garbage_classification\green-glass\green-glass232.jpg,green-glass
garbage_classification\biological\biological106.jpg,biological
garbage_classification\shoes\shoes239.jpg,shoes
garbage_classification\green-glass\green-glass330.jpg,green-glass
garbage_classification\clothes\clothes1111.jpg,clothes
garbage_classification\plastic\plastic698.jpg,plastic
garbage_classification\clothes\clothes1530.jpg,clothes
garbage_classification\shoes\shoes1474.jpg,shoes
garbage_classification\clothes\clothes4414.jpg,clothes
garbage_classification\clothes\clothes1202.jpg,clothes
garbage_classification\shoes\shoes452.jpg,shoes
garbage_classification\battery\battery758.jpg,battery
garbage_classification\biological\biological777.jpg,biological
garbage_classification\paper\paper829.jpg,paper
garbage_classification\shoes\shoes1639.jpg,shoes
garbage_classification\biological\biological99.jpg,biological
garbage_classification\biological\biological759.jpg,biological
garbage_classification\shoes\shoes524.jpg,shoes
garbage_classification\paper\paper808.jpg,paper
garbage_classification\clothes\clothes2276.jpg,clothes
garbage_classification\green-glass\green-glass580.jpg,green-glass
garbage_classification\plastic\plastic292.jpg,plastic
garbage_classification\shoes\shoes168.jpg,shoes
garbage_classification\metal\metal518.jpg,metal
garbage_classification\biological\biological514.jpg,biological
garbage_classification\plastic\plastic514.jpg,plastic
garbage_classification\clothes\clothes2780.jpg,clothes
garbage_classification\trash\trash195.jpg,trash
garbage_classification\brown-glass\brown-glass92.jpg,brown-glass
garbage_classification\clothes\clothes5159.jpg,clothes
garbage_classification\brown-glass\brown-glass170.jpg,brown-glass
garbage_classification\shoes\shoes285.jpg,shoes
garbage_classification\clothes\clothes1587.jpg,clothes
garbage_classification\clothes\clothes2029.jpg,clothes
garbage_classification\clothes\clothes3513.jpg,clothes
garbage_classification\clothes\clothes1815.jpg,clothes
garbage_classification\plastic\plastic413.jpg,plastic
garbage_classification\biological\biological104.jpg,biological
garbage_classification\clothes\clothes1744.jpg,clothes
garbage_classification\clothes\clothes815.jpg,clothes
garbage_classification\shoes\shoes775.jpg,shoes
garbage_classification\clothes\clothes3017.jpg,clothes
garbage_classification\cardboard\cardboard461.jpg,cardboard
garbage_classification\clothes\clothes2056.jpg,clothes
garbage_classification\clothes\clothes4031.jpg,clothes
garbage_classification\paper\paper899.jpg,paper
garbage_classification\white-glass\white-glass166.jpg,white-glass
garbage_classification\clothes\clothes758.jpg,clothes
garbage_classification\battery\battery536.jpg,battery
garbage_classification\battery\battery469.jpg,battery
garbage_classification\clothes\clothes3372.jpg,clothes
garbage_classification\trash\trash387.jpg,trash
garbage_classification\clothes\clothes296.jpg,clothes
garbage_classification\clothes\clothes4949.jpg,clothes
garbage_classification\clothes\clothes170.jpg,clothes
garbage_classification\trash\trash159.jpg,trash
garbage_classification\paper\paper179.jpg,paper
garbage_classification\clothes\clothes2025.jpg,clothes
garbage_classification\clothes\clothes4084.jpg,clothes
garbage_classification\white-glass\white-glass413.jpg,white-glass
garbage_classification\clothes\clothes3992.jpg,clothes
garbage_classification\biological\biological329.jpg,biological
garbage_classification\clothes\clothes1029.jpg,clothes
garbage_classification\battery\battery15.jpg,battery
garbage_classification\paper\paper586.jpg,paper
garbage_classification\clothes\clothes1050.jpg,clothes
garbage_classification\clothes\clothes4544.jpg,clothes
garbage_classification\clothes\clothes779.jpg,clothes
garbage_classification\metal\metal22.jpg,metal
garbage_classification\biological\biological600.jpg,biological
garbage_classification\clothes\clothes4591.jpg,clothes
garbage_classification\clothes\clothes1876.jpg,clothes
garbage_classification\clothes\clothes2966.jpg,clothes
garbage_classification\clothes\clothes4679.jpg,clothes
garbage_classification\plastic\plastic191.jpg,plastic
garbage_classification\shoes\shoes1314.jpg,shoes
garbage_classification\white-glass\white-glass144.jpg,white-glass
garbage_classification\clothes\clothes4657.jpg,clothes
garbage_classification\clothes\clothes3006.jpg,clothes
garbage_classification\paper\paper591.jpg,paper
garbage_classification\shoes\shoes457.jpg,shoes
garbage_classification\white-glass\white-glass104.jpg,white-glass
garbage_classification\battery\battery838.jpg,battery
garbage_classification\clothes\clothes4152.jpg,clothes
garbage_classification\battery\battery424.jpg,battery
garbage_classification\paper\paper471.jpg,paper
garbage_classification\battery\battery302.jpg,battery
garbage_classification\clothes\clothes1575.jpg,clothes
garbage_classification\plastic\plastic734.jpg,plastic
garbage_classification\shoes\shoes1724.jpg,shoes
garbage_classification\trash\trash690.jpg,trash
garbage_classification\clothes\clothes4710.jpg,clothes
garbage_classification\green-glass\green-glass380.jpg,green-glass
garbage_classification\cardboard\cardboard430.jpg,cardboard
garbage_classification\trash\trash397.jpg,trash
garbage_classification\clothes\clothes3034.jpg,clothes
garbage_classification\paper\paper694.jpg,paper
garbage_classification\paper\paper272.jpg,paper
garbage_classification\metal\metal324.jpg,metal
garbage_classification\shoes\shoes54.jpg,shoes
garbage_classification\plastic\plastic424.jpg,plastic
garbage_classification\shoes\shoes1175.jpg,shoes
garbage_classification\clothes\clothes1967.jpg,clothes
garbage_classification\battery\battery269.jpg,battery
garbage_classification\clothes\clothes1689.jpg,clothes
garbage_classification\clothes\clothes1963.jpg,clothes
garbage_classification\cardboard\cardboard516.jpg,cardboard
garbage_classification\clothes\clothes4410.jpg,clothes
garbage_classification\clothes\clothes4693.jpg,clothes
garbage_classification\brown-glass\brown-glass495.jpg,brown-glass
garbage_classification\clothes\clothes1542.jpg,clothes
garbage_classification\clothes\clothes1917.jpg,clothes
garbage_classification\white-glass\white-glass622.jpg,white-glass
garbage_classification\clothes\clothes637.jpg,clothes
garbage_classification\battery\battery555.jpg,battery
garbage_classification\clothes\clothes4638.jpg,clothes
garbage_classification\biological\biological948.jpg,biological
garbage_classification\clothes\clothes217.jpg,clothes
garbage_classification\biological\biological31.jpg,biological
garbage_classification\shoes\shoes1967.jpg,shoes
garbage_classification\clothes\clothes4668.jpg,clothes
garbage_classification\biological\biological983.jpg,biological
garbage_classification\brown-glass\brown-glass476.jpg,brown-glass
garbage_classification\clothes\clothes3132.jpg,clothes
garbage_classification\biological\biological93.jpg,biological
garbage_classification\cardboard\cardboard547.jpg,cardboard
garbage_classification\clothes\clothes4809.jpg,clothes
garbage_classification\cardboard\cardboard180.jpg,cardboard
garbage_classification\brown-glass\brown-glass397.jpg,brown-glass
garbage_classification\clothes\clothes2818.jpg,clothes
garbage_classification\trash\trash554.jpg,trash
garbage_classification\clothes\clothes1168.jpg,clothes
garbage_classification\clothes\clothes3476.jpg,clothes
garbage_classification\clothes\clothes3409.jpg,clothes
garbage_classification\cardboard\cardboard326.jpg,cardboard
garbage_classification\brown-glass\brown-glass578.jpg,brown-glass
garbage_classification\battery\battery139.jpg,battery
garbage_classification\plastic\plastic285.jpg,plastic
garbage_classification\clothes\clothes2125.jpg,clothes
garbage_classification\clothes\clothes1000.jpg,clothes
garbage_classification\shoes\shoes1208.jpg,shoes
garbage_classification\trash\trash284.jpg,trash
garbage_classification\brown-glass\brown-glass138.jpg,brown-glass
garbage_classification\clothes\clothes2622.jpg,clothes
garbage_classification\shoes\shoes839.jpg,shoes
garbage_classification\metal\metal644.jpg,metal
garbage_classification\shoes\shoes1291.jpg,shoes
garbage_classification\metal\metal301.jpg,metal
garbage_classification\shoes\shoes582.jpg,shoes
garbage_classification\clothes\clothes2275.jpg,clothes
garbage_classification\biological\biological808.jpg,biological
garbage_classification\clothes\clothes4033.jpg,clothes
garbage_classification\metal\metal718.jpg,metal
garbage_classification\shoes\shoes666.jpg,shoes
garbage_classification\clothes\clothes3349.jpg,clothes
garbage_classification\shoes\shoes1113.jpg,shoes
garbage_classification\brown-glass\brown-glass75.jpg,brown-glass
garbage_classification\biological\biological194.jpg,biological
garbage_classification\clothes\clothes752.jpg,clothes
garbage_classification\metal\metal57.jpg,metal
garbage_classification\trash\trash54.jpg,trash
garbage_classification\shoes\shoes763.jpg,shoes
garbage_classification\white-glass\white-glass578.jpg,white-glass
garbage_classification\cardboard\cardboard246.jpg,cardboard
garbage_classification\trash\trash82.jpg,trash
garbage_classification\battery\battery68.jpg,battery
garbage_classification\paper\paper837.jpg,paper
garbage_classification\brown-glass\brown-glass598.jpg,brown-glass
garbage_classification\plastic\plastic119.jpg,plastic
garbage_classification\white-glass\white-glass557.jpg,white-glass
garbage_classification\biological\biological950.jpg,biological
garbage_classification\green-glass\green-glass463.jpg,green-glass
garbage_classification\battery\battery590.jpg,battery
garbage_classification\clothes\clothes293.jpg,clothes
garbage_classification\battery\battery138.jpg,battery
garbage_classification\plastic\plastic419.jpg,plastic
garbage_classification\clothes\clothes191.jpg,clothes
garbage_classification\clothes\clothes4091.jpg,clothes
garbage_classification\shoes\shoes137.jpg,shoes
garbage_classification\shoes\shoes1445.jpg,shoes
garbage_classification\cardboard\cardboard229.jpg,cardboard
garbage_classification\paper\paper115.jpg,paper
garbage_classification\clothes\clothes980.jpg,clothes
garbage_classification\clothes\clothes803.jpg,clothes
garbage_classification\biological\biological205.jpg,biological
garbage_classification\clothes\clothes1041.jpg,clothes
garbage_classification\shoes\shoes1035.jpg,shoes
garbage_classification\metal\metal85.jpg,metal
garbage_classification\shoes\shoes1714.jpg,shoes
garbage_classification\clothes\clothes56.jpg,clothes
garbage_classification\shoes\shoes862.jpg,shoes
garbage_classification\green-glass\green-glass148.jpg,green-glass
garbage_classification\plastic\plastic712.jpg,plastic
garbage_classification\battery\battery860.jpg,battery
garbage_classification\white-glass\white-glass526.jpg,white-glass
garbage_classification\white-glass\white-glass271.jpg,white-glass
garbage_classification\clothes\clothes4951.jpg,clothes
garbage_classification\paper\paper465.jpg,paper
garbage_classification\clothes\clothes3043.jpg,clothes
garbage_classification\plastic\plastic389.jpg,plastic
garbage_classification\green-glass\green-glass367.jpg,green-glass
garbage_classification\shoes\shoes1564.jpg,shoes
garbage_classification\clothes\clothes503.jpg,clothes
garbage_classification\clothes\clothes4804.jpg,clothes
garbage_classification\battery\battery12.jpg,battery
garbage_classification\trash\trash405.jpg,trash
garbage_classification\biological\biological573.jpg,biological
garbage_classification\clothes\clothes265.jpg,clothes
garbage_classification\shoes\shoes1577.jpg,shoes
garbage_classification\cardboard\cardboard735.jpg,cardboard
garbage_classification\shoes\shoes1916.jpg,shoes
garbage_classification\clothes\clothes4426.jpg,clothes
garbage_classification\clothes\clothes5140.jpg,clothes
garbage_classification\shoes\shoes3.jpg,shoes
garbage_classification\clothes\clothes3021.jpg,clothes
garbage_classification\clothes\clothes2821.jpg,clothes
garbage_classification\plastic\plastic784.jpg,plastic
garbage_classification\battery\battery900.jpg,battery
garbage_classification\clothes\clothes137.jpg,clothes
garbage_classification\shoes\shoes1367.jpg,shoes
garbage_classification\clothes\clothes2314.jpg,clothes
garbage_classification\white-glass\white-glass264.jpg,white-glass
garbage_classification\clothes\clothes2541.jpg,clothes
garbage_classification\clothes\clothes3626.jpg,clothes
garbage_classification\clothes\clothes1336.jpg,clothes
garbage_classification\clothes\clothes2798.jpg,clothes
garbage_classification\shoes\shoes1256.jpg,shoes
garbage_classification\paper\paper919.jpg,paper
garbage_classification\cardboard\cardboard84.jpg,cardboard
garbage_classification\clothes\clothes4467.jpg,clothes
garbage_classification\plastic\plastic140.jpg,plastic
garbage_classification\biological\biological208.jpg,biological
garbage_classification\cardboard\cardboard74.jpg,cardboard
garbage_classification\clothes\clothes4783.jpg,clothes
garbage_classification\paper\paper815.jpg,paper
garbage_classification\metal\metal98.jpg,metal
garbage_classification\clothes\clothes1691.jpg,clothes
garbage_classification\plastic\plastic49.jpg,plastic
garbage_classification\shoes\shoes1144.jpg,shoes
garbage_classification\metal\metal388.jpg,metal
garbage_classification\paper\paper807.jpg,paper
garbage_classification\metal\metal263.jpg,metal
garbage_classification\paper\paper600.jpg,paper
garbage_classification\battery\battery96.jpg,battery
garbage_classification\metal\metal158.jpg,metal
garbage_classification\cardboard\cardboard392.jpg,cardboard
garbage_classification\clothes\clothes4730.jpg,clothes
garbage_classification\plastic\plastic148.jpg,plastic
garbage_classification\clothes\clothes1776.jpg,clothes
garbage_classification\clothes\clothes3451.jpg,clothes
garbage_classification\clothes\clothes2161.jpg,clothes
garbage_classification\cardboard\cardboard768.jpg,cardboard
garbage_classification\shoes\shoes1757.jpg,shoes
garbage_classification\biological\biological546.jpg,biological
garbage_classification\metal\metal304.jpg,metal
garbage_classification\clothes\clothes2796.jpg,clothes
garbage_classification\metal\metal95.jpg,metal
garbage_classification\clothes\clothes3732.jpg,clothes
garbage_classification\green-glass\green-glass28.jpg,green-glass
garbage_classification\clothes\clothes4029.jpg,clothes
garbage_classification\clothes\clothes2571.jpg,clothes
garbage_classification\clothes\clothes1483.jpg,clothes
garbage_classification\plastic\plastic59.jpg,plastic
garbage_classification\white-glass\white-glass634.jpg,white-glass
garbage_classification\trash\trash194.jpg,trash
garbage_classification\biological\biological258.jpg,biological
garbage_classification\clothes\clothes4034.jpg,clothes
garbage_classification\clothes\clothes1791.jpg,clothes
garbage_classification\clothes\clothes1325.jpg,clothes
garbage_classification\metal\metal403.jpg,metal
garbage_classification\metal\metal375.jpg,metal
garbage_classification\paper\paper1020.jpg,paper
garbage_classification\clothes\clothes4874.jpg,clothes
garbage_classification\clothes\clothes2693.jpg,clothes
garbage_classification\shoes\shoes1322.jpg,shoes
garbage_classification\green-glass\green-glass521.jpg,green-glass
garbage_classification\battery\battery324.jpg,battery
garbage_classification\cardboard\cardboard146.jpg,cardboard
garbage_classification\clothes\clothes2232.jpg,clothes
garbage_classification\clothes\clothes1300.jpg,clothes
garbage_classification\clothes\clothes988.jpg,clothes
garbage_classification\brown-glass\brown-glass343.jpg,brown-glass
garbage_classification\shoes\shoes612.jpg,shoes
garbage_classification\biological\biological398.jpg,biological
garbage_classification\battery\battery746.jpg,battery
garbage_classification\clothes\clothes283.jpg,clothes
garbage_classification\metal\metal681.jpg,metal
garbage_classification\shoes\shoes1012.jpg,shoes
garbage_classification\clothes\clothes3996.jpg,clothes
garbage_classification\clothes\clothes3173.jpg,clothes
garbage_classification\paper\paper38.jpg,paper
garbage_classification\biological\biological394.jpg,biological
garbage_classification\plastic\plastic370.jpg,plastic
garbage_classification\battery\battery200.jpg,battery
garbage_classification\clothes\clothes3337.jpg,clothes
garbage_classification\battery\battery661.jpg,battery
garbage_classification\shoes\shoes95.jpg,shoes
garbage_classification\clothes\clothes4260.jpg,clothes
garbage_classification\clothes\clothes1633.jpg,clothes
garbage_classification\cardboard\cardboard245.jpg,cardboard
garbage_classification\clothes\clothes216.jpg,clothes
garbage_classification\paper\paper963.jpg,paper
garbage_classification\clothes\clothes867.jpg,clothes
garbage_classification\trash\trash48.jpg,trash
garbage_classification\clothes\clothes4571.jpg,clothes
garbage_classification\paper\paper878.jpg,paper
garbage_classification\clothes\clothes2665.jpg,clothes
garbage_classification\brown-glass\brown-glass270.jpg,brown-glass
garbage_classification\trash\trash644.jpg,trash
garbage_classification\clothes\clothes799.jpg,clothes
garbage_classification\shoes\shoes1621.jpg,shoes
garbage_classification\clothes\clothes3497.jpg,clothes
garbage_classification\metal\metal370.jpg,metal
garbage_classification\paper\paper422.jpg,paper
garbage_classification\clothes\clothes474.jpg,clothes
garbage_classification\clothes\clothes1274.jpg,clothes
garbage_classification\paper\paper1012.jpg,paper
garbage_classification\clothes\clothes3325.jpg,clothes
garbage_classification\cardboard\cardboard70.jpg,cardboard
garbage_classification\clothes\clothes5081.jpg,clothes
garbage_classification\trash\trash16.jpg,trash
garbage_classification\battery\battery715.jpg,battery
garbage_classification\shoes\shoes1235.jpg,shoes
garbage_classification\brown-glass\brown-glass39.jpg,brown-glass
garbage_classification\clothes\clothes4136.jpg,clothes
garbage_classification\battery\battery573.jpg,battery
garbage_classification\metal\metal37.jpg,metal
garbage_classification\shoes\shoes770.jpg,shoes
garbage_classification\clothes\clothes1937.jpg,clothes
garbage_classification\clothes\clothes830.jpg,clothes
garbage_classification\clothes\clothes1968.jpg,clothes
garbage_classification\trash\trash667.jpg,trash
garbage_classification\shoes\shoes1673.jpg,shoes
garbage_classification\white-glass\white-glass125.jpg,white-glass
garbage_classification\clothes\clothes441.jpg,clothes
garbage_classification\clothes\clothes1809.jpg,clothes
garbage_classification\shoes\shoes336.jpg,shoes
garbage_classification\white-glass\white-glass176.jpg,white-glass
garbage_classification\clothes\clothes5182.jpg,clothes
garbage_classification\shoes\shoes1900.jpg,shoes
garbage_classification\white-glass\white-glass272.jpg,white-glass
garbage_classification\biological\biological627.jpg,biological
garbage_classification\clothes\clothes2421.jpg,clothes
garbage_classification\shoes\shoes1629.jpg,shoes
garbage_classification\clothes\clothes4481.jpg,clothes
garbage_classification\clothes\clothes130.jpg,clothes
garbage_classification\clothes\clothes2648.jpg,clothes
garbage_classification\paper\paper960.jpg,paper
garbage_classification\paper\paper885.jpg,paper
garbage_classification\clothes\clothes2552.jpg,clothes
garbage_classification\clothes\clothes4563.jpg,clothes
garbage_classification\metal\metal635.jpg,metal
garbage_classification\clothes\clothes542.jpg,clothes
garbage_classification\plastic\plastic776.jpg,plastic
garbage_classification\paper\paper805.jpg,paper
garbage_classification\brown-glass\brown-glass84.jpg,brown-glass
garbage_classification\clothes\clothes1.jpg,clothes
garbage_classification\metal\metal433.jpg,metal
garbage_classification\metal\metal47.jpg,metal
garbage_classification\white-glass\white-glass66.jpg,white-glass
garbage_classification\white-glass\white-glass233.jpg,white-glass
garbage_classification\clothes\clothes3122.jpg,clothes
garbage_classification\shoes\shoes67.jpg,shoes
garbage_classification\metal\metal604.jpg,metal
garbage_classification\white-glass\white-glass347.jpg,white-glass
garbage_classification\plastic\plastic169.jpg,plastic
garbage_classification\clothes\clothes3150.jpg,clothes
garbage_classification\metal\metal238.jpg,metal
garbage_classification\paper\paper267.jpg,paper
garbage_classification\clothes\clothes223.jpg,clothes
garbage_classification\green-glass\green-glass581.jpg,green-glass
garbage_classification\metal\metal677.jpg,metal
garbage_classification\battery\battery437.jpg,battery
garbage_classification\shoes\shoes414.jpg,shoes
garbage_classification\clothes\clothes139.jpg,clothes
garbage_classification\biological\biological648.jpg,biological
garbage_classification\shoes\shoes408.jpg,shoes
garbage_classification\shoes\shoes1614.jpg,shoes
garbage_classification\paper\paper1048.jpg,paper
garbage_classification\cardboard\cardboard639.jpg,cardboard
garbage_classification\cardboard\cardboard587.jpg,cardboard
garbage_classification\shoes\shoes422.jpg,shoes
garbage_classification\clothes\clothes3501.jpg,clothes
garbage_classification\plastic\plastic268.jpg,plastic
garbage_classification\shoes\shoes241.jpg,shoes
garbage_classification\brown-glass\brown-glass155.jpg,brown-glass
garbage_classification\paper\paper447.jpg,paper
garbage_classification\trash\trash107.jpg,trash
garbage_classification\clothes\clothes1505.jpg,clothes
garbage_classification\cardboard\cardboard878.jpg,cardboard
garbage_classification\plastic\plastic628.jpg,plastic
garbage_classification\metal\metal406.jpg,metal
garbage_classification\clothes\clothes1400.jpg,clothes
garbage_classification\shoes\shoes366.jpg,shoes
garbage_classification\metal\metal184.jpg,metal
garbage_classification\paper\paper936.jpg,paper
garbage_classification\paper\paper996.jpg,paper
garbage_classification\clothes\clothes3887.jpg,clothes
garbage_classification\clothes\clothes2317.jpg,clothes
garbage_classification\paper\paper58.jpg,paper
garbage_classification\metal\metal720.jpg,metal
garbage_classification\clothes\clothes3944.jpg,clothes
garbage_classification\shoes\shoes1173.jpg,shoes
garbage_classification\clothes\clothes114.jpg,clothes
garbage_classification\biological\biological50.jpg,biological
garbage_classification\shoes\shoes1274.jpg,shoes
garbage_classification\shoes\shoes814.jpg,shoes
garbage_classification\clothes\clothes571.jpg,clothes
garbage_classification\clothes\clothes2626.jpg,clothes
garbage_classification\shoes\shoes993.jpg,shoes
garbage_classification\brown-glass\brown-glass70.jpg,brown-glass
garbage_classification\white-glass\white-glass420.jpg,white-glass
garbage_classification\clothes\clothes2386.jpg,clothes
garbage_classification\shoes\shoes1686.jpg,shoes
garbage_classification\cardboard\cardboard45.jpg,cardboard
garbage_classification\shoes\shoes1321.jpg,shoes
garbage_classification\clothes\clothes1583.jpg,clothes
garbage_classification\shoes\shoes1767.jpg,shoes
garbage_classification\clothes\clothes3118.jpg,clothes
garbage_classification\green-glass\green-glass540.jpg,green-glass
garbage_classification\shoes\shoes947.jpg,shoes
garbage_classification\clothes\clothes5180.jpg,clothes
garbage_classification\paper\paper887.jpg,paper
garbage_classification\metal\metal398.jpg,metal
garbage_classification\clothes\clothes5216.jpg,clothes
garbage_classification\green-glass\green-glass394.jpg,green-glass
garbage_classification\shoes\shoes1927.jpg,shoes
garbage_classification\green-glass\green-glass470.jpg,green-glass
garbage_classification\clothes\clothes916.jpg,clothes
garbage_classification\shoes\shoes1087.jpg,shoes
garbage_classification\trash\trash210.jpg,trash
garbage_classification\clothes\clothes3080.jpg,clothes
garbage_classification\cardboard\cardboard638.jpg,cardboard
garbage_classification\brown-glass\brown-glass95.jpg,brown-glass
garbage_classification\plastic\plastic546.jpg,plastic
garbage_classification\clothes\clothes3098.jpg,clothes
garbage_classification\clothes\clothes5155.jpg,clothes
garbage_classification\clothes\clothes2770.jpg,clothes
garbage_classification\clothes\clothes3403.jpg,clothes
garbage_classification\clothes\clothes994.jpg,clothes
garbage_classification\battery\battery878.jpg,battery
garbage_classification\green-glass\green-glass522.jpg,green-glass
garbage_classification\biological\biological721.jpg,biological
garbage_classification\trash\trash141.jpg,trash
garbage_classification\shoes\shoes324.jpg,shoes
garbage_classification\trash\trash570.jpg,trash
garbage_classification\shoes\shoes1708.jpg,shoes
garbage_classification\metal\metal767.jpg,metal
garbage_classification\white-glass\white-glass327.jpg,white-glass
garbage_classification\shoes\shoes206.jpg,shoes
garbage_classification\clothes\clothes3033.jpg,clothes
garbage_classification\clothes\clothes537.jpg,clothes
garbage_classification\clothes\clothes1931.jpg,clothes
garbage_classification\biological\biological291.jpg,biological
garbage_classification\battery\battery462.jpg,battery
garbage_classification\clothes\clothes2036.jpg,clothes
garbage_classification\shoes\shoes1306.jpg,shoes
garbage_classification\clothes\clothes5274.jpg,clothes
garbage_classification\battery\battery455.jpg,battery
garbage_classification\clothes\clothes3817.jpg,clothes
garbage_classification\shoes\shoes1842.jpg,shoes
garbage_classification\white-glass\white-glass392.jpg,white-glass
garbage_classification\clothes\clothes1227.jpg,clothes
garbage_classification\clothes\clothes346.jpg,clothes
garbage_classification\plastic\plastic233.jpg,plastic
garbage_classification\clothes\clothes3714.jpg,clothes
garbage_classification\clothes\clothes2596.jpg,clothes
garbage_classification\clothes\clothes247.jpg,clothes
garbage_classification\white-glass\white-glass580.jpg,white-glass
garbage_classification\clothes\clothes5195.jpg,clothes
garbage_classification\green-glass\green-glass426.jpg,green-glass
garbage_classification\clothes\clothes3404.jpg,clothes
garbage_classification\battery\battery3.jpg,battery
garbage_classification\cardboard\cardboard665.jpg,cardboard
garbage_classification\shoes\shoes353.jpg,shoes
garbage_classification\clothes\clothes2082.jpg,clothes
garbage_classification\white-glass\white-glass346.jpg,white-glass
garbage_classification\biological\biological322.jpg,biological
garbage_classification\clothes\clothes5089.jpg,clothes
garbage_classification\brown-glass\brown-glass42.jpg,brown-glass
garbage_classification\plastic\plastic807.jpg,plastic
garbage_classification\cardboard\cardboard211.jpg,cardboard
garbage_classification\cardboard\cardboard561.jpg,cardboard
garbage_classification\green-glass\green-glass377.jpg,green-glass
garbage_classification\shoes\shoes202.jpg,shoes
garbage_classification\clothes\clothes3123.jpg,clothes
garbage_classification\clothes\clothes1745.jpg,clothes
garbage_classification\paper\paper716.jpg,paper
garbage_classification\battery\battery334.jpg,battery
garbage_classification\shoes\shoes1391.jpg,shoes
garbage_classification\clothes\clothes2030.jpg,clothes
garbage_classification\clothes\clothes2012.jpg,clothes
garbage_classification\clothes\clothes4180.jpg,clothes
garbage_classification\shoes\shoes659.jpg,shoes
garbage_classification\brown-glass\brown-glass381.jpg,brown-glass
garbage_classification\shoes\shoes338.jpg,shoes
garbage_classification\brown-glass\brown-glass118.jpg,brown-glass
garbage_classification\shoes\shoes981.jpg,shoes
garbage_classification\clothes\clothes5218.jpg,clothes
garbage_classification\shoes\shoes855.jpg,shoes
garbage_classification\clothes\clothes1221.jpg,clothes
garbage_classification\shoes\shoes63.jpg,shoes
garbage_classification\metal\metal477.jpg,metal
garbage_classification\cardboard\cardboard163.jpg,cardboard
garbage_classification\battery\battery57.jpg,battery
garbage_classification\clothes\clothes4826.jpg,clothes
garbage_classification\clothes\clothes5008.jpg,clothes
garbage_classification\clothes\clothes4734.jpg,clothes
garbage_classification\plastic\plastic840.jpg,plastic
garbage_classification\green-glass\green-glass421.jpg,green-glass
garbage_classification\biological\biological499.jpg,biological
garbage_classification\plastic\plastic515.jpg,plastic
garbage_classification\paper\paper812.jpg,paper
garbage_classification\paper\paper549.jpg,paper
garbage_classification\clothes\clothes1523.jpg,clothes
garbage_classification\clothes\clothes4872.jpg,clothes
garbage_classification\green-glass\green-glass50.jpg,green-glass
garbage_classification\clothes\clothes3635.jpg,clothes
garbage_classification\cardboard\cardboard704.jpg,cardboard
garbage_classification\paper\paper186.jpg,paper
garbage_classification\paper\paper438.jpg,paper
garbage_classification\clothes\clothes1632.jpg,clothes
garbage_classification\clothes\clothes3819.jpg,clothes
garbage_classification\clothes\clothes443.jpg,clothes
garbage_classification\clothes\clothes3494.jpg,clothes
garbage_classification\brown-glass\brown-glass449.jpg,brown-glass
garbage_classification\white-glass\white-glass15.jpg,white-glass
garbage_classification\shoes\shoes382.jpg,shoes
garbage_classification\battery\battery386.jpg,battery
garbage_classification\clothes\clothes814.jpg,clothes
garbage_classification\clothes\clothes3498.jpg,clothes
garbage_classification\clothes\clothes3880.jpg,clothes
garbage_classification\clothes\clothes2950.jpg,clothes
garbage_classification\clothes\clothes1476.jpg,clothes
garbage_classification\metal\metal86.jpg,metal
garbage_classification\white-glass\white-glass712.jpg,white-glass
garbage_classification\white-glass\white-glass674.jpg,white-glass
garbage_classification\paper\paper360.jpg,paper
garbage_classification\white-glass\white-glass673.jpg,white-glass
garbage_classification\clothes\clothes3707.jpg,clothes
garbage_classification\shoes\shoes1820.jpg,shoes
garbage_classification\clothes\clothes3318.jpg,clothes
garbage_classification\battery\battery74.jpg,battery
garbage_classification\clothes\clothes3847.jpg,clothes
garbage_classification\clothes\clothes2582.jpg,clothes
garbage_classification\shoes\shoes1907.jpg,shoes
garbage_classification\white-glass\white-glass541.jpg,white-glass
garbage_classification\paper\paper564.jpg,paper
garbage_classification\shoes\shoes1285.jpg,shoes
garbage_classification\clothes\clothes3375.jpg,clothes
garbage_classification\shoes\shoes1574.jpg,shoes
garbage_classification\plastic\plastic496.jpg,plastic
garbage_classification\clothes\clothes1918.jpg,clothes
garbage_classification\trash\trash396.jpg,trash
garbage_classification\white-glass\white-glass132.jpg,white-glass
garbage_classification\clothes\clothes4237.jpg,clothes
garbage_classification\metal\metal590.jpg,metal
garbage_classification\green-glass\green-glass46.jpg,green-glass
garbage_classification\clothes\clothes2517.jpg,clothes
garbage_classification\clothes\clothes5244.jpg,clothes
garbage_classification\paper\paper676.jpg,paper
garbage_classification\shoes\shoes918.jpg,shoes
garbage_classification\shoes\shoes1653.jpg,shoes
garbage_classification\paper\paper693.jpg,paper
garbage_classification\biological\biological27.jpg,biological
garbage_classification\shoes\shoes189.jpg,shoes
garbage_classification\plastic\plastic433.jpg,plastic
garbage_classification\shoes\shoes1502.jpg,shoes
garbage_classification\biological\biological216.jpg,biological
garbage_classification\clothes\clothes1424.jpg,clothes
garbage_classification\clothes\clothes4312.jpg,clothes
garbage_classification\paper\paper800.jpg,paper
garbage_classification\plastic\plastic10.jpg,plastic
garbage_classification\clothes\clothes3148.jpg,clothes
garbage_classification\trash\trash421.jpg,trash
garbage_classification\white-glass\white-glass459.jpg,white-glass
garbage_classification\metal\metal416.jpg,metal
garbage_classification\clothes\clothes579.jpg,clothes
garbage_classification\clothes\clothes5257.jpg,clothes
garbage_classification\metal\metal39.jpg,metal
garbage_classification\clothes\clothes5018.jpg,clothes
garbage_classification\shoes\shoes1233.jpg,shoes
garbage_classification\shoes\shoes1928.jpg,shoes
garbage_classification\metal\metal12.jpg,metal
garbage_classification\shoes\shoes454.jpg,shoes
garbage_classification\clothes\clothes4386.jpg,clothes
garbage_classification\cardboard\cardboard378.jpg,cardboard
garbage_classification\white-glass\white-glass305.jpg,white-glass
garbage_classification\shoes\shoes259.jpg,shoes
garbage_classification\biological\biological722.jpg,biological
garbage_classification\biological\biological126.jpg,biological
garbage_classification\clothes\clothes4534.jpg,clothes
garbage_classification\trash\trash487.jpg,trash
garbage_classification\brown-glass\brown-glass348.jpg,brown-glass
garbage_classification\metal\metal688.jpg,metal
garbage_classification\shoes\shoes142.jpg,shoes
garbage_classification\paper\paper611.jpg,paper
garbage_classification\cardboard\cardboard670.jpg,cardboard
garbage_classification\clothes\clothes3929.jpg,clothes
garbage_classification\paper\paper968.jpg,paper
garbage_classification\clothes\clothes4446.jpg,clothes
garbage_classification\metal\metal601.jpg,metal
garbage_classification\plastic\plastic841.jpg,plastic
garbage_classification\paper\paper986.jpg,paper
garbage_classification\brown-glass\brown-glass273.jpg,brown-glass
garbage_classification\biological\biological418.jpg,biological
garbage_classification\shoes\shoes565.jpg,shoes
garbage_classification\clothes\clothes3666.jpg,clothes
garbage_classification\battery\battery711.jpg,battery
garbage_classification\clothes\clothes469.jpg,clothes
garbage_classification\clothes\clothes2549.jpg,clothes
garbage_classification\clothes\clothes2656.jpg,clothes
garbage_classification\biological\biological914.jpg,biological
garbage_classification\shoes\shoes1722.jpg,shoes
garbage_classification\clothes\clothes3640.jpg,clothes
garbage_classification\cardboard\cardboard176.jpg,cardboard
garbage_classification\green-glass\green-glass316.jpg,green-glass
garbage_classification\shoes\shoes1874.jpg,shoes
garbage_classification\trash\trash350.jpg,trash
garbage_classification\clothes\clothes5037.jpg,clothes
garbage_classification\trash\trash39.jpg,trash
garbage_classification\shoes\shoes737.jpg,shoes
garbage_classification\battery\battery159.jpg,battery
garbage_classification\clothes\clothes1005.jpg,clothes
garbage_classification\clothes\clothes250.jpg,clothes
garbage_classification\trash\trash515.jpg,trash
garbage_classification\metal\metal319.jpg,metal
garbage_classification\cardboard\cardboard863.jpg,cardboard
garbage_classification\clothes\clothes4947.jpg,clothes
garbage_classification\metal\metal615.jpg,metal
garbage_classification\clothes\clothes328.jpg,clothes
garbage_classification\shoes\shoes1570.jpg,shoes
garbage_classification\biological\biological16.jpg,biological
garbage_classification\clothes\clothes4051.jpg,clothes
garbage_classification\battery\battery859.jpg,battery
garbage_classification\cardboard\cardboard760.jpg,cardboard
garbage_classification\cardboard\cardboard742.jpg,cardboard
garbage_classification\biological\biological368.jpg,biological
garbage_classification\cardboard\cardboard114.jpg,cardboard
garbage_classification\clothes\clothes249.jpg,clothes
garbage_classification\paper\paper946.jpg,paper
garbage_classification\cardboard\cardboard147.jpg,cardboard
garbage_classification\metal\metal514.jpg,metal
garbage_classification\clothes\clothes4829.jpg,clothes
garbage_classification\clothes\clothes1685.jpg,clothes
garbage_classification\cardboard\cardboard379.jpg,cardboard
garbage_classification\clothes\clothes3973.jpg,clothes
garbage_classification\clothes\clothes1548.jpg,clothes
garbage_classification\clothes\clothes4403.jpg,clothes
garbage_classification\battery\battery480.jpg,battery
garbage_classification\trash\trash504.jpg,trash
garbage_classification\clothes\clothes1861.jpg,clothes
garbage_classification\green-glass\green-glass454.jpg,green-glass
garbage_classification\clothes\clothes109.jpg,clothes
garbage_classification\paper\paper596.jpg,paper
garbage_classification\plastic\plastic764.jpg,plastic
garbage_classification\shoes\shoes978.jpg,shoes
garbage_classification\green-glass\green-glass621.jpg,green-glass
garbage_classification\trash\trash649.jpg,trash
garbage_classification\green-glass\green-glass23.jpg,green-glass
garbage_classification\clothes\clothes2473.jpg,clothes
garbage_classification\brown-glass\brown-glass300.jpg,brown-glass
garbage_classification\clothes\clothes3109.jpg,clothes
garbage_classification\plastic\plastic844.jpg,plastic
garbage_classification\white-glass\white-glass462.jpg,white-glass
garbage_classification\cardboard\cardboard330.jpg,cardboard
garbage_classification\metal\metal314.jpg,metal
garbage_classification\green-glass\green-glass586.jpg,green-glass
garbage_classification\trash\trash126.jpg,trash
garbage_classification\clothes\clothes3841.jpg,clothes
garbage_classification\battery\battery885.jpg,battery
garbage_classification\battery\battery634.jpg,battery
garbage_classification\battery\battery742.jpg,battery
garbage_classification\trash\trash302.jpg,trash
garbage_classification\shoes\shoes126.jpg,shoes
garbage_classification\clothes\clothes1641.jpg,clothes
garbage_classification\clothes\clothes3918.jpg,clothes
garbage_classification\plastic\plastic528.jpg,plastic
garbage_classification\clothes\clothes3710.jpg,clothes
garbage_classification\white-glass\white-glass243.jpg,white-glass
garbage_classification\shoes\shoes1966.jpg,shoes
garbage_classification\battery\battery630.jpg,battery
garbage_classification\shoes\shoes641.jpg,shoes
garbage_classification\metal\metal253.jpg,metal
garbage_classification\battery\battery564.jpg,battery
garbage_classification\cardboard\cardboard651.jpg,cardboard
garbage_classification\clothes\clothes612.jpg,clothes
garbage_classification\green-glass\green-glass614.jpg,green-glass
garbage_classification\paper\paper650.jpg,paper
garbage_classification\trash\trash475.jpg,trash
garbage_classification\green-glass\green-glass264.jpg,green-glass
garbage_classification\trash\trash384.jpg,trash
garbage_classification\paper\paper966.jpg,paper
garbage_classification\cardboard\cardboard508.jpg,cardboard
garbage_classification\shoes\shoes1716.jpg,shoes
garbage_classification\paper\paper521.jpg,paper
garbage_classification\clothes\clothes662.jpg,clothes
garbage_classification\cardboard\cardboard677.jpg,cardboard
garbage_classification\clothes\clothes4713.jpg,clothes
garbage_classification\cardboard\cardboard373.jpg,cardboard
garbage_classification\trash\trash214.jpg,trash
garbage_classification\clothes\clothes3722.jpg,clothes
garbage_classification\clothes\clothes1951.jpg,clothes
garbage_classification\brown-glass\brown-glass45.jpg,brown-glass
garbage_classification\biological\biological21.jpg,biological
garbage_classification\green-glass\green-glass496.jpg,green-glass
garbage_classification\shoes\shoes60.jpg,shoes
garbage_classification\clothes\clothes4282.jpg,clothes
garbage_classification\clothes\clothes4849.jpg,clothes
garbage_classification\green-glass\green-glass287.jpg,green-glass
garbage_classification\white-glass\white-glass510.jpg,white-glass
garbage_classification\paper\paper717.jpg,paper
garbage_classification\cardboard\cardboard600.jpg,cardboard
garbage_classification\shoes\shoes1281.jpg,shoes
garbage_classification\white-glass\white-glass475.jpg,white-glass
garbage_classification\clothes\clothes3264.jpg,clothes
garbage_classification\clothes\clothes741.jpg,clothes
garbage_classification\trash\trash224.jpg,trash
garbage_classification\shoes\shoes89.jpg,shoes
garbage_classification\metal\metal156.jpg,metal
garbage_classification\cardboard\cardboard71.jpg,cardboard
garbage_classification\clothes\clothes4126.jpg,clothes
garbage_classification\plastic\plastic778.jpg,plastic
garbage_classification\white-glass\white-glass86.jpg,white-glass
garbage_classification\clothes\clothes3677.jpg,clothes
garbage_classification\biological\biological512.jpg,biological
garbage_classification\cardboard\cardboard134.jpg,cardboard
garbage_classification\biological\biological220.jpg,biological
garbage_classification\clothes\clothes336.jpg,clothes
garbage_classification\clothes\clothes4965.jpg,clothes
garbage_classification\metal\metal25.jpg,metal
garbage_classification\shoes\shoes333.jpg,shoes
garbage_classification\clothes\clothes2420.jpg,clothes
garbage_classification\paper\paper311.jpg,paper
garbage_classification\trash\trash484.jpg,trash
garbage_classification\clothes\clothes2116.jpg,clothes
garbage_classification\clothes\clothes193.jpg,clothes
garbage_classification\green-glass\green-glass520.jpg,green-glass
garbage_classification\metal\metal48.jpg,metal
garbage_classification\clothes\clothes3009.jpg,clothes
garbage_classification\paper\paper1010.jpg,paper
garbage_classification\paper\paper35.jpg,paper
garbage_classification\clothes\clothes1645.jpg,clothes
garbage_classification\clothes\clothes3458.jpg,clothes
garbage_classification\paper\paper126.jpg,paper
garbage_classification\clothes\clothes3461.jpg,clothes
garbage_classification\shoes\shoes1504.jpg,shoes
garbage_classification\clothes\clothes2859.jpg,clothes
garbage_classification\battery\battery227.jpg,battery
garbage_classification\clothes\clothes2320.jpg,clothes
garbage_classification\biological\biological550.jpg,biological
garbage_classification\clothes\clothes2454.jpg,clothes
garbage_classification\clothes\clothes1104.jpg,clothes
garbage_classification\clothes\clothes4894.jpg,clothes
garbage_classification\cardboard\cardboard858.jpg,cardboard
garbage_classification\metal\metal144.jpg,metal
garbage_classification\shoes\shoes1359.jpg,shoes
garbage_classification\paper\paper4.jpg,paper
garbage_classification\shoes\shoes1373.jpg,shoes
garbage_classification\clothes\clothes1574.jpg,clothes
garbage_classification\paper\paper190.jpg,paper
garbage_classification\clothes\clothes4089.jpg,clothes
garbage_classification\metal\metal704.jpg,metal
garbage_classification\shoes\shoes297.jpg,shoes
garbage_classification\clothes\clothes2773.jpg,clothes
garbage_classification\clothes\clothes4582.jpg,clothes
garbage_classification\brown-glass\brown-glass122.jpg,brown-glass
garbage_classification\paper\paper225.jpg,paper
garbage_classification\paper\paper29.jpg,paper
garbage_classification\battery\battery739.jpg,battery
garbage_classification\clothes\clothes5088.jpg,clothes
garbage_classification\shoes\shoes929.jpg,shoes
garbage_classification\clothes\clothes2978.jpg,clothes
garbage_classification\clothes\clothes4024.jpg,clothes
garbage_classification\green-glass\green-glass99.jpg,green-glass
garbage_classification\trash\trash408.jpg,trash
garbage_classification\white-glass\white-glass156.jpg,white-glass
garbage_classification\shoes\shoes1110.jpg,shoes
garbage_classification\biological\biological315.jpg,biological
garbage_classification\clothes\clothes884.jpg,clothes
garbage_classification\biological\biological267.jpg,biological
garbage_classification\shoes\shoes866.jpg,shoes
garbage_classification\shoes\shoes1055.jpg,shoes
garbage_classification\clothes\clothes1779.jpg,clothes
garbage_classification\shoes\shoes449.jpg,shoes
garbage_classification\shoes\shoes972.jpg,shoes
garbage_classification\shoes\shoes173.jpg,shoes
garbage_classification\clothes\clothes705.jpg,clothes
garbage_classification\clothes\clothes3695.jpg,clothes
garbage_classification\metal\metal484.jpg,metal
garbage_classification\white-glass\white-glass676.jpg,white-glass
garbage_classification\plastic\plastic131.jpg,plastic
garbage_classification\battery\battery597.jpg,battery
garbage_classification\brown-glass\brown-glass497.jpg,brown-glass
garbage_classification\trash\trash377.jpg,trash
garbage_classification\shoes\shoes409.jpg,shoes
garbage_classification\clothes\clothes3925.jpg,clothes
garbage_classification\clothes\clothes3749.jpg,clothes
garbage_classification\clothes\clothes1329.jpg,clothes
garbage_classification\clothes\clothes305.jpg,clothes
garbage_classification\shoes\shoes225.jpg,shoes
garbage_classification\paper\paper281.jpg,paper
garbage_classification\clothes\clothes3066.jpg,clothes
garbage_classification\green-glass\green-glass477.jpg,green-glass
garbage_classification\plastic\plastic373.jpg,plastic
garbage_classification\shoes\shoes1861.jpg,shoes
garbage_classification\clothes\clothes3950.jpg,clothes
garbage_classification\shoes\shoes883.jpg,shoes
garbage_classification\clothes\clothes2681.jpg,clothes
garbage_classification\trash\trash164.jpg,trash
garbage_classification\brown-glass\brown-glass525.jpg,brown-glass
garbage_classification\clothes\clothes2028.jpg,clothes
garbage_classification\paper\paper512.jpg,paper
garbage_classification\clothes\clothes585.jpg,clothes
garbage_classification\shoes\shoes1072.jpg,shoes
garbage_classification\brown-glass\brown-glass193.jpg,brown-glass
garbage_classification\clothes\clothes1812.jpg,clothes
garbage_classification\biological\biological796.jpg,biological
garbage_classification\paper\paper489.jpg,paper
garbage_classification\paper\paper195.jpg,paper
garbage_classification\clothes\clothes3474.jpg,clothes
garbage_classification\paper\paper99.jpg,paper
garbage_classification\clothes\clothes2757.jpg,clothes
garbage_classification\clothes\clothes906.jpg,clothes
garbage_classification\clothes\clothes466.jpg,clothes
garbage_classification\metal\metal747.jpg,metal
garbage_classification\biological\biological37.jpg,biological
garbage_classification\white-glass\white-glass312.jpg,white-glass
garbage_classification\shoes\shoes1166.jpg,shoes
garbage_classification\shoes\shoes231.jpg,shoes
garbage_classification\clothes\clothes3683.jpg,clothes
garbage_classification\metal\metal139.jpg,metal
garbage_classification\clothes\clothes4570.jpg,clothes
garbage_classification\clothes\clothes1730.jpg,clothes
garbage_classification\green-glass\green-glass302.jpg,green-glass
garbage_classification\clothes\clothes9.jpg,clothes
garbage_classification\clothes\clothes4669.jpg,clothes
garbage_classification\clothes\clothes3574.jpg,clothes
garbage_classification\clothes\clothes2557.jpg,clothes
garbage_classification\clothes\clothes4058.jpg,clothes
garbage_classification\brown-glass\brown-glass455.jpg,brown-glass
garbage_classification\paper\paper97.jpg,paper
garbage_classification\battery\battery572.jpg,battery
garbage_classification\brown-glass\brown-glass108.jpg,brown-glass
garbage_classification\clothes\clothes421.jpg,clothes
garbage_classification\clothes\clothes2182.jpg,clothes
garbage_classification\shoes\shoes1354.jpg,shoes
garbage_classification\clothes\clothes3074.jpg,clothes
garbage_classification\clothes\clothes4340.jpg,clothes
garbage_classification\clothes\clothes3782.jpg,clothes
garbage_classification\green-glass\green-glass546.jpg,green-glass
garbage_classification\clothes\clothes239.jpg,clothes
garbage_classification\biological\biological753.jpg,biological
garbage_classification\plastic\plastic354.jpg,plastic
garbage_classification\clothes\clothes805.jpg,clothes
garbage_classification\metal\metal320.jpg,metal
garbage_classification\shoes\shoes1658.jpg,shoes
garbage_classification\green-glass\green-glass203.jpg,green-glass
garbage_classification\clothes\clothes2817.jpg,clothes
garbage_classification\clothes\clothes2734.jpg,clothes
garbage_classification\shoes\shoes1902.jpg,shoes
garbage_classification\shoes\shoes713.jpg,shoes
garbage_classification\shoes\shoes741.jpg,shoes
garbage_classification\metal\metal154.jpg,metal
garbage_classification\clothes\clothes623.jpg,clothes
garbage_classification\metal\metal745.jpg,metal
garbage_classification\trash\trash631.jpg,trash
garbage_classification\clothes\clothes3363.jpg,clothes
garbage_classification\shoes\shoes288.jpg,shoes
garbage_classification\brown-glass\brown-glass51.jpg,brown-glass
garbage_classification\clothes\clothes3615.jpg,clothes
garbage_classification\clothes\clothes1287.jpg,clothes
garbage_classification\clothes\clothes1286.jpg,clothes
garbage_classification\battery\battery635.jpg,battery
garbage_classification\clothes\clothes3092.jpg,clothes
garbage_classification\battery\battery893.jpg,battery
garbage_classification\plastic\plastic276.jpg,plastic
garbage_classification\white-glass\white-glass296.jpg,white-glass
garbage_classification\trash\trash283.jpg,trash
garbage_classification\paper\paper715.jpg,paper
garbage_classification\shoes\shoes752.jpg,shoes
garbage_classification\green-glass\green-glass283.jpg,green-glass
garbage_classification\brown-glass\brown-glass439.jpg,brown-glass
garbage_classification\shoes\shoes537.jpg,shoes
garbage_classification\plastic\plastic393.jpg,plastic
garbage_classification\battery\battery581.jpg,battery
garbage_classification\clothes\clothes5214.jpg,clothes
garbage_classification\metal\metal735.jpg,metal
garbage_classification\white-glass\white-glass434.jpg,white-glass
garbage_classification\shoes\shoes491.jpg,shoes
garbage_classification\clothes\clothes1924.jpg,clothes
garbage_classification\white-glass\white-glass588.jpg,white-glass
garbage_classification\biological\biological556.jpg,biological
garbage_classification\battery\battery502.jpg,battery
garbage_classification\trash\trash530.jpg,trash
garbage_classification\clothes\clothes1571.jpg,clothes
garbage_classification\cardboard\cardboard581.jpg,cardboard
garbage_classification\paper\paper285.jpg,paper
garbage_classification\shoes\shoes959.jpg,shoes
garbage_classification\metal\metal674.jpg,metal
garbage_classification\clothes\clothes4323.jpg,clothes
garbage_classification\clothes\clothes640.jpg,clothes
garbage_classification\cardboard\cardboard49.jpg,cardboard
garbage_classification\paper\paper582.jpg,paper
garbage_classification\green-glass\green-glass76.jpg,green-glass
garbage_classification\shoes\shoes1667.jpg,shoes
garbage_classification\shoes\shoes1164.jpg,shoes
garbage_classification\clothes\clothes3753.jpg,clothes
garbage_classification\clothes\clothes2579.jpg,clothes
garbage_classification\clothes\clothes1832.jpg,clothes
garbage_classification\green-glass\green-glass346.jpg,green-glass
garbage_classification\shoes\shoes557.jpg,shoes
garbage_classification\clothes\clothes1955.jpg,clothes
garbage_classification\biological\biological955.jpg,biological
garbage_classification\shoes\shoes1408.jpg,shoes
garbage_classification\clothes\clothes1033.jpg,clothes
garbage_classification\clothes\clothes1177.jpg,clothes
garbage_classification\clothes\clothes209.jpg,clothes
garbage_classification\plastic\plastic493.jpg,plastic
garbage_classification\shoes\shoes1746.jpg,shoes
garbage_classification\clothes\clothes1194.jpg,clothes
garbage_classification\clothes\clothes595.jpg,clothes
garbage_classification\clothes\clothes4611.jpg,clothes
garbage_classification\paper\paper832.jpg,paper
garbage_classification\shoes\shoes504.jpg,shoes
garbage_classification\plastic\plastic633.jpg,plastic
garbage_classification\white-glass\white-glass511.jpg,white-glass
garbage_classification\cardboard\cardboard755.jpg,cardboard
garbage_classification\clothes\clothes2131.jpg,clothes
garbage_classification\biological\biological156.jpg,biological
garbage_classification\trash\trash72.jpg,trash
garbage_classification\shoes\shoes1830.jpg,shoes
garbage_classification\clothes\clothes2360.jpg,clothes
garbage_classification\battery\battery116.jpg,battery
garbage_classification\clothes\clothes4187.jpg,clothes
garbage_classification\metal\metal558.jpg,metal
garbage_classification\clothes\clothes166.jpg,clothes
garbage_classification\clothes\clothes3099.jpg,clothes
garbage_classification\trash\trash671.jpg,trash
garbage_classification\plastic\plastic279.jpg,plastic
garbage_classification\green-glass\green-glass235.jpg,green-glass
garbage_classification\metal\metal153.jpg,metal
garbage_classification\paper\paper570.jpg,paper
garbage_classification\clothes\clothes3351.jpg,clothes
garbage_classification\clothes\clothes3758.jpg,clothes
garbage_classification\paper\paper623.jpg,paper
garbage_classification\clothes\clothes546.jpg,clothes
garbage_classification\clothes\clothes4191.jpg,clothes
garbage_classification\clothes\clothes4903.jpg,clothes
garbage_classification\clothes\clothes2850.jpg,clothes
garbage_classification\green-glass\green-glass469.jpg,green-glass
garbage_classification\shoes\shoes1074.jpg,shoes
garbage_classification\trash\trash404.jpg,trash
garbage_classification\metal\metal458.jpg,metal
garbage_classification\battery\battery92.jpg,battery
garbage_classification\paper\paper563.jpg,paper
garbage_classification\clothes\clothes1270.jpg,clothes
garbage_classification\clothes\clothes3586.jpg,clothes
garbage_classification\metal\metal435.jpg,metal
garbage_classification\shoes\shoes1778.jpg,shoes
garbage_classification\biological\biological587.jpg,biological
garbage_classification\brown-glass\brown-glass231.jpg,brown-glass
garbage_classification\biological\biological665.jpg,biological
garbage_classification\metal\metal542.jpg,metal
garbage_classification\cardboard\cardboard845.jpg,cardboard
garbage_classification\white-glass\white-glass762.jpg,white-glass
garbage_classification\clothes\clothes2735.jpg,clothes
garbage_classification\clothes\clothes1622.jpg,clothes
garbage_classification\trash\trash668.jpg,trash
garbage_classification\clothes\clothes1764.jpg,clothes
garbage_classification\shoes\shoes1103.jpg,shoes
garbage_classification\paper\paper10.jpg,paper
garbage_classification\shoes\shoes1263.jpg,shoes
garbage_classification\clothes\clothes4320.jpg,clothes
garbage_classification\clothes\clothes3202.jpg,clothes
garbage_classification\shoes\shoes1589.jpg,shoes
garbage_classification\paper\paper449.jpg,paper
garbage_classification\shoes\shoes40.jpg,shoes
garbage_classification\trash\trash616.jpg,trash
garbage_classification\trash\trash593.jpg,trash
garbage_classification\clothes\clothes875.jpg,clothes
garbage_classification\plastic\plastic273.jpg,plastic
garbage_classification\shoes\shoes1905.jpg,shoes
garbage_classification\shoes\shoes724.jpg,shoes
garbage_classification\clothes\clothes1775.jpg,clothes
garbage_classification\clothes\clothes3936.jpg,clothes
garbage_classification\cardboard\cardboard883.jpg,cardboard
garbage_classification\clothes\clothes3482.jpg,clothes
garbage_classification\shoes\shoes1860.jpg,shoes
garbage_classification\plastic\plastic775.jpg,plastic
garbage_classification\metal\metal732.jpg,metal
garbage_classification\clothes\clothes849.jpg,clothes
garbage_classification\plastic\plastic674.jpg,plastic
garbage_classification\clothes\clothes3196.jpg,clothes
garbage_classification\metal\metal612.jpg,metal
garbage_classification\battery\battery95.jpg,battery
garbage_classification\paper\paper663.jpg,paper
garbage_classification\shoes\shoes1252.jpg,shoes
garbage_classification\biological\biological167.jpg,biological
garbage_classification\clothes\clothes2510.jpg,clothes
garbage_classification\cardboard\cardboard635.jpg,cardboard
garbage_classification\clothes\clothes3757.jpg,clothes
garbage_classification\brown-glass\brown-glass344.jpg,brown-glass
garbage_classification\paper\paper1014.jpg,paper
garbage_classification\clothes\clothes3742.jpg,clothes
garbage_classification\clothes\clothes519.jpg,clothes
garbage_classification\trash\trash590.jpg,trash
garbage_classification\clothes\clothes4480.jpg,clothes
garbage_classification\biological\biological414.jpg,biological
garbage_classification\plastic\plastic861.jpg,plastic
garbage_classification\plastic\plastic135.jpg,plastic
garbage_classification\green-glass\green-glass115.jpg,green-glass
garbage_classification\cardboard\cardboard596.jpg,cardboard
garbage_classification\paper\paper427.jpg,paper
garbage_classification\trash\trash152.jpg,trash
garbage_classification\white-glass\white-glass432.jpg,white-glass
garbage_classification\shoes\shoes853.jpg,shoes
garbage_classification\biological\biological943.jpg,biological
garbage_classification\clothes\clothes2652.jpg,clothes
garbage_classification\green-glass\green-glass435.jpg,green-glass
garbage_classification\shoes\shoes1124.jpg,shoes
garbage_classification\trash\trash559.jpg,trash
garbage_classification\metal\metal290.jpg,metal
garbage_classification\shoes\shoes1947.jpg,shoes
garbage_classification\cardboard\cardboard371.jpg,cardboard
garbage_classification\trash\trash1.jpg,trash
garbage_classification\clothes\clothes622.jpg,clothes
garbage_classification\clothes\clothes1468.jpg,clothes
garbage_classification\shoes\shoes1108.jpg,shoes
garbage_classification\paper\paper897.jpg,paper
garbage_classification\cardboard\cardboard374.jpg,cardboard
garbage_classification\battery\battery309.jpg,battery
garbage_classification\shoes\shoes473.jpg,shoes
garbage_classification\clothes\clothes533.jpg,clothes
garbage_classification\paper\paper410.jpg,paper
garbage_classification\clothes\clothes4364.jpg,clothes
garbage_classification\clothes\clothes2203.jpg,clothes
garbage_classification\green-glass\green-glass414.jpg,green-glass
garbage_classification\cardboard\cardboard201.jpg,cardboard
garbage_classification\clothes\clothes3505.jpg,clothes
garbage_classification\white-glass\white-glass227.jpg,white-glass
garbage_classification\clothes\clothes3551.jpg,clothes
garbage_classification\shoes\shoes1873.jpg,shoes
garbage_classification\paper\paper148.jpg,paper
garbage_classification\metal\metal162.jpg,metal
garbage_classification\battery\battery873.jpg,battery
garbage_classification\trash\trash448.jpg,trash
garbage_classification\battery\battery740.jpg,battery
garbage_classification\biological\biological618.jpg,biological
garbage_classification\metal\metal592.jpg,metal
garbage_classification\clothes\clothes669.jpg,clothes
garbage_classification\trash\trash31.jpg,trash
garbage_classification\battery\battery501.jpg,battery
garbage_classification\clothes\clothes2534.jpg,clothes
garbage_classification\clothes\clothes2601.jpg,clothes
garbage_classification\biological\biological338.jpg,biological
garbage_classification\battery\battery419.jpg,battery
garbage_classification\cardboard\cardboard764.jpg,cardboard
garbage_classification\biological\biological979.jpg,biological
garbage_classification\clothes\clothes2785.jpg,clothes
garbage_classification\shoes\shoes1514.jpg,shoes
garbage_classification\clothes\clothes525.jpg,clothes
garbage_classification\green-glass\green-glass121.jpg,green-glass
garbage_classification\trash\trash656.jpg,trash
garbage_classification\white-glass\white-glass267.jpg,white-glass
garbage_classification\biological\biological608.jpg,biological
garbage_classification\brown-glass\brown-glass321.jpg,brown-glass
garbage_classification\clothes\clothes3450.jpg,clothes
garbage_classification\trash\trash328.jpg,trash
garbage_classification\cardboard\cardboard130.jpg,cardboard
garbage_classification\biological\biological280.jpg,biological
garbage_classification\clothes\clothes115.jpg,clothes
garbage_classification\clothes\clothes1498.jpg,clothes
garbage_classification\plastic\plastic678.jpg,plastic
garbage_classification\paper\paper855.jpg,paper
garbage_classification\battery\battery876.jpg,battery
garbage_classification\battery\battery218.jpg,battery
garbage_classification\shoes\shoes1679.jpg,shoes
garbage_classification\battery\battery748.jpg,battery
garbage_classification\biological\biological676.jpg,biological
garbage_classification\trash\trash613.jpg,trash
garbage_classification\clothes\clothes636.jpg,clothes
garbage_classification\clothes\clothes4824.jpg,clothes
garbage_classification\shoes\shoes651.jpg,shoes
garbage_classification\shoes\shoes1248.jpg,shoes
garbage_classification\cardboard\cardboard357.jpg,cardboard
garbage_classification\clothes\clothes2073.jpg,clothes
garbage_classification\clothes\clothes927.jpg,clothes
garbage_classification\shoes\shoes533.jpg,shoes
garbage_classification\paper\paper847.jpg,paper
garbage_classification\cardboard\cardboard841.jpg,cardboard
garbage_classification\paper\paper24.jpg,paper
garbage_classification\battery\battery401.jpg,battery
garbage_classification\green-glass\green-glass474.jpg,green-glass
garbage_classification\metal\metal179.jpg,metal
garbage_classification\shoes\shoes1701.jpg,shoes
garbage_classification\clothes\clothes4392.jpg,clothes
garbage_classification\biological\biological148.jpg,biological
garbage_classification\clothes\clothes3222.jpg,clothes
garbage_classification\battery\battery49.jpg,battery
garbage_classification\clothes\clothes1897.jpg,clothes
garbage_classification\clothes\clothes1656.jpg,clothes
garbage_classification\cardboard\cardboard212.jpg,cardboard
garbage_classification\clothes\clothes4650.jpg,clothes
garbage_classification\clothes\clothes2191.jpg,clothes
garbage_classification\clothes\clothes4616.jpg,clothes
garbage_classification\cardboard\cardboard859.jpg,cardboard
garbage_classification\battery\battery360.jpg,battery
garbage_classification\plastic\plastic223.jpg,plastic
garbage_classification\cardboard\cardboard369.jpg,cardboard
garbage_classification\clothes\clothes2562.jpg,clothes
garbage_classification\biological\biological839.jpg,biological
garbage_classification\paper\paper138.jpg,paper
garbage_classification\paper\paper929.jpg,paper
garbage_classification\cardboard\cardboard159.jpg,cardboard
garbage_classification\clothes\clothes2081.jpg,clothes
garbage_classification\trash\trash252.jpg,trash
garbage_classification\shoes\shoes747.jpg,shoes
garbage_classification\shoes\shoes476.jpg,shoes
garbage_classification\clothes\clothes754.jpg,clothes
garbage_classification\shoes\shoes47.jpg,shoes
garbage_classification\clothes\clothes2170.jpg,clothes
garbage_classification\clothes\clothes2885.jpg,clothes
garbage_classification\clothes\clothes4355.jpg,clothes
garbage_classification\clothes\clothes4955.jpg,clothes
garbage_classification\shoes\shoes235.jpg,shoes
garbage_classification\shoes\shoes1546.jpg,shoes
garbage_classification\clothes\clothes22.jpg,clothes
garbage_classification\biological\biological540.jpg,biological
garbage_classification\cardboard\cardboard633.jpg,cardboard
garbage_classification\green-glass\green-glass300.jpg,green-glass
garbage_classification\clothes\clothes2574.jpg,clothes
garbage_classification\paper\paper338.jpg,paper
garbage_classification\plastic\plastic802.jpg,plastic
garbage_classification\battery\battery322.jpg,battery
garbage_classification\clothes\clothes1487.jpg,clothes
garbage_classification\clothes\clothes1725.jpg,clothes
garbage_classification\shoes\shoes19.jpg,shoes
garbage_classification\brown-glass\brown-glass469.jpg,brown-glass
garbage_classification\biological\biological509.jpg,biological
garbage_classification\shoes\shoes1939.jpg,shoes
garbage_classification\plastic\plastic669.jpg,plastic
garbage_classification\metal\metal638.jpg,metal
garbage_classification\paper\paper918.jpg,paper
garbage_classification\clothes\clothes3422.jpg,clothes
garbage_classification\shoes\shoes355.jpg,shoes
garbage_classification\clothes\clothes3395.jpg,clothes
garbage_classification\clothes\clothes1403.jpg,clothes
garbage_classification\shoes\shoes1249.jpg,shoes
garbage_classification\battery\battery61.jpg,battery
garbage_classification\shoes\shoes609.jpg,shoes
garbage_classification\cardboard\cardboard473.jpg,cardboard
garbage_classification\clothes\clothes3699.jpg,clothes
garbage_classification\clothes\clothes2257.jpg,clothes
garbage_classification\trash\trash113.jpg,trash
garbage_classification\clothes\clothes3018.jpg,clothes
garbage_classification\clothes\clothes4891.jpg,clothes
garbage_classification\green-glass\green-glass193.jpg,green-glass
garbage_classification\clothes\clothes4170.jpg,clothes
garbage_classification\clothes\clothes504.jpg,clothes
garbage_classification\paper\paper551.jpg,paper
garbage_classification\green-glass\green-glass6.jpg,green-glass
garbage_classification\cardboard\cardboard323.jpg,cardboard
garbage_classification\brown-glass\brown-glass396.jpg,brown-glass
garbage_classification\clothes\clothes308.jpg,clothes
garbage_classification\white-glass\white-glass287.jpg,white-glass
garbage_classification\clothes\clothes368.jpg,clothes
garbage_classification\battery\battery298.jpg,battery
garbage_classification\shoes\shoes707.jpg,shoes
garbage_classification\paper\paper226.jpg,paper
garbage_classification\battery\battery273.jpg,battery
garbage_classification\clothes\clothes244.jpg,clothes
garbage_classification\metal\metal34.jpg,metal
garbage_classification\biological\biological954.jpg,biological
garbage_classification\clothes\clothes1961.jpg,clothes
garbage_classification\clothes\clothes96.jpg,clothes
garbage_classification\biological\biological760.jpg,biological
garbage_classification\metal\metal501.jpg,metal
garbage_classification\battery\battery338.jpg,battery
garbage_classification\cardboard\cardboard406.jpg,cardboard
garbage_classification\plastic\plastic224.jpg,plastic
garbage_classification\clothes\clothes3938.jpg,clothes
garbage_classification\biological\biological870.jpg,biological
garbage_classification\clothes\clothes82.jpg,clothes
garbage_classification\trash\trash182.jpg,trash
garbage_classification\metal\metal164.jpg,metal
garbage_classification\biological\biological259.jpg,biological
garbage_classification\metal\metal104.jpg,metal
garbage_classification\metal\metal565.jpg,metal
garbage_classification\clothes\clothes203.jpg,clothes
garbage_classification\clothes\clothes373.jpg,clothes
garbage_classification\green-glass\green-glass466.jpg,green-glass
garbage_classification\paper\paper202.jpg,paper
garbage_classification\clothes\clothes2363.jpg,clothes
garbage_classification\metal\metal204.jpg,metal
garbage_classification\clothes\clothes694.jpg,clothes
garbage_classification\shoes\shoes1155.jpg,shoes
garbage_classification\clothes\clothes4232.jpg,clothes
garbage_classification\clothes\clothes4498.jpg,clothes
garbage_classification\paper\paper1000.jpg,paper
garbage_classification\metal\metal333.jpg,metal
garbage_classification\white-glass\white-glass6.jpg,white-glass
garbage_classification\clothes\clothes5103.jpg,clothes
garbage_classification\white-glass\white-glass677.jpg,white-glass
garbage_classification\shoes\shoes1611.jpg,shoes
garbage_classification\plastic\plastic150.jpg,plastic
garbage_classification\paper\paper916.jpg,paper
garbage_classification\plastic\plastic458.jpg,plastic
garbage_classification\clothes\clothes2620.jpg,clothes
garbage_classification\clothes\clothes3311.jpg,clothes
garbage_classification\metal\metal233.jpg,metal
garbage_classification\trash\trash462.jpg,trash
garbage_classification\clothes\clothes2445.jpg,clothes
garbage_classification\biological\biological517.jpg,biological
garbage_classification\shoes\shoes1586.jpg,shoes
garbage_classification\brown-glass\brown-glass320.jpg,brown-glass
garbage_classification\biological\biological694.jpg,biological
garbage_classification\clothes\clothes136.jpg,clothes
garbage_classification\shoes\shoes1935.jpg,shoes
garbage_classification\shoes\shoes300.jpg,shoes
garbage_classification\clothes\clothes3049.jpg,clothes
garbage_classification\battery\battery911.jpg,battery
garbage_classification\biological\biological623.jpg,biological
garbage_classification\clothes\clothes3243.jpg,clothes
garbage_classification\white-glass\white-glass667.jpg,white-glass
garbage_classification\clothes\clothes573.jpg,clothes
garbage_classification\shoes\shoes1678.jpg,shoes
garbage_classification\shoes\shoes1824.jpg,shoes
garbage_classification\paper\paper286.jpg,paper
garbage_classification\clothes\clothes206.jpg,clothes
garbage_classification\biological\biological375.jpg,biological
garbage_classification\clothes\clothes278.jpg,clothes
garbage_classification\clothes\clothes2728.jpg,clothes
garbage_classification\shoes\shoes1399.jpg,shoes
garbage_classification\clothes\clothes1851.jpg,clothes
garbage_classification\clothes\clothes1753.jpg,clothes
garbage_classification\shoes\shoes1148.jpg,shoes
garbage_classification\metal\metal676.jpg,metal
garbage_classification\shoes\shoes1859.jpg,shoes
garbage_classification\shoes\shoes463.jpg,shoes
garbage_classification\clothes\clothes4922.jpg,clothes
garbage_classification\brown-glass\brown-glass342.jpg,brown-glass
garbage_classification\plastic\plastic595.jpg,plastic
garbage_classification\paper\paper720.jpg,paper
garbage_classification\clothes\clothes879.jpg,clothes
garbage_classification\shoes\shoes658.jpg,shoes
garbage_classification\green-glass\green-glass539.jpg,green-glass
garbage_classification\shoes\shoes1313.jpg,shoes
garbage_classification\biological\biological561.jpg,biological
garbage_classification\clothes\clothes267.jpg,clothes
garbage_classification\clothes\clothes2022.jpg,clothes
garbage_classification\biological\biological941.jpg,biological
garbage_classification\clothes\clothes2299.jpg,clothes
garbage_classification\battery\battery5.jpg,battery
garbage_classification\clothes\clothes4626.jpg,clothes
garbage_classification\clothes\clothes2066.jpg,clothes
garbage_classification\clothes\clothes950.jpg,clothes
garbage_classification\clothes\clothes1712.jpg,clothes
garbage_classification\cardboard\cardboard487.jpg,cardboard
garbage_classification\clothes\clothes5144.jpg,clothes
garbage_classification\metal\metal453.jpg,metal
garbage_classification\metal\metal385.jpg,metal
garbage_classification\cardboard\cardboard300.jpg,cardboard
garbage_classification\green-glass\green-glass553.jpg,green-glass
garbage_classification\clothes\clothes116.jpg,clothes
garbage_classification\white-glass\white-glass636.jpg,white-glass
garbage_classification\clothes\clothes1865.jpg,clothes
garbage_classification\shoes\shoes1364.jpg,shoes
garbage_classification\clothes\clothes85.jpg,clothes
garbage_classification\shoes\shoes555.jpg,shoes
garbage_classification\green-glass\green-glass339.jpg,green-glass
garbage_classification\shoes\shoes1001.jpg,shoes
garbage_classification\shoes\shoes1318.jpg,shoes
garbage_classification\clothes\clothes4773.jpg,clothes
garbage_classification\brown-glass\brown-glass173.jpg,brown-glass
garbage_classification\shoes\shoes484.jpg,shoes
garbage_classification\biological\biological842.jpg,biological
garbage_classification\clothes\clothes2508.jpg,clothes
garbage_classification\clothes\clothes1802.jpg,clothes
garbage_classification\metal\metal652.jpg,metal
garbage_classification\plastic\plastic386.jpg,plastic
garbage_classification\clothes\clothes6.jpg,clothes
garbage_classification\trash\trash36.jpg,trash
garbage_classification\paper\paper1024.jpg,paper
garbage_classification\trash\trash112.jpg,trash
garbage_classification\cardboard\cardboard752.jpg,cardboard
garbage_classification\shoes\shoes711.jpg,shoes
garbage_classification\clothes\clothes1769.jpg,clothes
garbage_classification\trash\trash636.jpg,trash
garbage_classification\clothes\clothes2613.jpg,clothes
garbage_classification\clothes\clothes4666.jpg,clothes
garbage_classification\clothes\clothes4163.jpg,clothes
garbage_classification\trash\trash464.jpg,trash
garbage_classification\battery\battery872.jpg,battery
garbage_classification\white-glass\white-glass489.jpg,white-glass
garbage_classification\battery\battery276.jpg,battery
garbage_classification\clothes\clothes2810.jpg,clothes
garbage_classification\clothes\clothes4509.jpg,clothes
garbage_classification\shoes\shoes52.jpg,shoes
garbage_classification\shoes\shoes1026.jpg,shoes
garbage_classification\shoes\shoes1810.jpg,shoes
garbage_classification\green-glass\green-glass559.jpg,green-glass
garbage_classification\clothes\clothes3248.jpg,clothes
garbage_classification\shoes\shoes540.jpg,shoes
garbage_classification\brown-glass\brown-glass422.jpg,brown-glass
garbage_classification\white-glass\white-glass686.jpg,white-glass
garbage_classification\clothes\clothes1344.jpg,clothes
garbage_classification\shoes\shoes383.jpg,shoes
garbage_classification\clothes\clothes5028.jpg,clothes
garbage_classification\white-glass\white-glass575.jpg,white-glass
garbage_classification\clothes\clothes4394.jpg,clothes
garbage_classification\green-glass\green-glass250.jpg,green-glass
garbage_classification\green-glass\green-glass605.jpg,green-glass
garbage_classification\paper\paper622.jpg,paper
garbage_classification\metal\metal250.jpg,metal
garbage_classification\clothes\clothes4856.jpg,clothes
garbage_classification\cardboard\cardboard563.jpg,cardboard
garbage_classification\biological\biological542.jpg,biological
garbage_classification\green-glass\green-glass388.jpg,green-glass
garbage_classification\trash\trash247.jpg,trash
garbage_classification\white-glass\white-glass445.jpg,white-glass
garbage_classification\clothes\clothes2807.jpg,clothes
garbage_classification\cardboard\cardboard234.jpg,cardboard
garbage_classification\clothes\clothes3012.jpg,clothes
garbage_classification\white-glass\white-glass664.jpg,white-glass
garbage_classification\metal\metal538.jpg,metal
garbage_classification\shoes\shoes1674.jpg,shoes
garbage_classification\clothes\clothes2547.jpg,clothes
garbage_classification\clothes\clothes1224.jpg,clothes
garbage_classification\paper\paper296.jpg,paper
garbage_classification\plastic\plastic347.jpg,plastic
garbage_classification\brown-glass\brown-glass124.jpg,brown-glass
garbage_classification\clothes\clothes4124.jpg,clothes
garbage_classification\trash\trash78.jpg,trash
garbage_classification\shoes\shoes623.jpg,shoes
garbage_classification\shoes\shoes384.jpg,shoes
garbage_classification\biological\biological825.jpg,biological
garbage_classification\cardboard\cardboard860.jpg,cardboard
garbage_classification\shoes\shoes1827.jpg,shoes
garbage_classification\clothes\clothes4865.jpg,clothes
garbage_classification\cardboard\cardboard774.jpg,cardboard
garbage_classification\paper\paper675.jpg,paper
garbage_classification\clothes\clothes954.jpg,clothes
garbage_classification\paper\paper12.jpg,paper
garbage_classification\clothes\clothes1661.jpg,clothes
garbage_classification\cardboard\cardboard621.jpg,cardboard
garbage_classification\trash\trash92.jpg,trash
garbage_classification\battery\battery378.jpg,battery
garbage_classification\white-glass\white-glass546.jpg,white-glass
garbage_classification\clothes\clothes4516.jpg,clothes
garbage_classification\clothes\clothes3289.jpg,clothes
garbage_classification\biological\biological170.jpg,biological
garbage_classification\battery\battery387.jpg,battery
garbage_classification\clothes\clothes972.jpg,clothes
garbage_classification\trash\trash398.jpg,trash
garbage_classification\metal\metal191.jpg,metal
garbage_classification\clothes\clothes593.jpg,clothes
garbage_classification\clothes\clothes3462.jpg,clothes
garbage_classification\paper\paper291.jpg,paper
garbage_classification\brown-glass\brown-glass150.jpg,brown-glass
garbage_classification\cardboard\cardboard317.jpg,cardboard
garbage_classification\clothes\clothes172.jpg,clothes
garbage_classification\metal\metal318.jpg,metal
garbage_classification\clothes\clothes7.jpg,clothes
garbage_classification\shoes\shoes441.jpg,shoes
garbage_classification\clothes\clothes275.jpg,clothes
garbage_classification\biological\biological584.jpg,biological
garbage_classification\clothes\clothes3392.jpg,clothes
garbage_classification\cardboard\cardboard846.jpg,cardboard
garbage_classification\biological\biological356.jpg,biological
garbage_classification\clothes\clothes3611.jpg,clothes
garbage_classification\biological\biological342.jpg,biological
garbage_classification\biological\biological802.jpg,biological
garbage_classification\clothes\clothes1237.jpg,clothes
garbage_classification\plastic\plastic588.jpg,plastic
garbage_classification\clothes\clothes45.jpg,clothes
garbage_classification\metal\metal293.jpg,metal
garbage_classification\clothes\clothes4751.jpg,clothes
garbage_classification\clothes\clothes1862.jpg,clothes
garbage_classification\shoes\shoes151.jpg,shoes
garbage_classification\shoes\shoes785.jpg,shoes
garbage_classification\clothes\clothes3053.jpg,clothes
garbage_classification\clothes\clothes1604.jpg,clothes
garbage_classification\metal\metal415.jpg,metal
garbage_classification\white-glass\white-glass14.jpg,white-glass
garbage_classification\green-glass\green-glass56.jpg,green-glass
garbage_classification\trash\trash585.jpg,trash
garbage_classification\trash\trash508.jpg,trash
garbage_classification\white-glass\white-glass514.jpg,white-glass
garbage_classification\clothes\clothes3059.jpg,clothes
garbage_classification\shoes\shoes389.jpg,shoes
garbage_classification\cardboard\cardboard877.jpg,cardboard
garbage_classification\green-glass\green-glass596.jpg,green-glass
garbage_classification\biological\biological709.jpg,biological
garbage_classification\shoes\shoes1382.jpg,shoes
garbage_classification\battery\battery832.jpg,battery
garbage_classification\white-glass\white-glass29.jpg,white-glass
garbage_classification\biological\biological159.jpg,biological
garbage_classification\battery\battery655.jpg,battery
garbage_classification\brown-glass\brown-glass382.jpg,brown-glass
garbage_classification\paper\paper331.jpg,paper
garbage_classification\shoes\shoes730.jpg,shoes
garbage_classification\clothes\clothes3813.jpg,clothes
garbage_classification\clothes\clothes2088.jpg,clothes
garbage_classification\cardboard\cardboard359.jpg,cardboard
garbage_classification\cardboard\cardboard418.jpg,cardboard
garbage_classification\biological\biological445.jpg,biological
garbage_classification\shoes\shoes330.jpg,shoes
garbage_classification\white-glass\white-glass303.jpg,white-glass
garbage_classification\shoes\shoes1231.jpg,shoes
garbage_classification\paper\paper256.jpg,paper
garbage_classification\shoes\shoes1491.jpg,shoes
garbage_classification\clothes\clothes1458.jpg,clothes
garbage_classification\clothes\clothes3571.jpg,clothes
garbage_classification\clothes\clothes949.jpg,clothes
garbage_classification\clothes\clothes2521.jpg,clothes
garbage_classification\clothes\clothes1609.jpg,clothes
garbage_classification\white-glass\white-glass223.jpg,white-glass
garbage_classification\clothes\clothes4254.jpg,clothes
garbage_classification\plastic\plastic314.jpg,plastic
garbage_classification\cardboard\cardboard786.jpg,cardboard
garbage_classification\white-glass\white-glass64.jpg,white-glass
garbage_classification\plastic\plastic846.jpg,plastic
garbage_classification\biological\biological574.jpg,biological
garbage_classification\clothes\clothes3037.jpg,clothes
garbage_classification\cardboard\cardboard474.jpg,cardboard
garbage_classification\shoes\shoes1067.jpg,shoes
garbage_classification\shoes\shoes237.jpg,shoes
garbage_classification\biological\biological543.jpg,biological
garbage_classification\battery\battery690.jpg,battery
garbage_classification\clothes\clothes60.jpg,clothes
garbage_classification\clothes\clothes3279.jpg,clothes
garbage_classification\shoes\shoes840.jpg,shoes
garbage_classification\clothes\clothes4098.jpg,clothes
garbage_classification\metal\metal402.jpg,metal
garbage_classification\clothes\clothes4123.jpg,clothes
garbage_classification\trash\trash367.jpg,trash
garbage_classification\biological\biological51.jpg,biological
garbage_classification\cardboard\cardboard361.jpg,cardboard
garbage_classification\trash\trash556.jpg,trash
garbage_classification\clothes\clothes3920.jpg,clothes
garbage_classification\plastic\plastic479.jpg,plastic
garbage_classification\trash\trash606.jpg,trash
garbage_classification\brown-glass\brown-glass351.jpg,brown-glass
garbage_classification\clothes\clothes1482.jpg,clothes
garbage_classification\clothes\clothes2117.jpg,clothes
garbage_classification\clothes\clothes5200.jpg,clothes
garbage_classification\clothes\clothes1965.jpg,clothes
garbage_classification\shoes\shoes1288.jpg,shoes
garbage_classification\biological\biological953.jpg,biological
garbage_classification\trash\trash211.jpg,trash
garbage_classification\brown-glass\brown-glass537.jpg,brown-glass
garbage_classification\clothes\clothes4875.jpg,clothes
garbage_classification\paper\paper385.jpg,paper
garbage_classification\clothes\clothes4560.jpg,clothes
garbage_classification\clothes\clothes4852.jpg,clothes
garbage_classification\clothes\clothes1595.jpg,clothes
garbage_classification\clothes\clothes4129.jpg,clothes
garbage_classification\biological\biological533.jpg,biological
garbage_classification\white-glass\white-glass614.jpg,white-glass
garbage_classification\clothes\clothes3024.jpg,clothes
garbage_classification\clothes\clothes4222.jpg,clothes
garbage_classification\shoes\shoes505.jpg,shoes
garbage_classification\white-glass\white-glass118.jpg,white-glass
garbage_classification\battery\battery507.jpg,battery
garbage_classification\biological\biological862.jpg,biological
garbage_classification\clothes\clothes3725.jpg,clothes
garbage_classification\paper\paper999.jpg,paper
garbage_classification\biological\biological314.jpg,biological
garbage_classification\clothes\clothes4003.jpg,clothes
garbage_classification\shoes\shoes781.jpg,shoes
garbage_classification\clothes\clothes2829.jpg,clothes
garbage_classification\biological\biological240.jpg,biological
garbage_classification\shoes\shoes564.jpg,shoes
garbage_classification\paper\paper824.jpg,paper
garbage_classification\clothes\clothes650.jpg,clothes
garbage_classification\shoes\shoes1932.jpg,shoes
garbage_classification\green-glass\green-glass179.jpg,green-glass
garbage_classification\paper\paper660.jpg,paper
garbage_classification\clothes\clothes5234.jpg,clothes
garbage_classification\cardboard\cardboard746.jpg,cardboard
garbage_classification\shoes\shoes342.jpg,shoes
garbage_classification\clothes\clothes3087.jpg,clothes
garbage_classification\clothes\clothes2497.jpg,clothes
garbage_classification\shoes\shoes455.jpg,shoes
garbage_classification\paper\paper363.jpg,paper
garbage_classification\shoes\shoes110.jpg,shoes
garbage_classification\clothes\clothes1281.jpg,clothes
garbage_classification\metal\metal38.jpg,metal
garbage_classification\biological\biological435.jpg,biological
garbage_classification\biological\biological100.jpg,biological
garbage_classification\cardboard\cardboard296.jpg,cardboard
garbage_classification\clothes\clothes4193.jpg,clothes
garbage_classification\plastic\plastic792.jpg,plastic
garbage_classification\biological\biological256.jpg,biological
garbage_classification\clothes\clothes3691.jpg,clothes
garbage_classification\clothes\clothes153.jpg,clothes
garbage_classification\clothes\clothes477.jpg,clothes
garbage_classification\metal\metal306.jpg,metal
garbage_classification\clothes\clothes3483.jpg,clothes
garbage_classification\clothes\clothes2345.jpg,clothes
garbage_classification\battery\battery258.jpg,battery
garbage_classification\shoes\shoes1934.jpg,shoes
garbage_classification\battery\battery734.jpg,battery
garbage_classification\battery\battery837.jpg,battery
garbage_classification\shoes\shoes138.jpg,shoes
garbage_classification\shoes\shoes352.jpg,shoes
garbage_classification\biological\biological814.jpg,biological
garbage_classification\green-glass\green-glass114.jpg,green-glass
garbage_classification\biological\biological502.jpg,biological
garbage_classification\clothes\clothes2178.jpg,clothes
garbage_classification\shoes\shoes22.jpg,shoes
garbage_classification\battery\battery113.jpg,battery
garbage_classification\paper\paper280.jpg,paper
garbage_classification\cardboard\cardboard260.jpg,cardboard
garbage_classification\cardboard\cardboard835.jpg,cardboard
garbage_classification\metal\metal33.jpg,metal
garbage_classification\clothes\clothes4916.jpg,clothes
garbage_classification\plastic\plastic450.jpg,plastic
garbage_classification\plastic\plastic166.jpg,plastic
garbage_classification\biological\biological53.jpg,biological
garbage_classification\cardboard\cardboard535.jpg,cardboard
garbage_classification\clothes\clothes2805.jpg,clothes
garbage_classification\battery\battery373.jpg,battery
garbage_classification\clothes\clothes2456.jpg,clothes
garbage_classification\white-glass\white-glass360.jpg,white-glass
garbage_classification\clothes\clothes1606.jpg,clothes
garbage_classification\clothes\clothes880.jpg,clothes
garbage_classification\clothes\clothes4906.jpg,clothes
garbage_classification\green-glass\green-glass430.jpg,green-glass
garbage_classification\clothes\clothes4927.jpg,clothes
garbage_classification\clothes\clothes5031.jpg,clothes
garbage_classification\paper\paper398.jpg,paper
garbage_classification\white-glass\white-glass665.jpg,white-glass
garbage_classification\battery\battery504.jpg,battery
garbage_classification\clothes\clothes1710.jpg,clothes
garbage_classification\plastic\plastic559.jpg,plastic
garbage_classification\clothes\clothes730.jpg,clothes
garbage_classification\biological\biological155.jpg,biological
garbage_classification\biological\biological523.jpg,biological
garbage_classification\shoes\shoes113.jpg,shoes
garbage_classification\paper\paper779.jpg,paper
garbage_classification\clothes\clothes4584.jpg,clothes
garbage_classification\plastic\plastic705.jpg,plastic
garbage_classification\clothes\clothes4580.jpg,clothes
garbage_classification\shoes\shoes1677.jpg,shoes
garbage_classification\shoes\shoes311.jpg,shoes
garbage_classification\shoes\shoes982.jpg,shoes
garbage_classification\shoes\shoes902.jpg,shoes
garbage_classification\white-glass\white-glass730.jpg,white-glass
garbage_classification\white-glass\white-glass481.jpg,white-glass
garbage_classification\clothes\clothes821.jpg,clothes
garbage_classification\clothes\clothes3601.jpg,clothes
garbage_classification\clothes\clothes1317.jpg,clothes
garbage_classification\clothes\clothes4822.jpg,clothes
garbage_classification\green-glass\green-glass134.jpg,green-glass
garbage_classification\paper\paper334.jpg,paper
garbage_classification\shoes\shoes1189.jpg,shoes
garbage_classification\plastic\plastic79.jpg,plastic
garbage_classification\brown-glass\brown-glass437.jpg,brown-glass
garbage_classification\white-glass\white-glass527.jpg,white-glass
garbage_classification\clothes\clothes1332.jpg,clothes
garbage_classification\paper\paper507.jpg,paper
garbage_classification\white-glass\white-glass299.jpg,white-glass
garbage_classification\metal\metal343.jpg,metal
garbage_classification\clothes\clothes1761.jpg,clothes
garbage_classification\clothes\clothes5293.jpg,clothes
garbage_classification\cardboard\cardboard507.jpg,cardboard
garbage_classification\metal\metal742.jpg,metal
garbage_classification\battery\battery355.jpg,battery
garbage_classification\cardboard\cardboard1.jpg,cardboard
garbage_classification\clothes\clothes2398.jpg,clothes
garbage_classification\clothes\clothes3860.jpg,clothes
garbage_classification\cardboard\cardboard255.jpg,cardboard
garbage_classification\clothes\clothes2514.jpg,clothes
garbage_classification\cardboard\cardboard539.jpg,cardboard
garbage_classification\brown-glass\brown-glass15.jpg,brown-glass
garbage_classification\clothes\clothes1526.jpg,clothes
garbage_classification\white-glass\white-glass574.jpg,white-glass
garbage_classification\clothes\clothes5210.jpg,clothes
garbage_classification\clothes\clothes333.jpg,clothes
garbage_classification\clothes\clothes2337.jpg,clothes
garbage_classification\clothes\clothes1883.jpg,clothes
garbage_classification\plastic\plastic510.jpg,plastic
garbage_classification\shoes\shoes119.jpg,shoes
garbage_classification\plastic\plastic339.jpg,plastic
garbage_classification\trash\trash37.jpg,trash
garbage_classification\clothes\clothes5034.jpg,clothes
garbage_classification\shoes\shoes1510.jpg,shoes
garbage_classification\shoes\shoes1542.jpg,shoes
garbage_classification\white-glass\white-glass339.jpg,white-glass
garbage_classification\biological\biological730.jpg,biological
garbage_classification\brown-glass\brown-glass335.jpg,brown-glass
garbage_classification\biological\biological541.jpg,biological
garbage_classification\clothes\clothes3737.jpg,clothes
garbage_classification\clothes\clothes432.jpg,clothes
garbage_classification\clothes\clothes1877.jpg,clothes
garbage_classification\metal\metal551.jpg,metal
garbage_classification\paper\paper598.jpg,paper
garbage_classification\biological\biological147.jpg,biological
garbage_classification\shoes\shoes828.jpg,shoes
garbage_classification\clothes\clothes3424.jpg,clothes
garbage_classification\green-glass\green-glass101.jpg,green-glass
garbage_classification\clothes\clothes38.jpg,clothes
garbage_classification\paper\paper583.jpg,paper
garbage_classification\green-glass\green-glass77.jpg,green-glass
garbage_classification\plastic\plastic681.jpg,plastic
garbage_classification\cardboard\cardboard104.jpg,cardboard
garbage_classification\battery\battery560.jpg,battery
garbage_classification\biological\biological747.jpg,biological
garbage_classification\battery\battery62.jpg,battery
garbage_classification\clothes\clothes2109.jpg,clothes
garbage_classification\clothes\clothes5019.jpg,clothes
garbage_classification\clothes\clothes5100.jpg,clothes
garbage_classification\clothes\clothes1313.jpg,clothes
garbage_classification\clothes\clothes332.jpg,clothes
garbage_classification\shoes\shoes432.jpg,shoes
garbage_classification\cardboard\cardboard168.jpg,cardboard
garbage_classification\metal\metal212.jpg,metal
garbage_classification\clothes\clothes4261.jpg,clothes
garbage_classification\metal\metal431.jpg,metal
garbage_classification\battery\battery736.jpg,battery
garbage_classification\shoes\shoes229.jpg,shoes
garbage_classification\clothes\clothes4520.jpg,clothes
garbage_classification\shoes\shoes1956.jpg,shoes
garbage_classification\cardboard\cardboard203.jpg,cardboard
garbage_classification\clothes\clothes736.jpg,clothes
garbage_classification\clothes\clothes4179.jpg,clothes
garbage_classification\clothes\clothes4130.jpg,clothes
garbage_classification\clothes\clothes485.jpg,clothes
garbage_classification\biological\biological195.jpg,biological
garbage_classification\plastic\plastic13.jpg,plastic
garbage_classification\paper\paper299.jpg,paper
garbage_classification\battery\battery335.jpg,battery
garbage_classification\clothes\clothes1314.jpg,clothes
garbage_classification\green-glass\green-glass29.jpg,green-glass
garbage_classification\cardboard\cardboard339.jpg,cardboard
garbage_classification\clothes\clothes5048.jpg,clothes
garbage_classification\battery\battery785.jpg,battery
garbage_classification\clothes\clothes495.jpg,clothes
garbage_classification\clothes\clothes675.jpg,clothes
garbage_classification\clothes\clothes1974.jpg,clothes
garbage_classification\clothes\clothes4075.jpg,clothes
garbage_classification\paper\paper330.jpg,paper
garbage_classification\white-glass\white-glass680.jpg,white-glass
garbage_classification\paper\paper666.jpg,paper
garbage_classification\clothes\clothes4573.jpg,clothes
garbage_classification\shoes\shoes627.jpg,shoes
garbage_classification\shoes\shoes830.jpg,shoes
garbage_classification\paper\paper101.jpg,paper
garbage_classification\metal\metal410.jpg,metal
garbage_classification\clothes\clothes1509.jpg,clothes
garbage_classification\clothes\clothes3032.jpg,clothes
garbage_classification\shoes\shoes1493.jpg,shoes
garbage_classification\metal\metal167.jpg,metal
garbage_classification\clothes\clothes1030.jpg,clothes
garbage_classification\clothes\clothes3293.jpg,clothes
garbage_classification\clothes\clothes1160.jpg,clothes
garbage_classification\metal\metal420.jpg,metal
garbage_classification\clothes\clothes4651.jpg,clothes
garbage_classification\shoes\shoes230.jpg,shoes
garbage_classification\metal\metal727.jpg,metal
garbage_classification\clothes\clothes4692.jpg,clothes
garbage_classification\clothes\clothes171.jpg,clothes
garbage_classification\green-glass\green-glass246.jpg,green-glass
garbage_classification\clothes\clothes1279.jpg,clothes
garbage_classification\plastic\plastic196.jpg,plastic
garbage_classification\plastic\plastic77.jpg,plastic
garbage_classification\white-glass\white-glass586.jpg,white-glass
garbage_classification\cardboard\cardboard271.jpg,cardboard
garbage_classification\cardboard\cardboard360.jpg,cardboard
garbage_classification\shoes\shoes380.jpg,shoes
garbage_classification\cardboard\cardboard440.jpg,cardboard
garbage_classification\clothes\clothes2712.jpg,clothes
garbage_classification\shoes\shoes818.jpg,shoes
garbage_classification\clothes\clothes1347.jpg,clothes
garbage_classification\clothes\clothes4729.jpg,clothes
garbage_classification\shoes\shoes1302.jpg,shoes
garbage_classification\clothes\clothes2985.jpg,clothes
garbage_classification\shoes\shoes213.jpg,shoes
garbage_classification\paper\paper1011.jpg,paper
garbage_classification\white-glass\white-glass703.jpg,white-glass
garbage_classification\clothes\clothes4497.jpg,clothes
garbage_classification\clothes\clothes5243.jpg,clothes
garbage_classification\battery\battery190.jpg,battery
garbage_classification\shoes\shoes782.jpg,shoes
garbage_classification\cardboard\cardboard337.jpg,cardboard
garbage_classification\metal\metal515.jpg,metal
garbage_classification\shoes\shoes547.jpg,shoes
garbage_classification\clothes\clothes3312.jpg,clothes
garbage_classification\clothes\clothes813.jpg,clothes
garbage_classification\cardboard\cardboard35.jpg,cardboard
garbage_classification\paper\paper739.jpg,paper
garbage_classification\paper\paper407.jpg,paper
garbage_classification\biological\biological381.jpg,biological
garbage_classification\paper\paper616.jpg,paper
garbage_classification\cardboard\cardboard727.jpg,cardboard
garbage_classification\shoes\shoes1863.jpg,shoes
garbage_classification\green-glass\green-glass325.jpg,green-glass
garbage_classification\white-glass\white-glass126.jpg,white-glass
garbage_classification\trash\trash574.jpg,trash
garbage_classification\battery\battery29.jpg,battery
garbage_classification\clothes\clothes148.jpg,clothes
garbage_classification\trash\trash647.jpg,trash
garbage_classification\battery\battery766.jpg,battery
garbage_classification\brown-glass\brown-glass426.jpg,brown-glass
garbage_classification\battery\battery312.jpg,battery
garbage_classification\white-glass\white-glass59.jpg,white-glass
garbage_classification\paper\paper860.jpg,paper
garbage_classification\clothes\clothes1673.jpg,clothes
garbage_classification\paper\paper923.jpg,paper
garbage_classification\biological\biological89.jpg,biological
garbage_classification\clothes\clothes2646.jpg,clothes
garbage_classification\shoes\shoes1880.jpg,shoes
garbage_classification\shoes\shoes446.jpg,shoes
garbage_classification\shoes\shoes1566.jpg,shoes
garbage_classification\clothes\clothes1982.jpg,clothes
garbage_classification\clothes\clothes4784.jpg,clothes
garbage_classification\clothes\clothes2418.jpg,clothes
garbage_classification\paper\paper384.jpg,paper
garbage_classification\biological\biological687.jpg,biological
garbage_classification\plastic\plastic848.jpg,plastic
garbage_classification\plastic\plastic621.jpg,plastic
garbage_classification\paper\paper110.jpg,paper
garbage_classification\clothes\clothes55.jpg,clothes
garbage_classification\plastic\plastic438.jpg,plastic
garbage_classification\cardboard\cardboard739.jpg,cardboard
garbage_classification\cardboard\cardboard688.jpg,cardboard
garbage_classification\clothes\clothes1197.jpg,clothes
garbage_classification\paper\paper624.jpg,paper
garbage_classification\clothes\clothes2451.jpg,clothes
garbage_classification\paper\paper1.jpg,paper
garbage_classification\shoes\shoes1393.jpg,shoes
garbage_classification\plastic\plastic391.jpg,plastic
garbage_classification\clothes\clothes2408.jpg,clothes
garbage_classification\shoes\shoes992.jpg,shoes
garbage_classification\white-glass\white-glass273.jpg,white-glass
garbage_classification\paper\paper1002.jpg,paper
garbage_classification\clothes\clothes5115.jpg,clothes
garbage_classification\clothes\clothes643.jpg,clothes
garbage_classification\clothes\clothes589.jpg,clothes
garbage_classification\shoes\shoes829.jpg,shoes
garbage_classification\clothes\clothes3067.jpg,clothes
garbage_classification\clothes\clothes243.jpg,clothes
garbage_classification\metal\metal92.jpg,metal
garbage_classification\metal\metal650.jpg,metal
garbage_classification\clothes\clothes2964.jpg,clothes
garbage_classification\paper\paper735.jpg,paper
garbage_classification\plastic\plastic396.jpg,plastic
garbage_classification\white-glass\white-glass491.jpg,white-glass
garbage_classification\green-glass\green-glass207.jpg,green-glass
garbage_classification\clothes\clothes2373.jpg,clothes
garbage_classification\metal\metal58.jpg,metal
garbage_classification\clothes\clothes4553.jpg,clothes
garbage_classification\plastic\plastic22.jpg,plastic
garbage_classification\plastic\plastic811.jpg,plastic
garbage_classification\clothes\clothes3322.jpg,clothes
garbage_classification\metal\metal272.jpg,metal
garbage_classification\plastic\plastic152.jpg,plastic
garbage_classification\trash\trash361.jpg,trash
garbage_classification\clothes\clothes2716.jpg,clothes
garbage_classification\clothes\clothes873.jpg,clothes
garbage_classification\paper\paper84.jpg,paper
garbage_classification\green-glass\green-glass41.jpg,green-glass
garbage_classification\battery\battery368.jpg,battery
garbage_classification\shoes\shoes1627.jpg,shoes
garbage_classification\biological\biological685.jpg,biological
garbage_classification\paper\paper391.jpg,paper
garbage_classification\cardboard\cardboard620.jpg,cardboard
garbage_classification\trash\trash275.jpg,trash
garbage_classification\clothes\clothes992.jpg,clothes
garbage_classification\clothes\clothes4696.jpg,clothes
garbage_classification\shoes\shoes689.jpg,shoes
garbage_classification\clothes\clothes3687.jpg,clothes
garbage_classification\clothes\clothes2578.jpg,clothes
garbage_classification\shoes\shoes1697.jpg,shoes
garbage_classification\white-glass\white-glass711.jpg,white-glass
garbage_classification\white-glass\white-glass565.jpg,white-glass
garbage_classification\trash\trash612.jpg,trash
garbage_classification\battery\battery314.jpg,battery
garbage_classification\trash\trash70.jpg,trash
garbage_classification\green-glass\green-glass482.jpg,green-glass
garbage_classification\biological\biological566.jpg,biological
garbage_classification\clothes\clothes2642.jpg,clothes
garbage_classification\clothes\clothes1693.jpg,clothes
garbage_classification\shoes\shoes197.jpg,shoes
garbage_classification\paper\paper32.jpg,paper
garbage_classification\paper\paper674.jpg,paper
garbage_classification\clothes\clothes5172.jpg,clothes
garbage_classification\clothes\clothes578.jpg,clothes
garbage_classification\paper\paper738.jpg,paper
garbage_classification\shoes\shoes109.jpg,shoes
garbage_classification\battery\battery127.jpg,battery
garbage_classification\shoes\shoes894.jpg,shoes
garbage_classification\battery\battery392.jpg,battery
garbage_classification\paper\paper605.jpg,paper
garbage_classification\brown-glass\brown-glass395.jpg,brown-glass
garbage_classification\green-glass\green-glass500.jpg,green-glass
garbage_classification\clothes\clothes2246.jpg,clothes
garbage_classification\clothes\clothes8.jpg,clothes
garbage_classification\plastic\plastic610.jpg,plastic
garbage_classification\green-glass\green-glass290.jpg,green-glass
garbage_classification\metal\metal750.jpg,metal
garbage_classification\trash\trash155.jpg,trash
garbage_classification\shoes\shoes122.jpg,shoes
garbage_classification\shoes\shoes750.jpg,shoes
garbage_classification\shoes\shoes1157.jpg,shoes
garbage_classification\plastic\plastic552.jpg,plastic
garbage_classification\clothes\clothes2302.jpg,clothes
garbage_classification\clothes\clothes152.jpg,clothes
garbage_classification\shoes\shoes1114.jpg,shoes
garbage_classification\biological\biological581.jpg,biological
garbage_classification\clothes\clothes4101.jpg,clothes
garbage_classification\clothes\clothes353.jpg,clothes
garbage_classification\clothes\clothes709.jpg,clothes
garbage_classification\brown-glass\brown-glass7.jpg,brown-glass
garbage_classification\clothes\clothes4072.jpg,clothes
garbage_classification\plastic\plastic753.jpg,plastic
garbage_classification\paper\paper23.jpg,paper
garbage_classification\biological\biological32.jpg,biological
garbage_classification\metal\metal73.jpg,metal
garbage_classification\shoes\shoes1097.jpg,shoes
garbage_classification\clothes\clothes3187.jpg,clothes
garbage_classification\clothes\clothes3044.jpg,clothes
garbage_classification\paper\paper14.jpg,paper
garbage_classification\clothes\clothes3832.jpg,clothes
garbage_classification\clothes\clothes312.jpg,clothes
garbage_classification\clothes\clothes1797.jpg,clothes
garbage_classification\battery\battery621.jpg,battery
garbage_classification\trash\trash98.jpg,trash
garbage_classification\paper\paper830.jpg,paper
garbage_classification\white-glass\white-glass458.jpg,white-glass
garbage_classification\shoes\shoes674.jpg,shoes
garbage_classification\clothes\clothes1138.jpg,clothes
garbage_classification\clothes\clothes851.jpg,clothes
garbage_classification\clothes\clothes2310.jpg,clothes
garbage_classification\clothes\clothes4911.jpg,clothes
garbage_classification\cardboard\cardboard462.jpg,cardboard
garbage_classification\clothes\clothes4373.jpg,clothes
garbage_classification\battery\battery412.jpg,battery
garbage_classification\shoes\shoes1279.jpg,shoes
garbage_classification\shoes\shoes924.jpg,shoes
garbage_classification\metal\metal663.jpg,metal
garbage_classification\cardboard\cardboard131.jpg,cardboard
garbage_classification\clothes\clothes4907.jpg,clothes
garbage_classification\shoes\shoes1774.jpg,shoes
garbage_classification\biological\biological55.jpg,biological
garbage_classification\paper\paper159.jpg,paper
garbage_classification\shoes\shoes1662.jpg,shoes
garbage_classification\shoes\shoes411.jpg,shoes
garbage_classification\biological\biological114.jpg,biological
garbage_classification\battery\battery498.jpg,battery
garbage_classification\battery\battery702.jpg,battery
garbage_classification\shoes\shoes945.jpg,shoes
garbage_classification\biological\biological811.jpg,biological
garbage_classification\shoes\shoes1096.jpg,shoes
garbage_classification\shoes\shoes717.jpg,shoes
garbage_classification\plastic\plastic290.jpg,plastic
garbage_classification\clothes\clothes4731.jpg,clothes
garbage_classification\clothes\clothes651.jpg,clothes
garbage_classification\plastic\plastic266.jpg,plastic
garbage_classification\battery\battery235.jpg,battery
garbage_classification\cardboard\cardboard420.jpg,cardboard
garbage_classification\clothes\clothes4648.jpg,clothes
garbage_classification\white-glass\white-glass65.jpg,white-glass
garbage_classification\clothes\clothes2206.jpg,clothes
garbage_classification\clothes\clothes1889.jpg,clothes
garbage_classification\brown-glass\brown-glass366.jpg,brown-glass
garbage_classification\green-glass\green-glass374.jpg,green-glass
garbage_classification\battery\battery938.jpg,battery
garbage_classification\biological\biological276.jpg,biological
garbage_classification\battery\battery865.jpg,battery
garbage_classification\trash\trash393.jpg,trash
garbage_classification\clothes\clothes2192.jpg,clothes
garbage_classification\white-glass\white-glass192.jpg,white-glass
garbage_classification\cardboard\cardboard523.jpg,cardboard
garbage_classification\clothes\clothes4478.jpg,clothes
garbage_classification\brown-glass\brown-glass556.jpg,brown-glass
garbage_classification\clothes\clothes1553.jpg,clothes
garbage_classification\shoes\shoes966.jpg,shoes
garbage_classification\shoes\shoes1793.jpg,shoes
garbage_classification\green-glass\green-glass208.jpg,green-glass
garbage_classification\clothes\clothes169.jpg,clothes
garbage_classification\white-glass\white-glass519.jpg,white-glass
garbage_classification\clothes\clothes3531.jpg,clothes
garbage_classification\green-glass\green-glass136.jpg,green-glass
garbage_classification\cardboard\cardboard796.jpg,cardboard
garbage_classification\cardboard\cardboard37.jpg,cardboard
garbage_classification\trash\trash225.jpg,trash
garbage_classification\metal\metal202.jpg,metal
garbage_classification\clothes\clothes1773.jpg,clothes
garbage_classification\metal\metal753.jpg,metal
garbage_classification\plastic\plastic548.jpg,plastic
garbage_classification\white-glass\white-glass209.jpg,white-glass
garbage_classification\cardboard\cardboard144.jpg,cardboard
garbage_classification\trash\trash611.jpg,trash
garbage_classification\biological\biological897.jpg,biological
garbage_classification\clothes\clothes4641.jpg,clothes
garbage_classification\plastic\plastic644.jpg,plastic
garbage_classification\clothes\clothes2235.jpg,clothes
garbage_classification\trash\trash179.jpg,trash
garbage_classification\paper\paper1033.jpg,paper
garbage_classification\battery\battery858.jpg,battery
garbage_classification\shoes\shoes801.jpg,shoes
garbage_classification\plastic\plastic328.jpg,plastic
garbage_classification\battery\battery918.jpg,battery
garbage_classification\biological\biological491.jpg,biological
garbage_classification\clothes\clothes5022.jpg,clothes
garbage_classification\biological\biological850.jpg,biological
garbage_classification\green-glass\green-glass575.jpg,green-glass
garbage_classification\plastic\plastic692.jpg,plastic
garbage_classification\biological\biological110.jpg,biological
garbage_classification\clothes\clothes1429.jpg,clothes
garbage_classification\metal\metal74.jpg,metal
garbage_classification\paper\paper33.jpg,paper
garbage_classification\cardboard\cardboard425.jpg,cardboard
garbage_classification\cardboard\cardboard756.jpg,cardboard
garbage_classification\cardboard\cardboard711.jpg,cardboard
garbage_classification\clothes\clothes2762.jpg,clothes
garbage_classification\clothes\clothes1629.jpg,clothes
garbage_classification\clothes\clothes3618.jpg,clothes
garbage_classification\white-glass\white-glass142.jpg,white-glass
garbage_classification\clothes\clothes5251.jpg,clothes
garbage_classification\cardboard\cardboard748.jpg,cardboard
garbage_classification\shoes\shoes499.jpg,shoes
garbage_classification\green-glass\green-glass582.jpg,green-glass
garbage_classification\battery\battery221.jpg,battery
garbage_classification\clothes\clothes3718.jpg,clothes
garbage_classification\cardboard\cardboard772.jpg,cardboard
garbage_classification\clothes\clothes1493.jpg,clothes
garbage_classification\white-glass\white-glass418.jpg,white-glass
garbage_classification\trash\trash88.jpg,trash
garbage_classification\paper\paper888.jpg,paper
garbage_classification\biological\biological143.jpg,biological
garbage_classification\clothes\clothes3266.jpg,clothes
garbage_classification\biological\biological666.jpg,biological
garbage_classification\clothes\clothes2237.jpg,clothes
garbage_classification\clothes\clothes527.jpg,clothes
garbage_classification\clothes\clothes2181.jpg,clothes
garbage_classification\clothes\clothes4171.jpg,clothes
garbage_classification\clothes\clothes2107.jpg,clothes
garbage_classification\brown-glass\brown-glass102.jpg,brown-glass
garbage_classification\paper\paper1045.jpg,paper
garbage_classification\clothes\clothes3632.jpg,clothes
garbage_classification\paper\paper488.jpg,paper
garbage_classification\brown-glass\brown-glass563.jpg,brown-glass
garbage_classification\shoes\shoes572.jpg,shoes
garbage_classification\biological\biological524.jpg,biological
garbage_classification\clothes\clothes3593.jpg,clothes
garbage_classification\clothes\clothes3437.jpg,clothes
garbage_classification\paper\paper41.jpg,paper
garbage_classification\clothes\clothes3263.jpg,clothes
garbage_classification\shoes\shoes346.jpg,shoes
garbage_classification\clothes\clothes1245.jpg,clothes
garbage_classification\white-glass\white-glass133.jpg,white-glass
garbage_classification\clothes\clothes5094.jpg,clothes
garbage_classification\shoes\shoes1424.jpg,shoes
garbage_classification\paper\paper474.jpg,paper
garbage_classification\cardboard\cardboard219.jpg,cardboard
garbage_classification\clothes\clothes1147.jpg,clothes
garbage_classification\white-glass\white-glass224.jpg,white-glass
garbage_classification\cardboard\cardboard717.jpg,cardboard
garbage_classification\metal\metal169.jpg,metal
garbage_classification\metal\metal149.jpg,metal
garbage_classification\shoes\shoes1875.jpg,shoes
garbage_classification\plastic\plastic416.jpg,plastic
garbage_classification\paper\paper96.jpg,paper
garbage_classification\clothes\clothes4338.jpg,clothes
garbage_classification\trash\trash663.jpg,trash
garbage_classification\trash\trash637.jpg,trash
garbage_classification\green-glass\green-glass152.jpg,green-glass
garbage_classification\green-glass\green-glass447.jpg,green-glass
garbage_classification\battery\battery538.jpg,battery
garbage_classification\clothes\clothes3373.jpg,clothes
garbage_classification\trash\trash148.jpg,trash
garbage_classification\clothes\clothes603.jpg,clothes
garbage_classification\green-glass\green-glass514.jpg,green-glass
garbage_classification\plastic\plastic557.jpg,plastic
garbage_classification\shoes\shoes1053.jpg,shoes
garbage_classification\plastic\plastic394.jpg,plastic
garbage_classification\battery\battery461.jpg,battery
garbage_classification\plastic\plastic497.jpg,plastic
garbage_classification\paper\paper983.jpg,paper
garbage_classification\metal\metal383.jpg,metal
garbage_classification\clothes\clothes2032.jpg,clothes
garbage_classification\clothes\clothes387.jpg,clothes
garbage_classification\biological\biological228.jpg,biological
garbage_classification\battery\battery406.jpg,battery
garbage_classification\metal\metal45.jpg,metal
garbage_classification\paper\paper411.jpg,paper
garbage_classification\plastic\plastic56.jpg,plastic
garbage_classification\green-glass\green-glass585.jpg,green-glass
garbage_classification\trash\trash378.jpg,trash
garbage_classification\shoes\shoes1537.jpg,shoes
garbage_classification\white-glass\white-glass279.jpg,white-glass
garbage_classification\clothes\clothes842.jpg,clothes
garbage_classification\metal\metal427.jpg,metal
garbage_classification\shoes\shoes221.jpg,shoes
garbage_classification\green-glass\green-glass569.jpg,green-glass
garbage_classification\shoes\shoes912.jpg,shoes
garbage_classification\plastic\plastic586.jpg,plastic
garbage_classification\clothes\clothes2323.jpg,clothes
garbage_classification\plastic\plastic791.jpg,plastic
garbage_classification\shoes\shoes635.jpg,shoes
garbage_classification\clothes\clothes2584.jpg,clothes
garbage_classification\shoes\shoes1328.jpg,shoes
garbage_classification\battery\battery149.jpg,battery
garbage_classification\clothes\clothes1915.jpg,clothes
garbage_classification\clothes\clothes1057.jpg,clothes
garbage_classification\clothes\clothes2187.jpg,clothes
garbage_classification\trash\trash29.jpg,trash
garbage_classification\clothes\clothes4366.jpg,clothes
garbage_classification\plastic\plastic74.jpg,plastic
garbage_classification\clothes\clothes1142.jpg,clothes
garbage_classification\clothes\clothes586.jpg,clothes
garbage_classification\biological\biological328.jpg,biological
garbage_classification\plastic\plastic198.jpg,plastic
garbage_classification\shoes\shoes1120.jpg,shoes
garbage_classification\metal\metal79.jpg,metal
garbage_classification\clothes\clothes3976.jpg,clothes
garbage_classification\brown-glass\brown-glass312.jpg,brown-glass
garbage_classification\paper\paper464.jpg,paper
garbage_classification\clothes\clothes2435.jpg,clothes
garbage_classification\clothes\clothes386.jpg,clothes
garbage_classification\clothes\clothes889.jpg,clothes
garbage_classification\paper\paper458.jpg,paper
garbage_classification\clothes\clothes2423.jpg,clothes
garbage_classification\paper\paper597.jpg,paper
garbage_classification\clothes\clothes1139.jpg,clothes
garbage_classification\plastic\plastic596.jpg,plastic
garbage_classification\brown-glass\brown-glass162.jpg,brown-glass
garbage_classification\white-glass\white-glass590.jpg,white-glass
garbage_classification\white-glass\white-glass308.jpg,white-glass
garbage_classification\biological\biological646.jpg,biological
garbage_classification\shoes\shoes1420.jpg,shoes
garbage_classification\clothes\clothes1068.jpg,clothes
garbage_classification\clothes\clothes2164.jpg,clothes
garbage_classification\clothes\clothes1607.jpg,clothes
garbage_classification\biological\biological422.jpg,biological
garbage_classification\biological\biological463.jpg,biological
garbage_classification\trash\trash317.jpg,trash
garbage_classification\shoes\shoes702.jpg,shoes
garbage_classification\trash\trash52.jpg,trash
garbage_classification\brown-glass\brown-glass188.jpg,brown-glass
garbage_classification\clothes\clothes3428.jpg,clothes
garbage_classification\clothes\clothes1597.jpg,clothes
garbage_classification\brown-glass\brown-glass588.jpg,brown-glass
garbage_classification\clothes\clothes4825.jpg,clothes
garbage_classification\green-glass\green-glass35.jpg,green-glass
garbage_classification\clothes\clothes4788.jpg,clothes
garbage_classification\metal\metal276.jpg,metal
garbage_classification\white-glass\white-glass607.jpg,white-glass
garbage_classification\cardboard\cardboard568.jpg,cardboard
garbage_classification\clothes\clothes523.jpg,clothes
garbage_classification\clothes\clothes4840.jpg,clothes
garbage_classification\clothes\clothes4832.jpg,clothes
garbage_classification\shoes\shoes201.jpg,shoes
garbage_classification\shoes\shoes293.jpg,shoes
garbage_classification\green-glass\green-glass558.jpg,green-glass
garbage_classification\clothes\clothes2679.jpg,clothes
garbage_classification\biological\biological379.jpg,biological
garbage_classification\cardboard\cardboard512.jpg,cardboard
garbage_classification\shoes\shoes1264.jpg,shoes
garbage_classification\white-glass\white-glass501.jpg,white-glass
garbage_classification\cardboard\cardboard862.jpg,cardboard
garbage_classification\shoes\shoes1280.jpg,shoes
garbage_classification\paper\paper49.jpg,paper
garbage_classification\white-glass\white-glass48.jpg,white-glass
garbage_classification\shoes\shoes368.jpg,shoes
garbage_classification\brown-glass\brown-glass328.jpg,brown-glass
garbage_classification\white-glass\white-glass559.jpg,white-glass
garbage_classification\trash\trash689.jpg,trash
garbage_classification\battery\battery582.jpg,battery
garbage_classification\clothes\clothes656.jpg,clothes
garbage_classification\paper\paper979.jpg,paper
garbage_classification\clothes\clothes3967.jpg,clothes
garbage_classification\shoes\shoes1655.jpg,shoes
garbage_classification\clothes\clothes1555.jpg,clothes
garbage_classification\shoes\shoes314.jpg,shoes
garbage_classification\plastic\plastic762.jpg,plastic
garbage_classification\brown-glass\brown-glass204.jpg,brown-glass
garbage_classification\paper\paper176.jpg,paper
garbage_classification\metal\metal459.jpg,metal
garbage_classification\metal\metal404.jpg,metal
garbage_classification\clothes\clothes1393.jpg,clothes
garbage_classification\clothes\clothes1902.jpg,clothes
garbage_classification\biological\biological603.jpg,biological
garbage_classification\cardboard\cardboard40.jpg,cardboard
garbage_classification\clothes\clothes1838.jpg,clothes
garbage_classification\cardboard\cardboard366.jpg,cardboard
garbage_classification\white-glass\white-glass504.jpg,white-glass
garbage_classification\trash\trash217.jpg,trash
garbage_classification\biological\biological453.jpg,biological
garbage_classification\white-glass\white-glass274.jpg,white-glass
garbage_classification\battery\battery869.jpg,battery
garbage_classification\brown-glass\brown-glass305.jpg,brown-glass
garbage_classification\green-glass\green-glass578.jpg,green-glass
garbage_classification\biological\biological507.jpg,biological
garbage_classification\white-glass\white-glass647.jpg,white-glass
garbage_classification\brown-glass\brown-glass260.jpg,brown-glass
garbage_classification\battery\battery320.jpg,battery
garbage_classification\clothes\clothes2909.jpg,clothes
garbage_classification\metal\metal655.jpg,metal
garbage_classification\clothes\clothes4709.jpg,clothes
garbage_classification\clothes\clothes2875.jpg,clothes
garbage_classification\paper\paper646.jpg,paper
garbage_classification\trash\trash452.jpg,trash
garbage_classification\paper\paper857.jpg,paper
garbage_classification\battery\battery741.jpg,battery
garbage_classification\white-glass\white-glass315.jpg,white-glass
garbage_classification\clothes\clothes122.jpg,clothes
garbage_classification\clothes\clothes2866.jpg,clothes
garbage_classification\paper\paper278.jpg,paper
garbage_classification\clothes\clothes5281.jpg,clothes
garbage_classification\shoes\shoes726.jpg,shoes
garbage_classification\paper\paper302.jpg,paper
garbage_classification\metal\metal327.jpg,metal
garbage_classification\shoes\shoes1470.jpg,shoes
garbage_classification\plastic\plastic42.jpg,plastic
garbage_classification\plastic\plastic683.jpg,plastic
garbage_classification\brown-glass\brown-glass458.jpg,brown-glass
garbage_classification\clothes\clothes1128.jpg,clothes
garbage_classification\paper\paper844.jpg,paper
garbage_classification\clothes\clothes2118.jpg,clothes
garbage_classification\paper\paper989.jpg,paper
garbage_classification\shoes\shoes616.jpg,shoes
garbage_classification\biological\biological530.jpg,biological
garbage_classification\biological\biological894.jpg,biological
garbage_classification\plastic\plastic742.jpg,plastic
garbage_classification\shoes\shoes1487.jpg,shoes
garbage_classification\trash\trash71.jpg,trash
garbage_classification\shoes\shoes1018.jpg,shoes
garbage_classification\shoes\shoes913.jpg,shoes
garbage_classification\shoes\shoes1330.jpg,shoes
garbage_classification\green-glass\green-glass239.jpg,green-glass
garbage_classification\clothes\clothes1706.jpg,clothes
garbage_classification\clothes\clothes2894.jpg,clothes
garbage_classification\clothes\clothes1234.jpg,clothes
garbage_classification\plastic\plastic321.jpg,plastic
garbage_classification\brown-glass\brown-glass523.jpg,brown-glass
garbage_classification\clothes\clothes1999.jpg,clothes
garbage_classification\cardboard\cardboard630.jpg,cardboard
garbage_classification\cardboard\cardboard280.jpg,cardboard
garbage_classification\cardboard\cardboard124.jpg,cardboard
garbage_classification\clothes\clothes4632.jpg,clothes
garbage_classification\metal\metal141.jpg,metal
garbage_classification\clothes\clothes558.jpg,clothes
garbage_classification\plastic\plastic842.jpg,plastic
garbage_classification\cardboard\cardboard675.jpg,cardboard
garbage_classification\trash\trash292.jpg,trash
garbage_classification\green-glass\green-glass69.jpg,green-glass
garbage_classification\shoes\shoes318.jpg,shoes
garbage_classification\paper\paper170.jpg,paper
garbage_classification\paper\paper614.jpg,paper
garbage_classification\clothes\clothes4757.jpg,clothes
garbage_classification\shoes\shoes158.jpg,shoes
garbage_classification\clothes\clothes46.jpg,clothes
garbage_classification\clothes\clothes596.jpg,clothes
garbage_classification\shoes\shoes813.jpg,shoes
garbage_classification\green-glass\green-glass396.jpg,green-glass
garbage_classification\shoes\shoes1595.jpg,shoes
garbage_classification\plastic\plastic82.jpg,plastic
garbage_classification\white-glass\white-glass73.jpg,white-glass
garbage_classification\shoes\shoes1136.jpg,shoes
garbage_classification\battery\battery370.jpg,battery
garbage_classification\clothes\clothes2718.jpg,clothes
garbage_classification\shoes\shoes1801.jpg,shoes
garbage_classification\brown-glass\brown-glass392.jpg,brown-glass
garbage_classification\metal\metal177.jpg,metal
garbage_classification\battery\battery726.jpg,battery
garbage_classification\clothes\clothes1843.jpg,clothes
garbage_classification\clothes\clothes4267.jpg,clothes
garbage_classification\clothes\clothes5189.jpg,clothes
garbage_classification\shoes\shoes1857.jpg,shoes
garbage_classification\clothes\clothes1771.jpg,clothes
garbage_classification\clothes\clothes1827.jpg,clothes
garbage_classification\clothes\clothes2595.jpg,clothes
garbage_classification\clothes\clothes3285.jpg,clothes
garbage_classification\brown-glass\brown-glass298.jpg,brown-glass
garbage_classification\battery\battery66.jpg,battery
garbage_classification\clothes\clothes1311.jpg,clothes
garbage_classification\clothes\clothes2722.jpg,clothes
garbage_classification\shoes\shoes104.jpg,shoes
garbage_classification\clothes\clothes4396.jpg,clothes
garbage_classification\clothes\clothes5242.jpg,clothes
garbage_classification\paper\paper342.jpg,paper
garbage_classification\clothes\clothes1402.jpg,clothes
garbage_classification\biological\biological519.jpg,biological
garbage_classification\brown-glass\brown-glass172.jpg,brown-glass
garbage_classification\trash\trash555.jpg,trash
garbage_classification\clothes\clothes1087.jpg,clothes
garbage_classification\biological\biological506.jpg,biological
garbage_classification\battery\battery653.jpg,battery
garbage_classification\brown-glass\brown-glass309.jpg,brown-glass
garbage_classification\clothes\clothes1636.jpg,clothes
garbage_classification\biological\biological73.jpg,biological
garbage_classification\green-glass\green-glass15.jpg,green-glass
garbage_classification\shoes\shoes708.jpg,shoes
garbage_classification\clothes\clothes4292.jpg,clothes
garbage_classification\trash\trash519.jpg,trash
garbage_classification\biological\biological8.jpg,biological
garbage_classification\green-glass\green-glass27.jpg,green-glass
garbage_classification\clothes\clothes539.jpg,clothes
garbage_classification\cardboard\cardboard814.jpg,cardboard
garbage_classification\trash\trash8.jpg,trash
garbage_classification\biological\biological554.jpg,biological
garbage_classification\metal\metal43.jpg,metal
garbage_classification\shoes\shoes1340.jpg,shoes
garbage_classification\clothes\clothes1891.jpg,clothes
garbage_classification\brown-glass\brown-glass527.jpg,brown-glass
garbage_classification\green-glass\green-glass268.jpg,green-glass
garbage_classification\brown-glass\brown-glass606.jpg,brown-glass
garbage_classification\plastic\plastic725.jpg,plastic
garbage_classification\plastic\plastic601.jpg,plastic
garbage_classification\clothes\clothes1454.jpg,clothes
garbage_classification\clothes\clothes2746.jpg,clothes
garbage_classification\clothes\clothes2581.jpg,clothes
garbage_classification\green-glass\green-glass40.jpg,green-glass
garbage_classification\cardboard\cardboard807.jpg,cardboard
garbage_classification\plastic\plastic583.jpg,plastic
garbage_classification\battery\battery35.jpg,battery
garbage_classification\cardboard\cardboard570.jpg,cardboard
garbage_classification\paper\paper258.jpg,paper
garbage_classification\trash\trash166.jpg,trash
garbage_classification\clothes\clothes755.jpg,clothes
garbage_classification\white-glass\white-glass454.jpg,white-glass
garbage_classification\biological\biological790.jpg,biological
garbage_classification\clothes\clothes757.jpg,clothes
garbage_classification\clothes\clothes1164.jpg,clothes
garbage_classification\paper\paper750.jpg,paper
garbage_classification\brown-glass\brown-glass360.jpg,brown-glass
garbage_classification\clothes\clothes5044.jpg,clothes
garbage_classification\trash\trash614.jpg,trash
garbage_classification\battery\battery349.jpg,battery
garbage_classification\plastic\plastic441.jpg,plastic
garbage_classification\clothes\clothes1252.jpg,clothes
garbage_classification\clothes\clothes241.jpg,clothes
garbage_classification\paper\paper721.jpg,paper
garbage_classification\clothes\clothes3672.jpg,clothes
garbage_classification\clothes\clothes3876.jpg,clothes
garbage_classification\clothes\clothes2636.jpg,clothes
garbage_classification\paper\paper168.jpg,paper
garbage_classification\clothes\clothes3170.jpg,clothes
garbage_classification\clothes\clothes2768.jpg,clothes
garbage_classification\white-glass\white-glass40.jpg,white-glass
garbage_classification\clothes\clothes207.jpg,clothes
garbage_classification\brown-glass\brown-glass488.jpg,brown-glass
garbage_classification\battery\battery327.jpg,battery
garbage_classification\cardboard\cardboard314.jpg,cardboard
garbage_classification\metal\metal695.jpg,metal
garbage_classification\shoes\shoes193.jpg,shoes
garbage_classification\paper\paper961.jpg,paper
garbage_classification\plastic\plastic323.jpg,plastic
garbage_classification\clothes\clothes2927.jpg,clothes
garbage_classification\metal\metal255.jpg,metal
garbage_classification\clothes\clothes4995.jpg,clothes
garbage_classification\shoes\shoes1128.jpg,shoes
garbage_classification\cardboard\cardboard480.jpg,cardboard
garbage_classification\paper\paper917.jpg,paper
garbage_classification\paper\paper1041.jpg,paper
garbage_classification\trash\trash568.jpg,trash
garbage_classification\trash\trash330.jpg,trash
garbage_classification\cardboard\cardboard426.jpg,cardboard
garbage_classification\paper\paper980.jpg,paper
garbage_classification\green-glass\green-glass66.jpg,green-glass
garbage_classification\clothes\clothes4934.jpg,clothes
garbage_classification\clothes\clothes2873.jpg,clothes
garbage_classification\clothes\clothes3000.jpg,clothes
garbage_classification\trash\trash150.jpg,trash
garbage_classification\clothes\clothes3244.jpg,clothes
garbage_classification\clothes\clothes2994.jpg,clothes
garbage_classification\plastic\plastic18.jpg,plastic
garbage_classification\shoes\shoes106.jpg,shoes
garbage_classification\trash\trash282.jpg,trash
garbage_classification\clothes\clothes1373.jpg,clothes
garbage_classification\plastic\plastic159.jpg,plastic
garbage_classification\paper\paper1023.jpg,paper
garbage_classification\metal\metal198.jpg,metal
garbage_classification\shoes\shoes1327.jpg,shoes
garbage_classification\trash\trash537.jpg,trash
garbage_classification\clothes\clothes2380.jpg,clothes
garbage_classification\paper\paper571.jpg,paper
garbage_classification\clothes\clothes780.jpg,clothes
garbage_classification\paper\paper254.jpg,paper
garbage_classification\cardboard\cardboard560.jpg,cardboard
garbage_classification\brown-glass\brown-glass22.jpg,brown-glass
garbage_classification\metal\metal561.jpg,metal
garbage_classification\clothes\clothes4295.jpg,clothes
garbage_classification\trash\trash635.jpg,trash
garbage_classification\biological\biological755.jpg,biological
garbage_classification\paper\paper308.jpg,paper
garbage_classification\biological\biological471.jpg,biological
garbage_classification\biological\biological281.jpg,biological
garbage_classification\plastic\plastic332.jpg,plastic
garbage_classification\white-glass\white-glass484.jpg,white-glass
garbage_classification\white-glass\white-glass382.jpg,white-glass
garbage_classification\shoes\shoes927.jpg,shoes
garbage_classification\trash\trash572.jpg,trash
garbage_classification\green-glass\green-glass88.jpg,green-glass
garbage_classification\paper\paper147.jpg,paper
garbage_classification\biological\biological123.jpg,biological
garbage_classification\cardboard\cardboard324.jpg,cardboard
garbage_classification\trash\trash474.jpg,trash
garbage_classification\shoes\shoes968.jpg,shoes
garbage_classification\plastic\plastic430.jpg,plastic
garbage_classification\plastic\plastic358.jpg,plastic
garbage_classification\paper\paper530.jpg,paper
garbage_classification\clothes\clothes1233.jpg,clothes
garbage_classification\shoes\shoes1317.jpg,shoes
garbage_classification\paper\paper412.jpg,paper
garbage_classification\plastic\plastic612.jpg,plastic
garbage_classification\trash\trash672.jpg,trash
garbage_classification\plastic\plastic29.jpg,plastic
garbage_classification\clothes\clothes4854.jpg,clothes
garbage_classification\metal\metal32.jpg,metal
garbage_classification\metal\metal535.jpg,metal
garbage_classification\clothes\clothes3492.jpg,clothes
garbage_classification\green-glass\green-glass403.jpg,green-glass
garbage_classification\battery\battery421.jpg,battery
garbage_classification\shoes\shoes1707.jpg,shoes
garbage_classification\brown-glass\brown-glass203.jpg,brown-glass
garbage_classification\battery\battery927.jpg,battery
garbage_classification\clothes\clothes1819.jpg,clothes
garbage_classification\metal\metal321.jpg,metal
garbage_classification\cardboard\cardboard493.jpg,cardboard
garbage_classification\cardboard\cardboard646.jpg,cardboard
garbage_classification\paper\paper809.jpg,paper
garbage_classification\plastic\plastic418.jpg,plastic
garbage_classification\plastic\plastic462.jpg,plastic
garbage_classification\shoes\shoes1926.jpg,shoes
garbage_classification\shoes\shoes440.jpg,shoes
garbage_classification\brown-glass\brown-glass28.jpg,brown-glass
garbage_classification\clothes\clothes4930.jpg,clothes
garbage_classification\clothes\clothes4378.jpg,clothes
garbage_classification\plastic\plastic294.jpg,plastic
garbage_classification\clothes\clothes838.jpg,clothes
garbage_classification\metal\metal746.jpg,metal
garbage_classification\clothes\clothes1070.jpg,clothes
garbage_classification\clothes\clothes2707.jpg,clothes
garbage_classification\clothes\clothes5113.jpg,clothes
garbage_classification\plastic\plastic242.jpg,plastic
garbage_classification\clothes\clothes1293.jpg,clothes
garbage_classification\brown-glass\brown-glass331.jpg,brown-glass
garbage_classification\biological\biological781.jpg,biological
garbage_classification\cardboard\cardboard817.jpg,cardboard
garbage_classification\clothes\clothes2214.jpg,clothes
garbage_classification\battery\battery517.jpg,battery
garbage_classification\shoes\shoes1957.jpg,shoes
garbage_classification\clothes\clothes4115.jpg,clothes
garbage_classification\paper\paper347.jpg,paper
garbage_classification\brown-glass\brown-glass129.jpg,brown-glass
garbage_classification\plastic\plastic541.jpg,plastic
garbage_classification\cardboard\cardboard485.jpg,cardboard
garbage_classification\trash\trash683.jpg,trash
garbage_classification\biological\biological716.jpg,biological
garbage_classification\clothes\clothes3425.jpg,clothes
garbage_classification\plastic\plastic89.jpg,plastic
garbage_classification\paper\paper810.jpg,paper
garbage_classification\trash\trash589.jpg,trash
garbage_classification\clothes\clothes4275.jpg,clothes
garbage_classification\cardboard\cardboard766.jpg,cardboard
garbage_classification\brown-glass\brown-glass179.jpg,brown-glass
garbage_classification\green-glass\green-glass57.jpg,green-glass
garbage_classification\clothes\clothes5125.jpg,clothes
garbage_classification\metal\metal132.jpg,metal
garbage_classification\battery\battery500.jpg,battery
garbage_classification\biological\biological828.jpg,biological
garbage_classification\clothes\clothes5299.jpg,clothes
garbage_classification\clothes\clothes2262.jpg,clothes
garbage_classification\clothes\clothes532.jpg,clothes
garbage_classification\clothes\clothes3030.jpg,clothes
garbage_classification\clothes\clothes4978.jpg,clothes
garbage_classification\paper\paper1013.jpg,paper
garbage_classification\shoes\shoes369.jpg,shoes
garbage_classification\clothes\clothes4996.jpg,clothes
garbage_classification\cardboard\cardboard809.jpg,cardboard
garbage_classification\paper\paper383.jpg,paper
garbage_classification\clothes\clothes4798.jpg,clothes
garbage_classification\clothes\clothes4128.jpg,clothes
garbage_classification\trash\trash386.jpg,trash
garbage_classification\clothes\clothes2236.jpg,clothes
garbage_classification\white-glass\white-glass587.jpg,white-glass
garbage_classification\green-glass\green-glass180.jpg,green-glass
garbage_classification\clothes\clothes4647.jpg,clothes
garbage_classification\metal\metal451.jpg,metal
garbage_classification\white-glass\white-glass231.jpg,white-glass
garbage_classification\clothes\clothes127.jpg,clothes
garbage_classification\clothes\clothes1757.jpg,clothes
garbage_classification\plastic\plastic697.jpg,plastic
garbage_classification\clothes\clothes4740.jpg,clothes
garbage_classification\shoes\shoes1494.jpg,shoes
garbage_classification\shoes\shoes580.jpg,shoes
garbage_classification\clothes\clothes2804.jpg,clothes
garbage_classification\green-glass\green-glass289.jpg,green-glass
garbage_classification\metal\metal107.jpg,metal
garbage_classification\clothes\clothes3151.jpg,clothes
garbage_classification\biological\biological661.jpg,biological
garbage_classification\clothes\clothes3455.jpg,clothes
garbage_classification\clothes\clothes3052.jpg,clothes
garbage_classification\white-glass\white-glass486.jpg,white-glass
garbage_classification\shoes\shoes1142.jpg,shoes
garbage_classification\clothes\clothes2723.jpg,clothes
garbage_classification\paper\paper572.jpg,paper
garbage_classification\paper\paper711.jpg,paper
garbage_classification\green-glass\green-glass529.jpg,green-glass
garbage_classification\clothes\clothes252.jpg,clothes
garbage_classification\clothes\clothes1367.jpg,clothes
garbage_classification\clothes\clothes951.jpg,clothes
garbage_classification\cardboard\cardboard702.jpg,cardboard
garbage_classification\clothes\clothes4604.jpg,clothes
garbage_classification\cardboard\cardboard566.jpg,cardboard
garbage_classification\clothes\clothes4042.jpg,clothes
garbage_classification\clothes\clothes5143.jpg,clothes
garbage_classification\clothes\clothes2069.jpg,clothes
garbage_classification\shoes\shoes321.jpg,shoes
garbage_classification\biological\biological19.jpg,biological
garbage_classification\cardboard\cardboard522.jpg,cardboard
garbage_classification\trash\trash437.jpg,trash
garbage_classification\clothes\clothes2592.jpg,clothes
garbage_classification\trash\trash69.jpg,trash
garbage_classification\white-glass\white-glass740.jpg,white-glass
garbage_classification\clothes\clothes2312.jpg,clothes
garbage_classification\clothes\clothes309.jpg,clothes
garbage_classification\clothes\clothes123.jpg,clothes
garbage_classification\clothes\clothes5109.jpg,clothes
garbage_classification\shoes\shoes532.jpg,shoes
garbage_classification\clothes\clothes1984.jpg,clothes
garbage_classification\clothes\clothes5064.jpg,clothes
garbage_classification\metal\metal689.jpg,metal
garbage_classification\brown-glass\brown-glass314.jpg,brown-glass
garbage_classification\trash\trash87.jpg,trash
garbage_classification\shoes\shoes1332.jpg,shoes
garbage_classification\paper\paper976.jpg,paper
garbage_classification\shoes\shoes662.jpg,shoes
garbage_classification\white-glass\white-glass729.jpg,white-glass
garbage_classification\white-glass\white-glass390.jpg,white-glass
garbage_classification\clothes\clothes1860.jpg,clothes
garbage_classification\shoes\shoes277.jpg,shoes
garbage_classification\shoes\shoes263.jpg,shoes
garbage_classification\plastic\plastic178.jpg,plastic
garbage_classification\metal\metal205.jpg,metal
garbage_classification\plastic\plastic250.jpg,plastic
garbage_classification\biological\biological909.jpg,biological
garbage_classification\paper\paper995.jpg,paper
garbage_classification\cardboard\cardboard676.jpg,cardboard
garbage_classification\plastic\plastic616.jpg,plastic
garbage_classification\paper\paper756.jpg,paper
garbage_classification\clothes\clothes3911.jpg,clothes
garbage_classification\brown-glass\brown-glass411.jpg,brown-glass
garbage_classification\shoes\shoes10.jpg,shoes
garbage_classification\cardboard\cardboard771.jpg,cardboard
garbage_classification\biological\biological164.jpg,biological
garbage_classification\clothes\clothes2590.jpg,clothes
garbage_classification\clothes\clothes4988.jpg,clothes
garbage_classification\clothes\clothes933.jpg,clothes
garbage_classification\battery\battery422.jpg,battery
garbage_classification\biological\biological849.jpg,biological
garbage_classification\clothes\clothes108.jpg,clothes
garbage_classification\cardboard\cardboard100.jpg,cardboard
garbage_classification\battery\battery850.jpg,battery
garbage_classification\plastic\plastic638.jpg,plastic
garbage_classification\plastic\plastic362.jpg,plastic
garbage_classification\metal\metal465.jpg,metal
garbage_classification\shoes\shoes1721.jpg,shoes
garbage_classification\clothes\clothes1099.jpg,clothes
garbage_classification\shoes\shoes749.jpg,shoes
garbage_classification\battery\battery723.jpg,battery
garbage_classification\clothes\clothes3970.jpg,clothes
garbage_classification\shoes\shoes93.jpg,shoes
garbage_classification\shoes\shoes212.jpg,shoes
garbage_classification\white-glass\white-glass763.jpg,white-glass
garbage_classification\clothes\clothes4768.jpg,clothes
garbage_classification\clothes\clothes1134.jpg,clothes
garbage_classification\trash\trash392.jpg,trash
garbage_classification\clothes\clothes3465.jpg,clothes
garbage_classification\clothes\clothes2389.jpg,clothes
garbage_classification\white-glass\white-glass630.jpg,white-glass
garbage_classification\trash\trash209.jpg,trash
garbage_classification\biological\biological738.jpg,biological
garbage_classification\trash\trash185.jpg,trash
garbage_classification\plastic\plastic14.jpg,plastic
garbage_classification\shoes\shoes608.jpg,shoes
garbage_classification\metal\metal77.jpg,metal
garbage_classification\clothes\clothes1044.jpg,clothes
garbage_classification\clothes\clothes4937.jpg,clothes
garbage_classification\clothes\clothes1780.jpg,clothes
garbage_classification\clothes\clothes4766.jpg,clothes
garbage_classification\clothes\clothes2938.jpg,clothes
garbage_classification\paper\paper685.jpg,paper
garbage_classification\metal\metal725.jpg,metal
garbage_classification\clothes\clothes2519.jpg,clothes
garbage_classification\clothes\clothes234.jpg,clothes
garbage_classification\shoes\shoes180.jpg,shoes
garbage_classification\clothes\clothes1125.jpg,clothes
garbage_classification\biological\biological17.jpg,biological
garbage_classification\trash\trash13.jpg,trash
garbage_classification\trash\trash646.jpg,trash
garbage_classification\clothes\clothes4671.jpg,clothes
garbage_classification\clothes\clothes3050.jpg,clothes
garbage_classification\trash\trash293.jpg,trash
garbage_classification\brown-glass\brown-glass47.jpg,brown-glass
garbage_classification\clothes\clothes2689.jpg,clothes
garbage_classification\shoes\shoes17.jpg,shoes
garbage_classification\green-glass\green-glass590.jpg,green-glass
garbage_classification\brown-glass\brown-glass82.jpg,brown-glass
garbage_classification\biological\biological239.jpg,biological
garbage_classification\cardboard\cardboard239.jpg,cardboard
garbage_classification\biological\biological290.jpg,biological
garbage_classification\metal\metal756.jpg,metal
garbage_classification\clothes\clothes1058.jpg,clothes
garbage_classification\shoes\shoes405.jpg,shoes
garbage_classification\clothes\clothes1497.jpg,clothes
garbage_classification\trash\trash34.jpg,trash
garbage_classification\clothes\clothes2387.jpg,clothes
garbage_classification\biological\biological794.jpg,biological
garbage_classification\metal\metal96.jpg,metal
garbage_classification\clothes\clothes1092.jpg,clothes
garbage_classification\paper\paper370.jpg,paper
garbage_classification\paper\paper713.jpg,paper
garbage_classification\shoes\shoes1260.jpg,shoes
garbage_classification\battery\battery570.jpg,battery
garbage_classification\plastic\plastic766.jpg,plastic
garbage_classification\white-glass\white-glass25.jpg,white-glass
garbage_classification\paper\paper129.jpg,paper
garbage_classification\battery\battery443.jpg,battery
garbage_classification\green-glass\green-glass16.jpg,green-glass
garbage_classification\brown-glass\brown-glass186.jpg,brown-glass
garbage_classification\brown-glass\brown-glass52.jpg,brown-glass
garbage_classification\metal\metal646.jpg,metal
garbage_classification\battery\battery166.jpg,battery
garbage_classification\white-glass\white-glass203.jpg,white-glass
garbage_classification\clothes\clothes1430.jpg,clothes
garbage_classification\trash\trash419.jpg,trash
garbage_classification\clothes\clothes1997.jpg,clothes
garbage_classification\plastic\plastic40.jpg,plastic
garbage_classification\biological\biological127.jpg,biological
garbage_classification\clothes\clothes107.jpg,clothes
garbage_classification\paper\paper871.jpg,paper
garbage_classification\clothes\clothes4923.jpg,clothes
garbage_classification\plastic\plastic138.jpg,plastic
garbage_classification\clothes\clothes2901.jpg,clothes
garbage_classification\green-glass\green-glass242.jpg,green-glass
garbage_classification\biological\biological424.jpg,biological
garbage_classification\clothes\clothes2825.jpg,clothes
garbage_classification\shoes\shoes1591.jpg,shoes
garbage_classification\paper\paper843.jpg,paper
garbage_classification\white-glass\white-glass468.jpg,white-glass
garbage_classification\biological\biological372.jpg,biological
garbage_classification\paper\paper492.jpg,paper
garbage_classification\paper\paper313.jpg,paper
garbage_classification\paper\paper780.jpg,paper
garbage_classification\battery\battery921.jpg,battery
garbage_classification\shoes\shoes2.jpg,shoes
garbage_classification\paper\paper557.jpg,paper
garbage_classification\clothes\clothes4398.jpg,clothes
garbage_classification\clothes\clothes3692.jpg,clothes
garbage_classification\green-glass\green-glass429.jpg,green-glass
garbage_classification\shoes\shoes1073.jpg,shoes
garbage_classification\brown-glass\brown-glass206.jpg,brown-glass
garbage_classification\clothes\clothes2660.jpg,clothes
garbage_classification\shoes\shoes1081.jpg,shoes
garbage_classification\biological\biological38.jpg,biological
garbage_classification\clothes\clothes2486.jpg,clothes
garbage_classification\shoes\shoes643.jpg,shoes
garbage_classification\green-glass\green-glass431.jpg,green-glass
garbage_classification\biological\biological262.jpg,biological
garbage_classification\plastic\plastic447.jpg,plastic
garbage_classification\white-glass\white-glass37.jpg,white-glass
garbage_classification\shoes\shoes75.jpg,shoes
garbage_classification\clothes\clothes869.jpg,clothes
garbage_classification\brown-glass\brown-glass23.jpg,brown-glass
garbage_classification\shoes\shoes1742.jpg,shoes
garbage_classification\shoes\shoes1434.jpg,shoes
garbage_classification\paper\paper82.jpg,paper
garbage_classification\clothes\clothes2140.jpg,clothes
garbage_classification\clothes\clothes4423.jpg,clothes
garbage_classification\battery\battery160.jpg,battery
garbage_classification\clothes\clothes4703.jpg,clothes
garbage_classification\cardboard\cardboard765.jpg,cardboard
garbage_classification\clothes\clothes959.jpg,clothes
garbage_classification\trash\trash447.jpg,trash
garbage_classification\clothes\clothes847.jpg,clothes
garbage_classification\clothes\clothes3747.jpg,clothes
garbage_classification\shoes\shoes1062.jpg,shoes
garbage_classification\clothes\clothes458.jpg,clothes
garbage_classification\clothes\clothes3868.jpg,clothes
garbage_classification\clothes\clothes4145.jpg,clothes
garbage_classification\plastic\plastic761.jpg,plastic
garbage_classification\clothes\clothes3859.jpg,clothes
garbage_classification\battery\battery339.jpg,battery
garbage_classification\white-glass\white-glass61.jpg,white-glass
garbage_classification\white-glass\white-glass361.jpg,white-glass
garbage_classification\trash\trash18.jpg,trash
garbage_classification\white-glass\white-glass1.jpg,white-glass
garbage_classification\shoes\shoes87.jpg,shoes
garbage_classification\clothes\clothes3833.jpg,clothes
garbage_classification\paper\paper941.jpg,paper
garbage_classification\white-glass\white-glass384.jpg,white-glass
garbage_classification\cardboard\cardboard10.jpg,cardboard
garbage_classification\clothes\clothes3684.jpg,clothes
garbage_classification\clothes\clothes229.jpg,clothes
garbage_classification\shoes\shoes219.jpg,shoes
garbage_classification\clothes\clothes2436.jpg,clothes
garbage_classification\biological\biological518.jpg,biological
garbage_classification\clothes\clothes3779.jpg,clothes
garbage_classification\shoes\shoes216.jpg,shoes
garbage_classification\clothes\clothes4810.jpg,clothes
garbage_classification\clothes\clothes4869.jpg,clothes
garbage_classification\clothes\clothes4658.jpg,clothes
garbage_classification\shoes\shoes301.jpg,shoes
garbage_classification\white-glass\white-glass707.jpg,white-glass
garbage_classification\clothes\clothes3083.jpg,clothes
garbage_classification\white-glass\white-glass9.jpg,white-glass
garbage_classification\paper\paper705.jpg,paper
garbage_classification\green-glass\green-glass189.jpg,green-glass
garbage_classification\clothes\clothes2887.jpg,clothes
garbage_classification\paper\paper136.jpg,paper
garbage_classification\shoes\shoes1379.jpg,shoes
garbage_classification\biological\biological888.jpg,biological
garbage_classification\plastic\plastic39.jpg,plastic
garbage_classification\biological\biological308.jpg,biological
garbage_classification\trash\trash460.jpg,trash
garbage_classification\clothes\clothes5099.jpg,clothes
garbage_classification\trash\trash100.jpg,trash
garbage_classification\green-glass\green-glass525.jpg,green-glass
garbage_classification\white-glass\white-glass367.jpg,white-glass
garbage_classification\brown-glass\brown-glass533.jpg,brown-glass
garbage_classification\paper\paper328.jpg,paper
garbage_classification\shoes\shoes1076.jpg,shoes
garbage_classification\shoes\shoes880.jpg,shoes
garbage_classification\trash\trash528.jpg,trash
garbage_classification\cardboard\cardboard847.jpg,cardboard
garbage_classification\white-glass\white-glass472.jpg,white-glass
garbage_classification\cardboard\cardboard432.jpg,cardboard
garbage_classification\clothes\clothes2252.jpg,clothes
garbage_classification\biological\biological651.jpg,biological
garbage_classification\paper\paper915.jpg,paper
garbage_classification\metal\metal407.jpg,metal
garbage_classification\paper\paper633.jpg,paper
garbage_classification\cardboard\cardboard188.jpg,cardboard
garbage_classification\shoes\shoes975.jpg,shoes
garbage_classification\metal\metal620.jpg,metal
garbage_classification\clothes\clothes436.jpg,clothes
garbage_classification\clothes\clothes4748.jpg,clothes
garbage_classification\trash\trash177.jpg,trash
garbage_classification\metal\metal78.jpg,metal
garbage_classification\shoes\shoes1070.jpg,shoes
garbage_classification\biological\biological984.jpg,biological
garbage_classification\clothes\clothes4667.jpg,clothes
garbage_classification\clothes\clothes2537.jpg,clothes
garbage_classification\white-glass\white-glass533.jpg,white-glass
garbage_classification\plastic\plastic307.jpg,plastic
garbage_classification\brown-glass\brown-glass252.jpg,brown-glass
garbage_classification\trash\trash407.jpg,trash
garbage_classification\plastic\plastic425.jpg,plastic
garbage_classification\biological\biological935.jpg,biological
garbage_classification\clothes\clothes1086.jpg,clothes
garbage_classification\plastic\plastic645.jpg,plastic
garbage_classification\brown-glass\brown-glass268.jpg,brown-glass
garbage_classification\battery\battery103.jpg,battery
garbage_classification\clothes\clothes625.jpg,clothes
garbage_classification\green-glass\green-glass295.jpg,green-glass
garbage_classification\clothes\clothes4900.jpg,clothes
garbage_classification\battery\battery393.jpg,battery
garbage_classification\trash\trash102.jpg,trash
garbage_classification\plastic\plastic655.jpg,plastic
garbage_classification\plastic\plastic532.jpg,plastic
garbage_classification\clothes\clothes383.jpg,clothes
garbage_classification\shoes\shoes1138.jpg,shoes
garbage_classification\clothes\clothes4399.jpg,clothes
garbage_classification\plastic\plastic664.jpg,plastic
garbage_classification\clothes\clothes3728.jpg,clothes
garbage_classification\plastic\plastic618.jpg,plastic
garbage_classification\clothes\clothes1702.jpg,clothes
garbage_classification\paper\paper500.jpg,paper
garbage_classification\shoes\shoes1960.jpg,shoes
garbage_classification\paper\paper718.jpg,paper
garbage_classification\clothes\clothes178.jpg,clothes
garbage_classification\shoes\shoes937.jpg,shoes
garbage_classification\clothes\clothes342.jpg,clothes
garbage_classification\battery\battery332.jpg,battery
garbage_classification\clothes\clothes4421.jpg,clothes
garbage_classification\clothes\clothes5066.jpg,clothes
garbage_classification\clothes\clothes2612.jpg,clothes
garbage_classification\metal\metal566.jpg,metal
garbage_classification\clothes\clothes1893.jpg,clothes
garbage_classification\clothes\clothes1289.jpg,clothes
garbage_classification\battery\battery489.jpg,battery
garbage_classification\shoes\shoes631.jpg,shoes
garbage_classification\clothes\clothes4800.jpg,clothes
garbage_classification\brown-glass\brown-glass467.jpg,brown-glass
garbage_classification\green-glass\green-glass102.jpg,green-glass
garbage_classification\clothes\clothes2484.jpg,clothes
garbage_classification\metal\metal462.jpg,metal
garbage_classification\clothes\clothes886.jpg,clothes
garbage_classification\shoes\shoes848.jpg,shoes
garbage_classification\clothes\clothes1767.jpg,clothes
garbage_classification\clothes\clothes2325.jpg,clothes
garbage_classification\clothes\clothes2855.jpg,clothes
garbage_classification\shoes\shoes687.jpg,shoes
garbage_classification\shoes\shoes1664.jpg,shoes
garbage_classification\metal\metal643.jpg,metal
garbage_classification\plastic\plastic626.jpg,plastic
garbage_classification\white-glass\white-glass99.jpg,white-glass
garbage_classification\battery\battery432.jpg,battery
garbage_classification\shoes\shoes1854.jpg,shoes
garbage_classification\white-glass\white-glass20.jpg,white-glass
garbage_classification\plastic\plastic23.jpg,plastic
garbage_classification\clothes\clothes2610.jpg,clothes
garbage_classification\white-glass\white-glass766.jpg,white-glass
garbage_classification\shoes\shoes1278.jpg,shoes
garbage_classification\clothes\clothes766.jpg,clothes
garbage_classification\cardboard\cardboard99.jpg,cardboard
garbage_classification\clothes\clothes3600.jpg,clothes
garbage_classification\clothes\clothes4702.jpg,clothes
garbage_classification\plastic\plastic240.jpg,plastic
garbage_classification\white-glass\white-glass503.jpg,white-glass
garbage_classification\plastic\plastic494.jpg,plastic
garbage_classification\paper\paper377.jpg,paper
garbage_classification\clothes\clothes3628.jpg,clothes
garbage_classification\biological\biological203.jpg,biological
garbage_classification\clothes\clothes5227.jpg,clothes
garbage_classification\clothes\clothes2830.jpg,clothes
garbage_classification\clothes\clothes2666.jpg,clothes
garbage_classification\clothes\clothes1603.jpg,clothes
garbage_classification\clothes\clothes1635.jpg,clothes
garbage_classification\clothes\clothes5142.jpg,clothes
garbage_classification\clothes\clothes1868.jpg,clothes
garbage_classification\clothes\clothes1206.jpg,clothes
garbage_classification\plastic\plastic66.jpg,plastic
garbage_classification\shoes\shoes38.jpg,shoes
garbage_classification\shoes\shoes1807.jpg,shoes
garbage_classification\clothes\clothes143.jpg,clothes
garbage_classification\biological\biological703.jpg,biological
garbage_classification\shoes\shoes261.jpg,shoes
garbage_classification\shoes\shoes1099.jpg,shoes
garbage_classification\trash\trash81.jpg,trash
garbage_classification\clothes\clothes1996.jpg,clothes
garbage_classification\clothes\clothes3724.jpg,clothes
garbage_classification\green-glass\green-glass255.jpg,green-glass
garbage_classification\white-glass\white-glass152.jpg,white-glass
garbage_classification\brown-glass\brown-glass240.jpg,brown-glass
garbage_classification\clothes\clothes1028.jpg,clothes
garbage_classification\clothes\clothes2931.jpg,clothes
garbage_classification\brown-glass\brown-glass464.jpg,brown-glass
garbage_classification\metal\metal700.jpg,metal
garbage_classification\clothes\clothes2864.jpg,clothes
garbage_classification\clothes\clothes5271.jpg,clothes
garbage_classification\plastic\plastic342.jpg,plastic
garbage_classification\cardboard\cardboard80.jpg,cardboard
garbage_classification\paper\paper43.jpg,paper
garbage_classification\battery\battery674.jpg,battery
garbage_classification\trash\trash549.jpg,trash
garbage_classification\plastic\plastic440.jpg,plastic
garbage_classification\clothes\clothes2301.jpg,clothes
garbage_classification\cardboard\cardboard644.jpg,cardboard
garbage_classification\metal\metal243.jpg,metal
garbage_classification\clothes\clothes4284.jpg,clothes
garbage_classification\plastic\plastic243.jpg,plastic
garbage_classification\green-glass\green-glass333.jpg,green-glass
garbage_classification\plastic\plastic550.jpg,plastic
garbage_classification\cardboard\cardboard54.jpg,cardboard
garbage_classification\clothes\clothes5029.jpg,clothes
garbage_classification\shoes\shoes1936.jpg,shoes
garbage_classification\trash\trash244.jpg,trash
garbage_classification\biological\biological382.jpg,biological
garbage_classification\green-glass\green-glass267.jpg,green-glass
garbage_classification\clothes\clothes3874.jpg,clothes
garbage_classification\clothes\clothes3587.jpg,clothes
garbage_classification\cardboard\cardboard520.jpg,cardboard
garbage_classification\clothes\clothes3282.jpg,clothes
garbage_classification\brown-glass\brown-glass139.jpg,brown-glass
garbage_classification\battery\battery497.jpg,battery
garbage_classification\clothes\clothes3459.jpg,clothes
garbage_classification\cardboard\cardboard313.jpg,cardboard
garbage_classification\clothes\clothes2546.jpg,clothes
garbage_classification\battery\battery628.jpg,battery
garbage_classification\paper\paper859.jpg,paper
garbage_classification\battery\battery903.jpg,battery
garbage_classification\white-glass\white-glass247.jpg,white-glass
garbage_classification\cardboard\cardboard625.jpg,cardboard
garbage_classification\clothes\clothes4919.jpg,clothes
garbage_classification\clothes\clothes2199.jpg,clothes
garbage_classification\brown-glass\brown-glass487.jpg,brown-glass
garbage_classification\white-glass\white-glass695.jpg,white-glass
garbage_classification\white-glass\white-glass149.jpg,white-glass
garbage_classification\cardboard\cardboard628.jpg,cardboard
garbage_classification\metal\metal35.jpg,metal
garbage_classification\clothes\clothes111.jpg,clothes
garbage_classification\clothes\clothes4172.jpg,clothes
garbage_classification\clothes\clothes2878.jpg,clothes
garbage_classification\metal\metal582.jpg,metal
garbage_classification\paper\paper574.jpg,paper
garbage_classification\plastic\plastic341.jpg,plastic
garbage_classification\plastic\plastic547.jpg,plastic
garbage_classification\clothes\clothes4203.jpg,clothes
garbage_classification\cardboard\cardboard376.jpg,cardboard
garbage_classification\cardboard\cardboard258.jpg,cardboard
garbage_classification\clothes\clothes4382.jpg,clothes
garbage_classification\clothes\clothes2897.jpg,clothes
garbage_classification\biological\biological371.jpg,biological
garbage_classification\plastic\plastic691.jpg,plastic
garbage_classification\plastic\plastic617.jpg,plastic
garbage_classification\clothes\clothes304.jpg,clothes
garbage_classification\clothes\clothes3163.jpg,clothes
garbage_classification\clothes\clothes868.jpg,clothes
garbage_classification\trash\trash170.jpg,trash
garbage_classification\clothes\clothes2094.jpg,clothes
garbage_classification\clothes\clothes4339.jpg,clothes
garbage_classification\clothes\clothes3110.jpg,clothes
garbage_classification\trash\trash235.jpg,trash
garbage_classification\trash\trash176.jpg,trash
garbage_classification\biological\biological46.jpg,biological
garbage_classification\biological\biological334.jpg,biological
garbage_classification\clothes\clothes2422.jpg,clothes
garbage_classification\plastic\plastic308.jpg,plastic
garbage_classification\trash\trash127.jpg,trash
garbage_classification\clothes\clothes508.jpg,clothes
garbage_classification\clothes\clothes1956.jpg,clothes
garbage_classification\trash\trash331.jpg,trash
garbage_classification\metal\metal254.jpg,metal
garbage_classification\battery\battery852.jpg,battery
garbage_classification\cardboard\cardboard489.jpg,cardboard
garbage_classification\clothes\clothes5001.jpg,clothes
garbage_classification\clothes\clothes2522.jpg,clothes
garbage_classification\cardboard\cardboard132.jpg,cardboard
garbage_classification\clothes\clothes3820.jpg,clothes
garbage_classification\paper\paper793.jpg,paper
garbage_classification\brown-glass\brown-glass187.jpg,brown-glass
garbage_classification\battery\battery483.jpg,battery
garbage_classification\shoes\shoes534.jpg,shoes
garbage_classification\clothes\clothes4159.jpg,clothes
garbage_classification\brown-glass\brown-glass18.jpg,brown-glass
garbage_classification\clothes\clothes4974.jpg,clothes
garbage_classification\clothes\clothes4061.jpg,clothes
garbage_classification\cardboard\cardboard155.jpg,cardboard
garbage_classification\cardboard\cardboard90.jpg,cardboard
garbage_classification\shoes\shoes1180.jpg,shoes
garbage_classification\cardboard\cardboard532.jpg,cardboard
garbage_classification\clothes\clothes1333.jpg,clothes
garbage_classification\brown-glass\brown-glass103.jpg,brown-glass
garbage_classification\plastic\plastic297.jpg,plastic
garbage_classification\brown-glass\brown-glass463.jpg,brown-glass
garbage_classification\paper\paper203.jpg,paper
garbage_classification\shoes\shoes1423.jpg,shoes
garbage_classification\metal\metal622.jpg,metal
garbage_classification\clothes\clothes2499.jpg,clothes
garbage_classification\clothes\clothes5309.jpg,clothes
garbage_classification\battery\battery487.jpg,battery
garbage_classification\battery\battery272.jpg,battery
garbage_classification\shoes\shoes838.jpg,shoes
garbage_classification\shoes\shoes1228.jpg,shoes
garbage_classification\shoes\shoes1191.jpg,shoes
garbage_classification\white-glass\white-glass62.jpg,white-glass
garbage_classification\clothes\clothes1651.jpg,clothes
garbage_classification\trash\trash463.jpg,trash
garbage_classification\brown-glass\brown-glass20.jpg,brown-glass
garbage_classification\paper\paper171.jpg,paper
garbage_classification\biological\biological139.jpg,biological
garbage_classification\cardboard\cardboard28.jpg,cardboard
garbage_classification\clothes\clothes292.jpg,clothes
garbage_classification\shoes\shoes926.jpg,shoes
garbage_classification\clothes\clothes3359.jpg,clothes
garbage_classification\clothes\clothes2587.jpg,clothes
garbage_classification\plastic\plastic41.jpg,plastic
garbage_classification\clothes\clothes3004.jpg,clothes
garbage_classification\green-glass\green-glass418.jpg,green-glass
garbage_classification\battery\battery518.jpg,battery
garbage_classification\clothes\clothes3072.jpg,clothes
garbage_classification\shoes\shoes604.jpg,shoes
garbage_classification\shoes\shoes511.jpg,shoes
garbage_classification\white-glass\white-glass300.jpg,white-glass
garbage_classification\white-glass\white-glass552.jpg,white-glass
garbage_classification\battery\battery319.jpg,battery
garbage_classification\green-glass\green-glass557.jpg,green-glass
garbage_classification\shoes\shoes888.jpg,shoes
garbage_classification\clothes\clothes4236.jpg,clothes
garbage_classification\clothes\clothes1681.jpg,clothes
garbage_classification\battery\battery762.jpg,battery
garbage_classification\clothes\clothes62.jpg,clothes
garbage_classification\battery\battery574.jpg,battery
garbage_classification\clothes\clothes4494.jpg,clothes
garbage_classification\trash\trash456.jpg,trash
garbage_classification\biological\biological57.jpg,biological
garbage_classification\white-glass\white-glass90.jpg,white-glass
garbage_classification\clothes\clothes4597.jpg,clothes
garbage_classification\shoes\shoes1023.jpg,shoes
garbage_classification\metal\metal424.jpg,metal
garbage_classification\clothes\clothes658.jpg,clothes
garbage_classification\shoes\shoes712.jpg,shoes
garbage_classification\shoes\shoes291.jpg,shoes
garbage_classification\clothes\clothes4742.jpg,clothes
garbage_classification\green-glass\green-glass196.jpg,green-glass
garbage_classification\white-glass\white-glass464.jpg,white-glass
garbage_classification\shoes\shoes1444.jpg,shoes
garbage_classification\white-glass\white-glass644.jpg,white-glass
garbage_classification\trash\trash221.jpg,trash
garbage_classification\clothes\clothes320.jpg,clothes
garbage_classification\clothes\clothes5153.jpg,clothes
garbage_classification\green-glass\green-glass257.jpg,green-glass
garbage_classification\brown-glass\brown-glass375.jpg,brown-glass
garbage_classification\clothes\clothes4867.jpg,clothes
garbage_classification\biological\biological88.jpg,biological
garbage_classification\biological\biological863.jpg,biological
garbage_classification\shoes\shoes1065.jpg,shoes
garbage_classification\shoes\shoes528.jpg,shoes
garbage_classification\white-glass\white-glass624.jpg,white-glass
garbage_classification\white-glass\white-glass77.jpg,white-glass
garbage_classification\trash\trash281.jpg,trash
garbage_classification\clothes\clothes3922.jpg,clothes
garbage_classification\clothes\clothes2697.jpg,clothes
garbage_classification\clothes\clothes5260.jpg,clothes
garbage_classification\brown-glass\brown-glass76.jpg,brown-glass
garbage_classification\paper\paper439.jpg,paper
garbage_classification\clothes\clothes183.jpg,clothes
garbage_classification\paper\paper938.jpg,paper
garbage_classification\battery\battery55.jpg,battery
garbage_classification\clothes\clothes396.jpg,clothes
garbage_classification\clothes\clothes2609.jpg,clothes
garbage_classification\paper\paper908.jpg,paper
garbage_classification\brown-glass\brown-glass582.jpg,brown-glass
garbage_classification\white-glass\white-glass672.jpg,white-glass
garbage_classification\biological\biological30.jpg,biological
garbage_classification\metal\metal579.jpg,metal
garbage_classification\clothes\clothes4270.jpg,clothes
garbage_classification\clothes\clothes4885.jpg,clothes
garbage_classification\battery\battery816.jpg,battery
garbage_classification\white-glass\white-glass326.jpg,white-glass
garbage_classification\clothes\clothes4774.jpg,clothes
garbage_classification\plastic\plastic421.jpg,plastic
garbage_classification\clothes\clothes1465.jpg,clothes
garbage_classification\clothes\clothes3834.jpg,clothes
garbage_classification\cardboard\cardboard65.jpg,cardboard
garbage_classification\shoes\shoes1147.jpg,shoes
garbage_classification\clothes\clothes1752.jpg,clothes
garbage_classification\clothes\clothes2253.jpg,clothes
garbage_classification\clothes\clothes897.jpg,clothes
garbage_classification\shoes\shoes655.jpg,shoes
garbage_classification\paper\paper456.jpg,paper
garbage_classification\white-glass\white-glass457.jpg,white-glass
garbage_classification\clothes\clothes4361.jpg,clothes
garbage_classification\metal\metal257.jpg,metal
garbage_classification\clothes\clothes4169.jpg,clothes
garbage_classification\white-glass\white-glass452.jpg,white-glass
garbage_classification\clothes\clothes4155.jpg,clothes
garbage_classification\paper\paper537.jpg,paper
garbage_classification\clothes\clothes4575.jpg,clothes
garbage_classification\clothes\clothes2089.jpg,clothes
garbage_classification\shoes\shoes1350.jpg,shoes
garbage_classification\green-glass\green-glass363.jpg,green-glass
garbage_classification\plastic\plastic719.jpg,plastic
garbage_classification\clothes\clothes4835.jpg,clothes
garbage_classification\clothes\clothes3470.jpg,clothes
garbage_classification\plastic\plastic62.jpg,plastic
garbage_classification\white-glass\white-glass646.jpg,white-glass
garbage_classification\clothes\clothes5117.jpg,clothes
garbage_classification\clothes\clothes5310.jpg,clothes
garbage_classification\battery\battery217.jpg,battery
garbage_classification\shoes\shoes1066.jpg,shoes
garbage_classification\battery\battery537.jpg,battery
garbage_classification\trash\trash385.jpg,trash
garbage_classification\shoes\shoes633.jpg,shoes
garbage_classification\shoes\shoes1815.jpg,shoes
garbage_classification\paper\paper144.jpg,paper
garbage_classification\metal\metal187.jpg,metal
garbage_classification\clothes\clothes1296.jpg,clothes
garbage_classification\clothes\clothes4475.jpg,clothes
garbage_classification\shoes\shoes1506.jpg,shoes
garbage_classification\cardboard\cardboard572.jpg,cardboard
garbage_classification\biological\biological117.jpg,biological
garbage_classification\battery\battery943.jpg,battery
garbage_classification\shoes\shoes1193.jpg,shoes
garbage_classification\battery\battery239.jpg,battery
garbage_classification\paper\paper556.jpg,paper
garbage_classification\biological\biological881.jpg,biological
garbage_classification\clothes\clothes4977.jpg,clothes
garbage_classification\biological\biological358.jpg,biological
garbage_classification\clothes\clothes2675.jpg,clothes
garbage_classification\green-glass\green-glass142.jpg,green-glass
garbage_classification\battery\battery698.jpg,battery
garbage_classification\clothes\clothes4507.jpg,clothes
garbage_classification\trash\trash417.jpg,trash
garbage_classification\shoes\shoes594.jpg,shoes
garbage_classification\white-glass\white-glass524.jpg,white-glass
garbage_classification\shoes\shoes571.jpg,shoes
garbage_classification\shoes\shoes1441.jpg,shoes
garbage_classification\green-glass\green-glass541.jpg,green-glass
garbage_classification\plastic\plastic714.jpg,plastic
garbage_classification\clothes\clothes4609.jpg,clothes
garbage_classification\clothes\clothes1170.jpg,clothes
garbage_classification\white-glass\white-glass234.jpg,white-glass
garbage_classification\biological\biological131.jpg,biological
garbage_classification\paper\paper865.jpg,paper
garbage_classification\battery\battery1.jpg,battery
garbage_classification\plastic\plastic25.jpg,plastic
garbage_classification\shoes\shoes546.jpg,shoes
garbage_classification\shoes\shoes849.jpg,shoes
garbage_classification\shoes\shoes1832.jpg,shoes
garbage_classification\clothes\clothes2761.jpg,clothes
garbage_classification\clothes\clothes1007.jpg,clothes
garbage_classification\clothes\clothes4706.jpg,clothes
garbage_classification\metal\metal437.jpg,metal
garbage_classification\white-glass\white-glass497.jpg,white-glass
garbage_classification\shoes\shoes990.jpg,shoes
garbage_classification\cardboard\cardboard23.jpg,cardboard
garbage_classification\plastic\plastic381.jpg,plastic
garbage_classification\shoes\shoes1908.jpg,shoes
garbage_classification\clothes\clothes2042.jpg,clothes
garbage_classification\clothes\clothes2156.jpg,clothes
garbage_classification\shoes\shoes884.jpg,shoes
garbage_classification\biological\biological701.jpg,biological
garbage_classification\white-glass\white-glass396.jpg,white-glass
garbage_classification\green-glass\green-glass272.jpg,green-glass
garbage_classification\shoes\shoes1687.jpg,shoes
garbage_classification\cardboard\cardboard248.jpg,cardboard
garbage_classification\clothes\clothes2044.jpg,clothes
garbage_classification\clothes\clothes393.jpg,clothes
garbage_classification\brown-glass\brown-glass14.jpg,brown-glass
garbage_classification\battery\battery664.jpg,battery
garbage_classification\paper\paper346.jpg,paper
garbage_classification\metal\metal160.jpg,metal
garbage_classification\clothes\clothes5302.jpg,clothes
garbage_classification\biological\biological146.jpg,biological
garbage_classification\clothes\clothes5203.jpg,clothes
garbage_classification\biological\biological270.jpg,biological
garbage_classification\clothes\clothes3701.jpg,clothes
garbage_classification\shoes\shoes1706.jpg,shoes
garbage_classification\trash\trash588.jpg,trash
garbage_classification\biological\biological503.jpg,biological
garbage_classification\shoes\shoes761.jpg,shoes
garbage_classification\battery\battery855.jpg,battery
garbage_classification\shoes\shoes1246.jpg,shoes
garbage_classification\plastic\plastic488.jpg,plastic
garbage_classification\clothes\clothes801.jpg,clothes
garbage_classification\clothes\clothes88.jpg,clothes
garbage_classification\shoes\shoes843.jpg,shoes
garbage_classification\trash\trash339.jpg,trash
garbage_classification\paper\paper697.jpg,paper
garbage_classification\paper\paper642.jpg,paper
garbage_classification\clothes\clothes1895.jpg,clothes
garbage_classification\battery\battery643.jpg,battery
garbage_classification\clothes\clothes917.jpg,clothes
garbage_classification\paper\paper525.jpg,paper
garbage_classification\cardboard\cardboard580.jpg,cardboard
garbage_classification\trash\trash548.jpg,trash
garbage_classification\plastic\plastic304.jpg,plastic
garbage_classification\metal\metal173.jpg,metal
garbage_classification\clothes\clothes1803.jpg,clothes
garbage_classification\shoes\shoes1771.jpg,shoes
garbage_classification\clothes\clothes1778.jpg,clothes
garbage_classification\clothes\clothes4397.jpg,clothes
garbage_classification\plastic\plastic580.jpg,plastic
garbage_classification\shoes\shoes1974.jpg,shoes
garbage_classification\shoes\shoes682.jpg,shoes
garbage_classification\shoes\shoes1146.jpg,shoes
garbage_classification\clothes\clothes1365.jpg,clothes
garbage_classification\clothes\clothes1278.jpg,clothes
garbage_classification\clothes\clothes450.jpg,clothes
garbage_classification\battery\battery301.jpg,battery
garbage_classification\clothes\clothes1886.jpg,clothes
garbage_classification\green-glass\green-glass576.jpg,green-glass
garbage_classification\clothes\clothes1525.jpg,clothes
garbage_classification\shoes\shoes994.jpg,shoes
garbage_classification\shoes\shoes1775.jpg,shoes
garbage_classification\clothes\clothes2462.jpg,clothes
garbage_classification\shoes\shoes97.jpg,shoes
garbage_classification\paper\paper89.jpg,paper
garbage_classification\battery\battery450.jpg,battery
garbage_classification\shoes\shoes826.jpg,shoes
garbage_classification\clothes\clothes2266.jpg,clothes
garbage_classification\clothes\clothes344.jpg,clothes
garbage_classification\white-glass\white-glass24.jpg,white-glass
garbage_classification\clothes\clothes552.jpg,clothes
garbage_classification\clothes\clothes4863.jpg,clothes
garbage_classification\metal\metal440.jpg,metal
garbage_classification\shoes\shoes526.jpg,shoes
garbage_classification\paper\paper16.jpg,paper
garbage_classification\plastic\plastic280.jpg,plastic
garbage_classification\clothes\clothes4233.jpg,clothes
garbage_classification\clothes\clothes4627.jpg,clothes
garbage_classification\clothes\clothes1616.jpg,clothes
garbage_classification\shoes\shoes78.jpg,shoes
garbage_classification\cardboard\cardboard674.jpg,cardboard
garbage_classification\shoes\shoes900.jpg,shoes
garbage_classification\white-glass\white-glass544.jpg,white-glass
garbage_classification\clothes\clothes617.jpg,clothes
garbage_classification\metal\metal428.jpg,metal
garbage_classification\green-glass\green-glass503.jpg,green-glass
garbage_classification\battery\battery767.jpg,battery
garbage_classification\shoes\shoes404.jpg,shoes
garbage_classification\clothes\clothes2690.jpg,clothes
garbage_classification\biological\biological374.jpg,biological
garbage_classification\clothes\clothes4536.jpg,clothes
garbage_classification\paper\paper397.jpg,paper
garbage_classification\shoes\shoes1111.jpg,shoes
garbage_classification\clothes\clothes2957.jpg,clothes
garbage_classification\clothes\clothes4107.jpg,clothes
garbage_classification\shoes\shoes1179.jpg,shoes
garbage_classification\plastic\plastic210.jpg,plastic
garbage_classification\clothes\clothes4455.jpg,clothes
garbage_classification\battery\battery418.jpg,battery
garbage_classification\biological\biological689.jpg,biological
garbage_classification\clothes\clothes1195.jpg,clothes
garbage_classification\clothes\clothes4008.jpg,clothes
garbage_classification\clothes\clothes3958.jpg,clothes
garbage_classification\clothes\clothes2348.jpg,clothes
garbage_classification\white-glass\white-glass155.jpg,white-glass
garbage_classification\clothes\clothes1568.jpg,clothes
garbage_classification\clothes\clothes2839.jpg,clothes
garbage_classification\brown-glass\brown-glass519.jpg,brown-glass
garbage_classification\battery\battery656.jpg,battery
garbage_classification\white-glass\white-glass386.jpg,white-glass
garbage_classification\plastic\plastic521.jpg,plastic
garbage_classification\shoes\shoes946.jpg,shoes
garbage_classification\shoes\shoes1635.jpg,shoes
garbage_classification\battery\battery522.jpg,battery
garbage_classification\cardboard\cardboard794.jpg,cardboard
garbage_classification\biological\biological913.jpg,biological
garbage_classification\clothes\clothes4960.jpg,clothes
garbage_classification\battery\battery104.jpg,battery
garbage_classification\battery\battery305.jpg,battery
garbage_classification\clothes\clothes412.jpg,clothes
garbage_classification\clothes\clothes4157.jpg,clothes
garbage_classification\clothes\clothes2572.jpg,clothes
garbage_classification\clothes\clothes2438.jpg,clothes
garbage_classification\biological\biological733.jpg,biological
garbage_classification\paper\paper85.jpg,paper
garbage_classification\paper\paper751.jpg,paper
garbage_classification\trash\trash625.jpg,trash
garbage_classification\paper\paper550.jpg,paper
garbage_classification\shoes\shoes56.jpg,shoes
garbage_classification\green-glass\green-glass158.jpg,green-glass
garbage_classification\clothes\clothes3554.jpg,clothes
garbage_classification\shoes\shoes948.jpg,shoes
garbage_classification\shoes\shoes1092.jpg,shoes
garbage_classification\shoes\shoes762.jpg,shoes
garbage_classification\metal\metal6.jpg,metal
garbage_classification\trash\trash391.jpg,trash
garbage_classification\cardboard\cardboard244.jpg,cardboard
garbage_classification\metal\metal564.jpg,metal
garbage_classification\cardboard\cardboard215.jpg,cardboard
garbage_classification\metal\metal736.jpg,metal
garbage_classification\clothes\clothes522.jpg,clothes
garbage_classification\green-glass\green-glass467.jpg,green-glass
garbage_classification\plastic\plastic174.jpg,plastic
garbage_classification\shoes\shoes199.jpg,shoes
garbage_classification\plastic\plastic120.jpg,plastic
garbage_classification\shoes\shoes71.jpg,shoes
garbage_classification\clothes\clothes1255.jpg,clothes
garbage_classification\clothes\clothes5040.jpg,clothes
garbage_classification\plastic\plastic509.jpg,plastic
garbage_classification\green-glass\green-glass468.jpg,green-glass
garbage_classification\clothes\clothes1669.jpg,clothes
garbage_classification\clothes\clothes4572.jpg,clothes
garbage_classification\battery\battery920.jpg,battery
garbage_classification\paper\paper403.jpg,paper
garbage_classification\shoes\shoes1047.jpg,shoes
garbage_classification\shoes\shoes867.jpg,shoes
garbage_classification\battery\battery543.jpg,battery
garbage_classification\clothes\clothes3881.jpg,clothes
garbage_classification\metal\metal289.jpg,metal
garbage_classification\clothes\clothes5146.jpg,clothes
garbage_classification\trash\trash640.jpg,trash
garbage_classification\trash\trash374.jpg,trash
garbage_classification\metal\metal36.jpg,metal
garbage_classification\clothes\clothes291.jpg,clothes
garbage_classification\shoes\shoes995.jpg,shoes
garbage_classification\battery\battery550.jpg,battery
garbage_classification\clothes\clothes359.jpg,clothes
garbage_classification\clothes\clothes390.jpg,clothes
garbage_classification\white-glass\white-glass379.jpg,white-glass
garbage_classification\shoes\shoes1421.jpg,shoes
garbage_classification\clothes\clothes2150.jpg,clothes
garbage_classification\clothes\clothes3830.jpg,clothes
garbage_classification\green-glass\green-glass535.jpg,green-glass
garbage_classification\white-glass\white-glass185.jpg,white-glass
garbage_classification\trash\trash35.jpg,trash
garbage_classification\shoes\shoes1432.jpg,shoes
garbage_classification\battery\battery520.jpg,battery
garbage_classification\metal\metal710.jpg,metal
garbage_classification\clothes\clothes1032.jpg,clothes
garbage_classification\metal\metal307.jpg,metal
garbage_classification\trash\trash693.jpg,trash
garbage_classification\plastic\plastic130.jpg,plastic
garbage_classification\paper\paper62.jpg,paper
garbage_classification\clothes\clothes219.jpg,clothes
garbage_classification\paper\paper516.jpg,paper
garbage_classification\clothes\clothes2863.jpg,clothes
garbage_classification\green-glass\green-glass79.jpg,green-glass
garbage_classification\clothes\clothes4016.jpg,clothes
garbage_classification\trash\trash323.jpg,trash
garbage_classification\clothes\clothes1034.jpg,clothes
garbage_classification\clothes\clothes1966.jpg,clothes
garbage_classification\clothes\clothes4724.jpg,clothes
garbage_classification\battery\battery177.jpg,battery
garbage_classification\battery\battery168.jpg,battery
garbage_classification\green-glass\green-glass560.jpg,green-glass
garbage_classification\clothes\clothes5046.jpg,clothes
garbage_classification\biological\biological534.jpg,biological
garbage_classification\plastic\plastic302.jpg,plastic
garbage_classification\cardboard\cardboard316.jpg,cardboard
garbage_classification\shoes\shoes779.jpg,shoes
garbage_classification\shoes\shoes155.jpg,shoes
garbage_classification\clothes\clothes1398.jpg,clothes
garbage_classification\battery\battery34.jpg,battery
garbage_classification\battery\battery554.jpg,battery
garbage_classification\white-glass\white-glass53.jpg,white-glass
garbage_classification\clothes\clothes3302.jpg,clothes
garbage_classification\paper\paper535.jpg,paper
garbage_classification\clothes\clothes4294.jpg,clothes
garbage_classification\paper\paper486.jpg,paper
garbage_classification\plastic\plastic367.jpg,plastic
garbage_classification\cardboard\cardboard367.jpg,cardboard
garbage_classification\cardboard\cardboard611.jpg,cardboard
garbage_classification\shoes\shoes381.jpg,shoes
garbage_classification\clothes\clothes2795.jpg,clothes
garbage_classification\cardboard\cardboard254.jpg,cardboard
garbage_classification\brown-glass\brown-glass131.jpg,brown-glass
garbage_classification\cardboard\cardboard629.jpg,cardboard
garbage_classification\metal\metal52.jpg,metal
garbage_classification\battery\battery600.jpg,battery
garbage_classification\paper\paper626.jpg,paper
garbage_classification\shoes\shoes1093.jpg,shoes
garbage_classification\trash\trash93.jpg,trash
garbage_classification\battery\battery680.jpg,battery
garbage_classification\clothes\clothes3871.jpg,clothes
garbage_classification\paper\paper274.jpg,paper
garbage_classification\paper\paper372.jpg,paper
garbage_classification\plastic\plastic333.jpg,plastic
garbage_classification\battery\battery580.jpg,battery
garbage_classification\cardboard\cardboard839.jpg,cardboard
garbage_classification\shoes\shoes1670.jpg,shoes
garbage_classification\cardboard\cardboard806.jpg,cardboard
garbage_classification\trash\trash41.jpg,trash
garbage_classification\clothes\clothes2402.jpg,clothes
garbage_classification\clothes\clothes3228.jpg,clothes
garbage_classification\clothes\clothes783.jpg,clothes
garbage_classification\clothes\clothes2352.jpg,clothes
garbage_classification\trash\trash525.jpg,trash
garbage_classification\trash\trash553.jpg,trash
garbage_classification\clothes\clothes77.jpg,clothes
garbage_classification\white-glass\white-glass463.jpg,white-glass
garbage_classification\clothes\clothes4299.jpg,clothes
garbage_classification\plastic\plastic566.jpg,plastic
garbage_classification\clothes\clothes2271.jpg,clothes
garbage_classification\shoes\shoes1196.jpg,shoes
garbage_classification\battery\battery879.jpg,battery
garbage_classification\clothes\clothes2543.jpg,clothes
garbage_classification\green-glass\green-glass216.jpg,green-glass
garbage_classification\clothes\clothes2155.jpg,clothes
garbage_classification\brown-glass\brown-glass225.jpg,brown-glass
garbage_classification\shoes\shoes15.jpg,shoes
garbage_classification\cardboard\cardboard737.jpg,cardboard
garbage_classification\cardboard\cardboard684.jpg,cardboard
garbage_classification\shoes\shoes1022.jpg,shoes
garbage_classification\biological\biological873.jpg,biological
garbage_classification\battery\battery266.jpg,battery
garbage_classification\metal\metal634.jpg,metal
garbage_classification\clothes\clothes3081.jpg,clothes
garbage_classification\clothes\clothes4708.jpg,clothes
garbage_classification\brown-glass\brown-glass145.jpg,brown-glass
garbage_classification\white-glass\white-glass94.jpg,white-glass
garbage_classification\green-glass\green-glass324.jpg,green-glass
garbage_classification\battery\battery313.jpg,battery
garbage_classification\clothes\clothes3489.jpg,clothes
garbage_classification\plastic\plastic760.jpg,plastic
garbage_classification\biological\biological347.jpg,biological
garbage_classification\shoes\shoes496.jpg,shoes
garbage_classification\plastic\plastic673.jpg,plastic
garbage_classification\shoes\shoes1548.jpg,shoes
garbage_classification\clothes\clothes3479.jpg,clothes
garbage_classification\clothes\clothes4263.jpg,clothes
garbage_classification\biological\biological301.jpg,biological
garbage_classification\clothes\clothes4586.jpg,clothes
garbage_classification\metal\metal719.jpg,metal
garbage_classification\white-glass\white-glass337.jpg,white-glass
garbage_classification\plastic\plastic363.jpg,plastic
garbage_classification\shoes\shoes395.jpg,shoes
garbage_classification\biological\biological264.jpg,biological
garbage_classification\clothes\clothes722.jpg,clothes
garbage_classification\cardboard\cardboard275.jpg,cardboard
garbage_classification\battery\battery265.jpg,battery
garbage_classification\green-glass\green-glass58.jpg,green-glass
garbage_classification\clothes\clothes575.jpg,clothes
garbage_classification\clothes\clothes2904.jpg,clothes
garbage_classification\brown-glass\brown-glass332.jpg,brown-glass
garbage_classification\green-glass\green-glass513.jpg,green-glass
garbage_classification\cardboard\cardboard209.jpg,cardboard
garbage_classification\clothes\clothes4569.jpg,clothes
garbage_classification\plastic\plastic265.jpg,plastic
garbage_classification\green-glass\green-glass583.jpg,green-glass
garbage_classification\plastic\plastic161.jpg,plastic
garbage_classification\clothes\clothes5013.jpg,clothes
garbage_classification\clothes\clothes2342.jpg,clothes
garbage_classification\shoes\shoes1407.jpg,shoes
garbage_classification\shoes\shoes1881.jpg,shoes
garbage_classification\clothes\clothes4942.jpg,clothes
garbage_classification\cardboard\cardboard738.jpg,cardboard
garbage_classification\cardboard\cardboard407.jpg,cardboard
garbage_classification\plastic\plastic316.jpg,plastic
garbage_classification\clothes\clothes491.jpg,clothes
garbage_classification\clothes\clothes1450.jpg,clothes
garbage_classification\biological\biological853.jpg,biological
garbage_classification\cardboard\cardboard108.jpg,cardboard
garbage_classification\clothes\clothes2702.jpg,clothes
garbage_classification\biological\biological836.jpg,biological
garbage_classification\clothes\clothes1084.jpg,clothes
garbage_classification\plastic\plastic693.jpg,plastic
garbage_classification\shoes\shoes679.jpg,shoes
garbage_classification\cardboard\cardboard116.jpg,cardboard
garbage_classification\clothes\clothes3414.jpg,clothes
garbage_classification\plastic\plastic36.jpg,plastic
garbage_classification\biological\biological34.jpg,biological
garbage_classification\shoes\shoes1112.jpg,shoes
garbage_classification\clothes\clothes2050.jpg,clothes
garbage_classification\biological\biological612.jpg,biological
garbage_classification\clothes\clothes377.jpg,clothes
garbage_classification\white-glass\white-glass395.jpg,white-glass
garbage_classification\clothes\clothes716.jpg,clothes
garbage_classification\shoes\shoes1825.jpg,shoes
garbage_classification\cardboard\cardboard72.jpg,cardboard
garbage_classification\clothes\clothes676.jpg,clothes
garbage_classification\brown-glass\brown-glass496.jpg,brown-glass
garbage_classification\brown-glass\brown-glass353.jpg,brown-glass
garbage_classification\clothes\clothes5307.jpg,clothes
garbage_classification\green-glass\green-glass275.jpg,green-glass
garbage_classification\white-glass\white-glass304.jpg,white-glass
garbage_classification\white-glass\white-glass697.jpg,white-glass
garbage_classification\clothes\clothes2787.jpg,clothes
garbage_classification\plastic\plastic634.jpg,plastic
garbage_classification\clothes\clothes4083.jpg,clothes
garbage_classification\cardboard\cardboard143.jpg,cardboard
garbage_classification\green-glass\green-glass471.jpg,green-glass
garbage_classification\clothes\clothes2708.jpg,clothes
garbage_classification\shoes\shoes112.jpg,shoes
garbage_classification\green-glass\green-glass150.jpg,green-glass
garbage_classification\shoes\shoes65.jpg,shoes
garbage_classification\green-glass\green-glass274.jpg,green-glass
garbage_classification\paper\paper584.jpg,paper
garbage_classification\clothes\clothes770.jpg,clothes
garbage_classification\shoes\shoes1010.jpg,shoes
garbage_classification\plastic\plastic309.jpg,plastic
garbage_classification\green-glass\green-glass487.jpg,green-glass
garbage_classification\clothes\clothes4841.jpg,clothes
garbage_classification\clothes\clothes4165.jpg,clothes
garbage_classification\biological\biological441.jpg,biological
garbage_classification\white-glass\white-glass71.jpg,white-glass
garbage_classification\plastic\plastic492.jpg,plastic
garbage_classification\shoes\shoes128.jpg,shoes
garbage_classification\white-glass\white-glass184.jpg,white-glass
garbage_classification\plastic\plastic351.jpg,plastic
garbage_classification\brown-glass\brown-glass433.jpg,brown-glass
garbage_classification\cardboard\cardboard206.jpg,cardboard
garbage_classification\green-glass\green-glass524.jpg,green-glass
garbage_classification\shoes\shoes617.jpg,shoes
garbage_classification\green-glass\green-glass486.jpg,green-glass
garbage_classification\trash\trash535.jpg,trash
garbage_classification\biological\biological420.jpg,biological
garbage_classification\paper\paper840.jpg,paper
garbage_classification\clothes\clothes2959.jpg,clothes
garbage_classification\shoes\shoes79.jpg,shoes
garbage_classification\biological\biological875.jpg,biological
garbage_classification\clothes\clothes429.jpg,clothes
garbage_classification\plastic\plastic562.jpg,plastic
garbage_classification\metal\metal479.jpg,metal
garbage_classification\plastic\plastic126.jpg,plastic
garbage_classification\clothes\clothes900.jpg,clothes
garbage_classification\clothes\clothes3374.jpg,clothes
garbage_classification\plastic\plastic80.jpg,plastic
garbage_classification\clothes\clothes4896.jpg,clothes
garbage_classification\trash\trash216.jpg,trash
garbage_classification\cardboard\cardboard565.jpg,cardboard
garbage_classification\clothes\clothes261.jpg,clothes
garbage_classification\shoes\shoes1454.jpg,shoes
garbage_classification\paper\paper387.jpg,paper
garbage_classification\clothes\clothes550.jpg,clothes
garbage_classification\trash\trash346.jpg,trash
garbage_classification\shoes\shoes1569.jpg,shoes
garbage_classification\cardboard\cardboard719.jpg,cardboard
garbage_classification\battery\battery863.jpg,battery
garbage_classification\clothes\clothes2624.jpg,clothes
garbage_classification\brown-glass\brown-glass242.jpg,brown-glass
garbage_classification\battery\battery389.jpg,battery
garbage_classification\clothes\clothes4760.jpg,clothes
garbage_classification\shoes\shoes1449.jpg,shoes
garbage_classification\clothes\clothes213.jpg,clothes
garbage_classification\clothes\clothes3480.jpg,clothes
garbage_classification\shoes\shoes949.jpg,shoes
garbage_classification\cardboard\cardboard291.jpg,cardboard
garbage_classification\green-glass\green-glass534.jpg,green-glass
garbage_classification\metal\metal62.jpg,metal
garbage_classification\paper\paper603.jpg,paper
garbage_classification\cardboard\cardboard151.jpg,cardboard
garbage_classification\clothes\clothes4902.jpg,clothes
garbage_classification\cardboard\cardboard298.jpg,cardboard
garbage_classification\green-glass\green-glass168.jpg,green-glass
garbage_classification\paper\paper21.jpg,paper
garbage_classification\paper\paper776.jpg,paper
garbage_classification\clothes\clothes4600.jpg,clothes
garbage_classification\biological\biological711.jpg,biological
garbage_classification\shoes\shoes640.jpg,shoes
garbage_classification\trash\trash172.jpg,trash
garbage_classification\metal\metal121.jpg,metal
garbage_classification\white-glass\white-glass532.jpg,white-glass
garbage_classification\white-glass\white-glass403.jpg,white-glass
garbage_classification\metal\metal733.jpg,metal
garbage_classification\clothes\clothes3466.jpg,clothes
garbage_classification\white-glass\white-glass344.jpg,white-glass
garbage_classification\trash\trash158.jpg,trash
garbage_classification\plastic\plastic694.jpg,plastic
garbage_classification\shoes\shoes66.jpg,shoes
garbage_classification\cardboard\cardboard504.jpg,cardboard
garbage_classification\biological\biological918.jpg,biological
garbage_classification\clothes\clothes4088.jpg,clothes
garbage_classification\white-glass\white-glass180.jpg,white-glass
garbage_classification\trash\trash117.jpg,trash
garbage_classification\cardboard\cardboard650.jpg,cardboard
garbage_classification\paper\paper37.jpg,paper
garbage_classification\shoes\shoes1942.jpg,shoes
garbage_classification\clothes\clothes4846.jpg,clothes
garbage_classification\white-glass\white-glass138.jpg,white-glass
garbage_classification\paper\paper641.jpg,paper
garbage_classification\brown-glass\brown-glass128.jpg,brown-glass
garbage_classification\clothes\clothes274.jpg,clothes
garbage_classification\clothes\clothes4819.jpg,clothes
garbage_classification\clothes\clothes3727.jpg,clothes
garbage_classification\brown-glass\brown-glass141.jpg,brown-glass
garbage_classification\clothes\clothes4262.jpg,clothes
garbage_classification\cardboard\cardboard498.jpg,cardboard
garbage_classification\brown-glass\brown-glass554.jpg,brown-glass
garbage_classification\battery\battery804.jpg,battery
garbage_classification\biological\biological380.jpg,biological
garbage_classification\battery\battery439.jpg,battery
garbage_classification\clothes\clothes3411.jpg,clothes
garbage_classification\paper\paper234.jpg,paper
garbage_classification\clothes\clothes3490.jpg,clothes
garbage_classification\plastic\plastic499.jpg,plastic
garbage_classification\battery\battery506.jpg,battery
garbage_classification\shoes\shoes970.jpg,shoes
garbage_classification\paper\paper704.jpg,paper
garbage_classification\cardboard\cardboard177.jpg,cardboard
garbage_classification\shoes\shoes733.jpg,shoes
garbage_classification\battery\battery124.jpg,battery
garbage_classification\clothes\clothes4592.jpg,clothes
garbage_classification\shoes\shoes1964.jpg,shoes
garbage_classification\clothes\clothes3930.jpg,clothes
garbage_classification\battery\battery818.jpg,battery
garbage_classification\clothes\clothes5316.jpg,clothes
garbage_classification\shoes\shoes1115.jpg,shoes
garbage_classification\paper\paper940.jpg,paper
garbage_classification\trash\trash688.jpg,trash
garbage_classification\cardboard\cardboard736.jpg,cardboard
garbage_classification\biological\biological614.jpg,biological
garbage_classification\clothes\clothes487.jpg,clothes
garbage_classification\battery\battery594.jpg,battery
garbage_classification\shoes\shoes1822.jpg,shoes
garbage_classification\clothes\clothes1560.jpg,clothes
garbage_classification\green-glass\green-glass508.jpg,green-glass
garbage_classification\battery\battery106.jpg,battery
garbage_classification\clothes\clothes2531.jpg,clothes
garbage_classification\clothes\clothes649.jpg,clothes
garbage_classification\shoes\shoes498.jpg,shoes
garbage_classification\paper\paper140.jpg,paper
garbage_classification\clothes\clothes3315.jpg,clothes
garbage_classification\battery\battery396.jpg,battery
garbage_classification\clothes\clothes2765.jpg,clothes
garbage_classification\clothes\clothes2130.jpg,clothes
garbage_classification\white-glass\white-glass551.jpg,white-glass
garbage_classification\trash\trash180.jpg,trash
garbage_classification\biological\biological183.jpg,biological
garbage_classification\metal\metal493.jpg,metal
garbage_classification\white-glass\white-glass492.jpg,white-glass
garbage_classification\clothes\clothes2751.jpg,clothes
garbage_classification\paper\paper250.jpg,paper
garbage_classification\white-glass\white-glass449.jpg,white-glass
garbage_classification\clothes\clothes1675.jpg,clothes
garbage_classification\white-glass\white-glass52.jpg,white-glass
garbage_classification\plastic\plastic296.jpg,plastic
garbage_classification\white-glass\white-glass500.jpg,white-glass
garbage_classification\clothes\clothes2006.jpg,clothes
garbage_classification\shoes\shoes1657.jpg,shoes
garbage_classification\clothes\clothes3058.jpg,clothes
garbage_classification\clothes\clothes3935.jpg,clothes
garbage_classification\shoes\shoes363.jpg,shoes
garbage_classification\clothes\clothes4789.jpg,clothes
garbage_classification\clothes\clothes3629.jpg,clothes
garbage_classification\brown-glass\brown-glass112.jpg,brown-glass
garbage_classification\white-glass\white-glass516.jpg,white-glass
garbage_classification\shoes\shoes1161.jpg,shoes
garbage_classification\battery\battery784.jpg,battery
garbage_classification\biological\biological803.jpg,biological
garbage_classification\clothes\clothes1423.jpg,clothes
garbage_classification\plastic\plastic432.jpg,plastic
garbage_classification\plastic\plastic388.jpg,plastic
garbage_classification\trash\trash619.jpg,trash
garbage_classification\cardboard\cardboard321.jpg,cardboard
garbage_classification\green-glass\green-glass132.jpg,green-glass
garbage_classification\biological\biological95.jpg,biological
garbage_classification\plastic\plastic33.jpg,plastic
garbage_classification\shoes\shoes1879.jpg,shoes
garbage_classification\biological\biological285.jpg,biological
garbage_classification\shoes\shoes344.jpg,shoes
garbage_classification\plastic\plastic738.jpg,plastic
garbage_classification\clothes\clothes794.jpg,clothes
garbage_classification\brown-glass\brown-glass88.jpg,brown-glass
garbage_classification\shoes\shoes1312.jpg,shoes
garbage_classification\shoes\shoes562.jpg,shoes
garbage_classification\clothes\clothes2244.jpg,clothes
garbage_classification\clothes\clothes3135.jpg,clothes
garbage_classification\clothes\clothes314.jpg,clothes
garbage_classification\plastic\plastic627.jpg,plastic
garbage_classification\paper\paper75.jpg,paper
garbage_classification\clothes\clothes2391.jpg,clothes
garbage_classification\clothes\clothes5129.jpg,clothes
garbage_classification\clothes\clothes2566.jpg,clothes
garbage_classification\paper\paper875.jpg,paper
garbage_classification\clothes\clothes1258.jpg,clothes
garbage_classification\white-glass\white-glass82.jpg,white-glass
garbage_classification\trash\trash65.jpg,trash
garbage_classification\clothes\clothes2861.jpg,clothes
garbage_classification\white-glass\white-glass771.jpg,white-glass
garbage_classification\clothes\clothes146.jpg,clothes
garbage_classification\clothes\clothes1831.jpg,clothes
garbage_classification\metal\metal642.jpg,metal
garbage_classification\trash\trash66.jpg,trash
garbage_classification\green-glass\green-glass562.jpg,green-glass
garbage_classification\shoes\shoes1973.jpg,shoes
garbage_classification\shoes\shoes1245.jpg,shoes
garbage_classification\clothes\clothes3972.jpg,clothes
garbage_classification\biological\biological605.jpg,biological
garbage_classification\brown-glass\brown-glass49.jpg,brown-glass
garbage_classification\paper\paper1005.jpg,paper
garbage_classification\paper\paper768.jpg,paper
garbage_classification\clothes\clothes3917.jpg,clothes
garbage_classification\clothes\clothes4744.jpg,clothes
garbage_classification\brown-glass\brown-glass477.jpg,brown-glass
garbage_classification\shoes\shoes228.jpg,shoes
garbage_classification\clothes\clothes759.jpg,clothes
garbage_classification\battery\battery546.jpg,battery
garbage_classification\clothes\clothes4452.jpg,clothes
garbage_classification\battery\battery247.jpg,battery
garbage_classification\clothes\clothes2602.jpg,clothes
garbage_classification\brown-glass\brown-glass440.jpg,brown-glass
garbage_classification\shoes\shoes1497.jpg,shoes
garbage_classification\green-glass\green-glass443.jpg,green-glass
garbage_classification\clothes\clothes1969.jpg,clothes
garbage_classification\clothes\clothes5169.jpg,clothes
garbage_classification\clothes\clothes2824.jpg,clothes
garbage_classification\battery\battery23.jpg,battery
garbage_classification\white-glass\white-glass631.jpg,white-glass
garbage_classification\trash\trash207.jpg,trash
garbage_classification\battery\battery780.jpg,battery
garbage_classification\clothes\clothes4523.jpg,clothes
garbage_classification\clothes\clothes1129.jpg,clothes
garbage_classification\clothes\clothes5104.jpg,clothes
garbage_classification\metal\metal340.jpg,metal
garbage_classification\clothes\clothes2655.jpg,clothes
garbage_classification\clothes\clothes3443.jpg,clothes
garbage_classification\clothes\clothes3235.jpg,clothes
garbage_classification\clothes\clothes4209.jpg,clothes
garbage_classification\clothes\clothes2072.jpg,clothes
garbage_classification\clothes\clothes3272.jpg,clothes
garbage_classification\white-glass\white-glass582.jpg,white-glass
garbage_classification\clothes\clothes3768.jpg,clothes
garbage_classification\biological\biological745.jpg,biological
garbage_classification\cardboard\cardboard443.jpg,cardboard
garbage_classification\clothes\clothes3088.jpg,clothes
garbage_classification\cardboard\cardboard543.jpg,cardboard
garbage_classification\cardboard\cardboard527.jpg,cardboard
garbage_classification\shoes\shoes923.jpg,shoes
garbage_classification\biological\biological193.jpg,biological
garbage_classification\cardboard\cardboard671.jpg,cardboard
garbage_classification\paper\paper971.jpg,paper
garbage_classification\clothes\clothes1163.jpg,clothes
garbage_classification\clothes\clothes894.jpg,clothes
garbage_classification\clothes\clothes2815.jpg,clothes
garbage_classification\clothes\clothes3885.jpg,clothes
garbage_classification\plastic\plastic814.jpg,plastic
garbage_classification\shoes\shoes811.jpg,shoes
garbage_classification\brown-glass\brown-glass365.jpg,brown-glass
garbage_classification\plastic\plastic502.jpg,plastic
garbage_classification\clothes\clothes460.jpg,clothes
garbage_classification\clothes\clothes2867.jpg,clothes
garbage_classification\shoes\shoes1693.jpg,shoes
garbage_classification\paper\paper921.jpg,paper
garbage_classification\shoes\shoes1536.jpg,shoes
garbage_classification\clothes\clothes1824.jpg,clothes
garbage_classification\clothes\clothes4097.jpg,clothes
garbage_classification\paper\paper441.jpg,paper
garbage_classification\brown-glass\brown-glass574.jpg,brown-glass
garbage_classification\clothes\clothes5220.jpg,clothes
garbage_classification\battery\battery19.jpg,battery
garbage_classification\metal\metal117.jpg,metal
garbage_classification\shoes\shoes845.jpg,shoes
garbage_classification\clothes\clothes1853.jpg,clothes
garbage_classification\clothes\clothes4011.jpg,clothes
garbage_classification\clothes\clothes3614.jpg,clothes
garbage_classification\trash\trash320.jpg,trash
garbage_classification\white-glass\white-glass713.jpg,white-glass
garbage_classification\shoes\shoes1463.jpg,shoes
garbage_classification\shoes\shoes182.jpg,shoes
garbage_classification\shoes\shoes1852.jpg,shoes
garbage_classification\clothes\clothes4739.jpg,clothes
garbage_classification\clothes\clothes5151.jpg,clothes
garbage_classification\paper\paper271.jpg,paper
garbage_classification\clothes\clothes4745.jpg,clothes
garbage_classification\plastic\plastic407.jpg,plastic
garbage_classification\battery\battery40.jpg,battery
garbage_classification\white-glass\white-glass522.jpg,white-glass
garbage_classification\shoes\shoes1304.jpg,shoes
garbage_classification\metal\metal120.jpg,metal
garbage_classification\shoes\shoes421.jpg,shoes
garbage_classification\clothes\clothes4161.jpg,clothes
garbage_classification\clothes\clothes184.jpg,clothes
garbage_classification\plastic\plastic763.jpg,plastic
garbage_classification\clothes\clothes607.jpg,clothes
garbage_classification\brown-glass\brown-glass136.jpg,brown-glass
garbage_classification\brown-glass\brown-glass336.jpg,brown-glass
garbage_classification\paper\paper483.jpg,paper
garbage_classification\clothes\clothes3391.jpg,clothes
garbage_classification\clothes\clothes1936.jpg,clothes
garbage_classification\clothes\clothes4936.jpg,clothes
garbage_classification\clothes\clothes5121.jpg,clothes
garbage_classification\cardboard\cardboard75.jpg,cardboard
garbage_classification\trash\trash670.jpg,trash
garbage_classification\plastic\plastic176.jpg,plastic
garbage_classification\clothes\clothes3439.jpg,clothes
garbage_classification\plastic\plastic463.jpg,plastic
garbage_classification\clothes\clothes5285.jpg,clothes
garbage_classification\plastic\plastic740.jpg,plastic
garbage_classification\biological\biological289.jpg,biological
garbage_classification\biological\biological831.jpg,biological
garbage_classification\brown-glass\brown-glass592.jpg,brown-glass
garbage_classification\paper\paper376.jpg,paper
garbage_classification\clothes\clothes4166.jpg,clothes
garbage_classification\trash\trash578.jpg,trash
garbage_classification\clothes\clothes2999.jpg,clothes
garbage_classification\biological\biological967.jpg,biological
garbage_classification\biological\biological876.jpg,biological
garbage_classification\paper\paper59.jpg,paper
garbage_classification\brown-glass\brown-glass326.jpg,brown-glass
garbage_classification\shoes\shoes1298.jpg,shoes
garbage_classification\plastic\plastic470.jpg,plastic
garbage_classification\clothes\clothes3795.jpg,clothes
garbage_classification\battery\battery611.jpg,battery
garbage_classification\clothes\clothes1672.jpg,clothes
garbage_classification\green-glass\green-glass392.jpg,green-glass
garbage_classification\shoes\shoes961.jpg,shoes
garbage_classification\paper\paper231.jpg,paper
garbage_classification\plastic\plastic780.jpg,plastic
garbage_classification\white-glass\white-glass225.jpg,white-glass
garbage_classification\clothes\clothes2498.jpg,clothes
garbage_classification\cardboard\cardboard50.jpg,cardboard
garbage_classification\clothes\clothes3354.jpg,clothes
garbage_classification\battery\battery234.jpg,battery
garbage_classification\clothes\clothes1275.jpg,clothes
garbage_classification\green-glass\green-glass340.jpg,green-glass
garbage_classification\paper\paper981.jpg,paper
garbage_classification\plastic\plastic649.jpg,plastic
garbage_classification\clothes\clothes253.jpg,clothes
garbage_classification\cardboard\cardboard619.jpg,cardboard
garbage_classification\cardboard\cardboard417.jpg,cardboard
garbage_classification\battery\battery445.jpg,battery
garbage_classification\cardboard\cardboard477.jpg,cardboard
garbage_classification\clothes\clothes3562.jpg,clothes
garbage_classification\brown-glass\brown-glass319.jpg,brown-glass
garbage_classification\biological\biological800.jpg,biological
garbage_classification\clothes\clothes4331.jpg,clothes
garbage_classification\biological\biological593.jpg,biological
garbage_classification\clothes\clothes397.jpg,clothes
garbage_classification\metal\metal361.jpg,metal
garbage_classification\biological\biological697.jpg,biological
garbage_classification\brown-glass\brown-glass168.jpg,brown-glass
garbage_classification\shoes\shoes1033.jpg,shoes
garbage_classification\paper\paper595.jpg,paper
garbage_classification\paper\paper851.jpg,paper
garbage_classification\clothes\clothes1696.jpg,clothes
garbage_classification\clothes\clothes883.jpg,clothes
garbage_classification\clothes\clothes2963.jpg,clothes
garbage_classification\trash\trash428.jpg,trash
garbage_classification\plastic\plastic593.jpg,plastic
garbage_classification\metal\metal483.jpg,metal
garbage_classification\shoes\shoes920.jpg,shoes
garbage_classification\cardboard\cardboard225.jpg,cardboard
garbage_classification\clothes\clothes2736.jpg,clothes
garbage_classification\brown-glass\brown-glass68.jpg,brown-glass
garbage_classification\white-glass\white-glass698.jpg,white-glass
garbage_classification\shoes\shoes1518.jpg,shoes
garbage_classification\shoes\shoes1063.jpg,shoes
garbage_classification\trash\trash497.jpg,trash
garbage_classification\cardboard\cardboard315.jpg,cardboard
garbage_classification\clothes\clothes5076.jpg,clothes
garbage_classification\clothes\clothes1887.jpg,clothes
garbage_classification\brown-glass\brown-glass73.jpg,brown-glass
garbage_classification\plastic\plastic154.jpg,plastic
garbage_classification\clothes\clothes4985.jpg,clothes
garbage_classification\white-glass\white-glass93.jpg,white-glass
garbage_classification\clothes\clothes3899.jpg,clothes
garbage_classification\green-glass\green-glass178.jpg,green-glass
garbage_classification\cardboard\cardboard829.jpg,cardboard
garbage_classification\paper\paper625.jpg,paper
garbage_classification\clothes\clothes903.jpg,clothes
garbage_classification\battery\battery809.jpg,battery
garbage_classification\battery\battery510.jpg,battery
garbage_classification\shoes\shoes280.jpg,shoes
garbage_classification\biological\biological762.jpg,biological
garbage_classification\green-glass\green-glass334.jpg,green-glass
garbage_classification\trash\trash409.jpg,trash
garbage_classification\metal\metal181.jpg,metal
garbage_classification\shoes\shoes756.jpg,shoes
garbage_classification\shoes\shoes222.jpg,shoes
garbage_classification\white-glass\white-glass284.jpg,white-glass
garbage_classification\clothes\clothes4.jpg,clothes
garbage_classification\cardboard\cardboard217.jpg,cardboard
garbage_classification\trash\trash241.jpg,trash
garbage_classification\shoes\shoes1273.jpg,shoes
garbage_classification\green-glass\green-glass384.jpg,green-glass
garbage_classification\clothes\clothes2159.jpg,clothes
garbage_classification\green-glass\green-glass223.jpg,green-glass
garbage_classification\trash\trash295.jpg,trash
garbage_classification\battery\battery431.jpg,battery
garbage_classification\clothes\clothes5059.jpg,clothes
garbage_classification\trash\trash440.jpg,trash
garbage_classification\clothes\clothes4352.jpg,clothes
garbage_classification\paper\paper762.jpg,paper
garbage_classification\battery\battery36.jpg,battery
garbage_classification\cardboard\cardboard467.jpg,cardboard
garbage_classification\clothes\clothes5222.jpg,clothes
garbage_classification\white-glass\white-glass350.jpg,white-glass
garbage_classification\brown-glass\brown-glass180.jpg,brown-glass
garbage_classification\clothes\clothes1544.jpg,clothes
garbage_classification\green-glass\green-glass591.jpg,green-glass
garbage_classification\paper\paper482.jpg,paper
garbage_classification\biological\biological655.jpg,biological
garbage_classification\clothes\clothes3452.jpg,clothes
garbage_classification\clothes\clothes2710.jpg,clothes
garbage_classification\biological\biological917.jpg,biological
garbage_classification\paper\paper1009.jpg,paper
garbage_classification\shoes\shoes1156.jpg,shoes
garbage_classification\clothes\clothes475.jpg,clothes
garbage_classification\metal\metal461.jpg,metal
garbage_classification\green-glass\green-glass462.jpg,green-glass
garbage_classification\clothes\clothes3794.jpg,clothes
garbage_classification\paper\paper392.jpg,paper
garbage_classification\metal\metal697.jpg,metal
garbage_classification\trash\trash628.jpg,trash
garbage_classification\brown-glass\brown-glass446.jpg,brown-glass
garbage_classification\trash\trash128.jpg,trash
garbage_classification\paper\paper589.jpg,paper
garbage_classification\green-glass\green-glass386.jpg,green-glass
garbage_classification\clothes\clothes92.jpg,clothes
garbage_classification\shoes\shoes1619.jpg,shoes
garbage_classification\cardboard\cardboard375.jpg,cardboard
garbage_classification\biological\biological620.jpg,biological
garbage_classification\clothes\clothes1384.jpg,clothes
garbage_classification\battery\battery667.jpg,battery
garbage_classification\clothes\clothes3340.jpg,clothes
garbage_classification\trash\trash564.jpg,trash
garbage_classification\paper\paper967.jpg,paper
garbage_classification\green-glass\green-glass538.jpg,green-glass
garbage_classification\trash\trash651.jpg,trash
garbage_classification\battery\battery458.jpg,battery
garbage_classification\brown-glass\brown-glass521.jpg,brown-glass
garbage_classification\clothes\clothes1709.jpg,clothes
garbage_classification\white-glass\white-glass579.jpg,white-glass
garbage_classification\clothes\clothes3055.jpg,clothes
garbage_classification\clothes\clothes2031.jpg,clothes
garbage_classification\clothes\clothes4866.jpg,clothes
garbage_classification\cardboard\cardboard718.jpg,cardboard
garbage_classification\white-glass\white-glass261.jpg,white-glass
garbage_classification\metal\metal541.jpg,metal
garbage_classification\clothes\clothes1186.jpg,clothes
garbage_classification\clothes\clothes2777.jpg,clothes
garbage_classification\clothes\clothes2086.jpg,clothes
garbage_classification\paper\paper475.jpg,paper
garbage_classification\shoes\shoes1140.jpg,shoes
garbage_classification\clothes\clothes2800.jpg,clothes
garbage_classification\brown-glass\brown-glass178.jpg,brown-glass
garbage_classification\shoes\shoes412.jpg,shoes
garbage_classification\plastic\plastic687.jpg,plastic
garbage_classification\white-glass\white-glass417.jpg,white-glass
garbage_classification\paper\paper782.jpg,paper
garbage_classification\clothes\clothes3937.jpg,clothes
garbage_classification\clothes\clothes2654.jpg,clothes
garbage_classification\cardboard\cardboard200.jpg,cardboard
garbage_classification\green-glass\green-glass83.jpg,green-glass
garbage_classification\clothes\clothes2176.jpg,clothes
garbage_classification\trash\trash476.jpg,trash
garbage_classification\brown-glass\brown-glass16.jpg,brown-glass
garbage_classification\clothes\clothes1674.jpg,clothes
garbage_classification\white-glass\white-glass33.jpg,white-glass
garbage_classification\brown-glass\brown-glass494.jpg,brown-glass
garbage_classification\battery\battery278.jpg,battery
garbage_classification\plastic\plastic336.jpg,plastic
garbage_classification\clothes\clothes4590.jpg,clothes
garbage_classification\biological\biological339.jpg,biological
garbage_classification\clothes\clothes3789.jpg,clothes
garbage_classification\trash\trash310.jpg,trash
garbage_classification\shoes\shoes478.jpg,shoes
garbage_classification\brown-glass\brown-glass288.jpg,brown-glass
garbage_classification\green-glass\green-glass309.jpg,green-glass
garbage_classification\plastic\plastic3.jpg,plastic
garbage_classification\clothes\clothes1728.jpg,clothes
garbage_classification\paper\paper485.jpg,paper
garbage_classification\clothes\clothes167.jpg,clothes
garbage_classification\clothes\clothes1813.jpg,clothes
garbage_classification\plastic\plastic798.jpg,plastic
garbage_classification\clothes\clothes3608.jpg,clothes
garbage_classification\biological\biological610.jpg,biological
garbage_classification\paper\paper57.jpg,paper
garbage_classification\clothes\clothes1371.jpg,clothes
garbage_classification\cardboard\cardboard140.jpg,cardboard
garbage_classification\trash\trash143.jpg,trash
garbage_classification\white-glass\white-glass266.jpg,white-glass
garbage_classification\shoes\shoes467.jpg,shoes
garbage_classification\cardboard\cardboard193.jpg,cardboard
garbage_classification\clothes\clothes4118.jpg,clothes
garbage_classification\brown-glass\brown-glass223.jpg,brown-glass
garbage_classification\metal\metal178.jpg,metal
garbage_classification\clothes\clothes1864.jpg,clothes
garbage_classification\shoes\shoes1773.jpg,shoes
garbage_classification\clothes\clothes1766.jpg,clothes
garbage_classification\clothes\clothes2919.jpg,clothes
garbage_classification\shoes\shoes743.jpg,shoes
garbage_classification\plastic\plastic487.jpg,plastic
garbage_classification\shoes\shoes710.jpg,shoes
garbage_classification\clothes\clothes404.jpg,clothes
garbage_classification\clothes\clothes4605.jpg,clothes
garbage_classification\white-glass\white-glass285.jpg,white-glass
garbage_classification\white-glass\white-glass467.jpg,white-glass
garbage_classification\clothes\clothes2478.jpg,clothes
garbage_classification\paper\paper903.jpg,paper
garbage_classification\cardboard\cardboard745.jpg,cardboard
garbage_classification\clothes\clothes1295.jpg,clothes
garbage_classification\biological\biological486.jpg,biological
garbage_classification\clothes\clothes1598.jpg,clothes
garbage_classification\clothes\clothes1804.jpg,clothes
garbage_classification\clothes\clothes1109.jpg,clothes
garbage_classification\metal\metal639.jpg,metal
garbage_classification\clothes\clothes4443.jpg,clothes
garbage_classification\brown-glass\brown-glass86.jpg,brown-glass
garbage_classification\white-glass\white-glass596.jpg,white-glass
garbage_classification\shoes\shoes987.jpg,shoes
garbage_classification\clothes\clothes50.jpg,clothes
garbage_classification\clothes\clothes4790.jpg,clothes
garbage_classification\battery\battery308.jpg,battery
garbage_classification\clothes\clothes351.jpg,clothes
garbage_classification\trash\trash449.jpg,trash
garbage_classification\paper\paper501.jpg,paper
garbage_classification\plastic\plastic699.jpg,plastic
garbage_classification\paper\paper80.jpg,paper
garbage_classification\clothes\clothes956.jpg,clothes
garbage_classification\clothes\clothes2083.jpg,clothes
garbage_classification\clothes\clothes4315.jpg,clothes
garbage_classification\clothes\clothes5039.jpg,clothes
garbage_classification\clothes\clothes938.jpg,clothes
garbage_classification\clothes\clothes1983.jpg,clothes
garbage_classification\metal\metal208.jpg,metal
garbage_classification\clothes\clothes1473.jpg,clothes
garbage_classification\clothes\clothes2926.jpg,clothes
garbage_classification\biological\biological199.jpg,biological
garbage_classification\biological\biological782.jpg,biological
garbage_classification\metal\metal11.jpg,metal
garbage_classification\shoes\shoes1343.jpg,shoes
garbage_classification\clothes\clothes2647.jpg,clothes
garbage_classification\clothes\clothes682.jpg,clothes
garbage_classification\clothes\clothes3765.jpg,clothes
garbage_classification\biological\biological505.jpg,biological
garbage_classification\shoes\shoes299.jpg,shoes
garbage_classification\green-glass\green-glass209.jpg,green-glass
garbage_classification\clothes\clothes1655.jpg,clothes
garbage_classification\clothes\clothes3094.jpg,clothes
garbage_classification\paper\paper901.jpg,paper
garbage_classification\white-glass\white-glass430.jpg,white-glass
garbage_classification\trash\trash375.jpg,trash
garbage_classification\paper\paper937.jpg,paper
garbage_classification\white-glass\white-glass437.jpg,white-glass
garbage_classification\clothes\clothes411.jpg,clothes
garbage_classification\metal\metal487.jpg,metal
garbage_classification\metal\metal97.jpg,metal
garbage_classification\clothes\clothes4285.jpg,clothes
garbage_classification\cardboard\cardboard82.jpg,cardboard
garbage_classification\clothes\clothes1953.jpg,clothes
garbage_classification\metal\metal317.jpg,metal
garbage_classification\clothes\clothes4332.jpg,clothes
garbage_classification\brown-glass\brown-glass301.jpg,brown-glass
garbage_classification\biological\biological535.jpg,biological
garbage_classification\shoes\shoes184.jpg,shoes
garbage_classification\clothes\clothes2455.jpg,clothes
garbage_classification\green-glass\green-glass348.jpg,green-glass
garbage_classification\green-glass\green-glass459.jpg,green-glass
garbage_classification\brown-glass\brown-glass431.jpg,brown-glass
garbage_classification\shoes\shoes563.jpg,shoes
garbage_classification\clothes\clothes4313.jpg,clothes
garbage_classification\clothes\clothes3804.jpg,clothes
garbage_classification\shoes\shoes307.jpg,shoes
garbage_classification\plastic\plastic195.jpg,plastic
garbage_classification\clothes\clothes2758.jpg,clothes
garbage_classification\clothes\clothes1905.jpg,clothes
garbage_classification\shoes\shoes1319.jpg,shoes
garbage_classification\clothes\clothes1283.jpg,clothes
garbage_classification\green-glass\green-glass127.jpg,green-glass
garbage_classification\clothes\clothes3616.jpg,clothes
garbage_classification\white-glass\white-glass161.jpg,white-glass
garbage_classification\brown-glass\brown-glass181.jpg,brown-glass
garbage_classification\cardboard\cardboard189.jpg,cardboard
garbage_classification\clothes\clothes4174.jpg,clothes
garbage_classification\clothes\clothes3352.jpg,clothes
garbage_classification\clothes\clothes4473.jpg,clothes
garbage_classification\shoes\shoes1004.jpg,shoes
garbage_classification\clothes\clothes4925.jpg,clothes
garbage_classification\white-glass\white-glass407.jpg,white-glass
garbage_classification\paper\paper149.jpg,paper
garbage_classification\clothes\clothes2.jpg,clothes
garbage_classification\cardboard\cardboard342.jpg,cardboard
garbage_classification\clothes\clothes3210.jpg,clothes
garbage_classification\clothes\clothes35.jpg,clothes
garbage_classification\biological\biological520.jpg,biological
garbage_classification\clothes\clothes2444.jpg,clothes
garbage_classification\clothes\clothes454.jpg,clothes
garbage_classification\clothes\clothes785.jpg,clothes
garbage_classification\clothes\clothes790.jpg,clothes
garbage_classification\cardboard\cardboard555.jpg,cardboard
garbage_classification\clothes\clothes1584.jpg,clothes
garbage_classification\shoes\shoes941.jpg,shoes
garbage_classification\shoes\shoes209.jpg,shoes
garbage_classification\clothes\clothes365.jpg,clothes
garbage_classification\shoes\shoes681.jpg,shoes
garbage_classification\clothes\clothes221.jpg,clothes
garbage_classification\paper\paper712.jpg,paper
garbage_classification\metal\metal352.jpg,metal
garbage_classification\shoes\shoes1517.jpg,shoes
garbage_classification\cardboard\cardboard521.jpg,cardboard
garbage_classification\clothes\clothes4390.jpg,clothes
garbage_classification\clothes\clothes5176.jpg,clothes
garbage_classification\clothes\clothes1665.jpg,clothes
garbage_classification\clothes\clothes4063.jpg,clothes
garbage_classification\clothes\clothes4280.jpg,clothes
garbage_classification\biological\biological200.jpg,biological
garbage_classification\clothes\clothes4092.jpg,clothes
garbage_classification\white-glass\white-glass196.jpg,white-glass
garbage_classification\paper\paper928.jpg,paper
garbage_classification\brown-glass\brown-glass571.jpg,brown-glass
garbage_classification\clothes\clothes689.jpg,clothes
garbage_classification\battery\battery840.jpg,battery
garbage_classification\white-glass\white-glass105.jpg,white-glass
garbage_classification\white-glass\white-glass5.jpg,white-glass
garbage_classification\plastic\plastic335.jpg,plastic
garbage_classification\plastic\plastic32.jpg,plastic
garbage_classification\shoes\shoes61.jpg,shoes
garbage_classification\brown-glass\brown-glass299.jpg,brown-glass
garbage_classification\paper\paper792.jpg,paper
garbage_classification\battery\battery625.jpg,battery
garbage_classification\plastic\plastic241.jpg,plastic
garbage_classification\clothes\clothes4649.jpg,clothes
garbage_classification\trash\trash15.jpg,trash
garbage_classification\metal\metal446.jpg,metal
garbage_classification\metal\metal664.jpg,metal
garbage_classification\biological\biological78.jpg,biological
garbage_classification\trash\trash402.jpg,trash
garbage_classification\cardboard\cardboard123.jpg,cardboard
garbage_classification\clothes\clothes233.jpg,clothes
garbage_classification\clothes\clothes1870.jpg,clothes
garbage_classification\white-glass\white-glass465.jpg,white-glass
garbage_classification\paper\paper25.jpg,paper
garbage_classification\paper\paper684.jpg,paper
garbage_classification\clothes\clothes1407.jpg,clothes
garbage_classification\plastic\plastic637.jpg,plastic
garbage_classification\clothes\clothes4561.jpg,clothes
garbage_classification\green-glass\green-glass144.jpg,green-glass
garbage_classification\clothes\clothes4499.jpg,clothes
garbage_classification\clothes\clothes5263.jpg,clothes
garbage_classification\clothes\clothes1405.jpg,clothes
garbage_classification\clothes\clothes367.jpg,clothes
garbage_classification\metal\metal207.jpg,metal
garbage_classification\clothes\clothes4959.jpg,clothes
garbage_classification\shoes\shoes1652.jpg,shoes
garbage_classification\biological\biological749.jpg,biological
garbage_classification\clothes\clothes953.jpg,clothes
garbage_classification\paper\paper359.jpg,paper
garbage_classification\clothes\clothes1620.jpg,clothes
garbage_classification\battery\battery525.jpg,battery
garbage_classification\battery\battery430.jpg,battery
garbage_classification\brown-glass\brown-glass8.jpg,brown-glass
garbage_classification\clothes\clothes2688.jpg,clothes
garbage_classification\cardboard\cardboard240.jpg,cardboard
garbage_classification\clothes\clothes965.jpg,clothes
garbage_classification\green-glass\green-glass542.jpg,green-glass
garbage_classification\clothes\clothes2256.jpg,clothes
garbage_classification\biological\biological705.jpg,biological
garbage_classification\clothes\clothes3704.jpg,clothes
garbage_classification\clothes\clothes2940.jpg,clothes
garbage_classification\shoes\shoes1588.jpg,shoes
garbage_classification\trash\trash266.jpg,trash
garbage_classification\cardboard\cardboard612.jpg,cardboard
garbage_classification\clothes\clothes3843.jpg,clothes
garbage_classification\clothes\clothes666.jpg,clothes
garbage_classification\green-glass\green-glass353.jpg,green-glass
garbage_classification\trash\trash26.jpg,trash
garbage_classification\green-glass\green-glass323.jpg,green-glass
garbage_classification\green-glass\green-glass511.jpg,green-glass
garbage_classification\battery\battery26.jpg,battery
garbage_classification\clothes\clothes5290.jpg,clothes
garbage_classification\metal\metal651.jpg,metal
garbage_classification\clothes\clothes5154.jpg,clothes
garbage_classification\clothes\clothes4554.jpg,clothes
garbage_classification\shoes\shoes1728.jpg,shoes
garbage_classification\battery\battery415.jpg,battery
garbage_classification\biological\biological428.jpg,biological
garbage_classification\brown-glass\brown-glass524.jpg,brown-glass
garbage_classification\battery\battery282.jpg,battery
garbage_classification\green-glass\green-glass393.jpg,green-glass
garbage_classification\clothes\clothes394.jpg,clothes
garbage_classification\plastic\plastic512.jpg,plastic
garbage_classification\clothes\clothes4964.jpg,clothes
garbage_classification\clothes\clothes4989.jpg,clothes
garbage_classification\paper\paper948.jpg,paper
garbage_classification\clothes\clothes771.jpg,clothes
garbage_classification\shoes\shoes1561.jpg,shoes
garbage_classification\clothes\clothes2895.jpg,clothes
garbage_classification\trash\trash654.jpg,trash
garbage_classification\clothes\clothes3236.jpg,clothes
garbage_classification\green-glass\green-glass510.jpg,green-glass
garbage_classification\trash\trash298.jpg,trash
garbage_classification\plastic\plastic163.jpg,plastic
garbage_classification\clothes\clothes4226.jpg,clothes
garbage_classification\battery\battery228.jpg,battery
garbage_classification\trash\trash325.jpg,trash
garbage_classification\clothes\clothes1788.jpg,clothes
garbage_classification\cardboard\cardboard269.jpg,cardboard
garbage_classification\clothes\clothes2733.jpg,clothes
garbage_classification\clothes\clothes3797.jpg,clothes
garbage_classification\clothes\clothes1051.jpg,clothes
garbage_classification\cardboard\cardboard331.jpg,cardboard
garbage_classification\metal\metal142.jpg,metal
garbage_classification\green-glass\green-glass512.jpg,green-glass
garbage_classification\white-glass\white-glass461.jpg,white-glass
garbage_classification\shoes\shoes1089.jpg,shoes
garbage_classification\metal\metal330.jpg,metal
garbage_classification\cardboard\cardboard403.jpg,cardboard
garbage_classification\clothes\clothes5163.jpg,clothes
garbage_classification\clothes\clothes174.jpg,clothes
garbage_classification\white-glass\white-glass345.jpg,white-glass
garbage_classification\white-glass\white-glass690.jpg,white-glass
garbage_classification\clothes\clothes179.jpg,clothes
garbage_classification\battery\battery701.jpg,battery
garbage_classification\clothes\clothes4457.jpg,clothes
garbage_classification\clothes\clothes3567.jpg,clothes
garbage_classification\clothes\clothes2228.jpg,clothes
garbage_classification\clothes\clothes1144.jpg,clothes
garbage_classification\shoes\shoes725.jpg,shoes
garbage_classification\plastic\plastic274.jpg,plastic
garbage_classification\biological\biological77.jpg,biological
garbage_classification\clothes\clothes4782.jpg,clothes
garbage_classification\trash\trash349.jpg,trash
garbage_classification\green-glass\green-glass100.jpg,green-glass
garbage_classification\green-glass\green-glass190.jpg,green-glass
garbage_classification\cardboard\cardboard656.jpg,cardboard
garbage_classification\paper\paper161.jpg,paper
garbage_classification\brown-glass\brown-glass182.jpg,brown-glass
garbage_classification\clothes\clothes2298.jpg,clothes
garbage_classification\clothes\clothes2308.jpg,clothes
garbage_classification\metal\metal547.jpg,metal
garbage_classification\paper\paper731.jpg,paper
garbage_classification\cardboard\cardboard468.jpg,cardboard
garbage_classification\white-glass\white-glass23.jpg,white-glass
garbage_classification\green-glass\green-glass244.jpg,green-glass
garbage_classification\clothes\clothes712.jpg,clothes
garbage_classification\shoes\shoes1696.jpg,shoes
garbage_classification\white-glass\white-glass269.jpg,white-glass
garbage_classification\brown-glass\brown-glass548.jpg,brown-glass
garbage_classification\cardboard\cardboard136.jpg,cardboard
garbage_classification\cardboard\cardboard886.jpg,cardboard
garbage_classification\clothes\clothes996.jpg,clothes
garbage_classification\clothes\clothes5162.jpg,clothes
garbage_classification\shoes\shoes859.jpg,shoes
garbage_classification\shoes\shoes586.jpg,shoes
garbage_classification\shoes\shoes1277.jpg,shoes
garbage_classification\white-glass\white-glass219.jpg,white-glass
garbage_classification\paper\paper348.jpg,paper
garbage_classification\biological\biological266.jpg,biological
garbage_classification\biological\biological173.jpg,biological
garbage_classification\clothes\clothes1801.jpg,clothes
garbage_classification\clothes\clothes431.jpg,clothes
garbage_classification\biological\biological172.jpg,biological
garbage_classification\clothes\clothes1958.jpg,clothes
garbage_classification\green-glass\green-glass233.jpg,green-glass
garbage_classification\clothes\clothes5317.jpg,clothes
garbage_classification\brown-glass\brown-glass450.jpg,brown-glass
garbage_classification\clothes\clothes788.jpg,clothes
garbage_classification\shoes\shoes1042.jpg,shoes
garbage_classification\white-glass\white-glass728.jpg,white-glass
garbage_classification\clothes\clothes3580.jpg,clothes
garbage_classification\clothes\clothes1839.jpg,clothes
garbage_classification\white-glass\white-glass669.jpg,white-glass
garbage_classification\brown-glass\brown-glass503.jpg,brown-glass
garbage_classification\brown-glass\brown-glass97.jpg,brown-glass
garbage_classification\battery\battery924.jpg,battery
garbage_classification\cardboard\cardboard264.jpg,cardboard
garbage_classification\clothes\clothes1377.jpg,clothes
garbage_classification\paper\paper894.jpg,paper
garbage_classification\white-glass\white-glass591.jpg,white-glass
garbage_classification\trash\trash9.jpg,trash
garbage_classification\biological\biological766.jpg,biological
garbage_classification\paper\paper207.jpg,paper
garbage_classification\metal\metal523.jpg,metal
garbage_classification\trash\trash11.jpg,trash
garbage_classification\paper\paper662.jpg,paper
garbage_classification\green-glass\green-glass498.jpg,green-glass
garbage_classification\plastic\plastic435.jpg,plastic
garbage_classification\metal\metal521.jpg,metal
garbage_classification\trash\trash199.jpg,trash
garbage_classification\clothes\clothes3678.jpg,clothes
garbage_classification\battery\battery704.jpg,battery
garbage_classification\plastic\plastic259.jpg,plastic
garbage_classification\trash\trash162.jpg,trash
garbage_classification\clothes\clothes3775.jpg,clothes
garbage_classification\clothes\clothes554.jpg,clothes
garbage_classification\shoes\shoes244.jpg,shoes
garbage_classification\clothes\clothes1307.jpg,clothes
garbage_classification\cardboard\cardboard198.jpg,cardboard
garbage_classification\shoes\shoes1734.jpg,shoes
garbage_classification\trash\trash502.jpg,trash
garbage_classification\shoes\shoes1803.jpg,shoes
garbage_classification\clothes\clothes4528.jpg,clothes
garbage_classification\shoes\shoes629.jpg,shoes
garbage_classification\white-glass\white-glass349.jpg,white-glass
garbage_classification\clothes\clothes2637.jpg,clothes
garbage_classification\clothes\clothes4813.jpg,clothes
garbage_classification\paper\paper310.jpg,paper
garbage_classification\biological\biological576.jpg,biological
garbage_classification\clothes\clothes3206.jpg,clothes
garbage_classification\paper\paper590.jpg,paper
garbage_classification\clothes\clothes4997.jpg,clothes
garbage_classification\clothes\clothes829.jpg,clothes
garbage_classification\cardboard\cardboard834.jpg,cardboard
garbage_classification\clothes\clothes1499.jpg,clothes
garbage_classification\clothes\clothes479.jpg,clothes
garbage_classification\battery\battery713.jpg,battery
garbage_classification\clothes\clothes677.jpg,clothes
garbage_classification\biological\biological211.jpg,biological
garbage_classification\white-glass\white-glass571.jpg,white-glass
garbage_classification\clothes\clothes3259.jpg,clothes
garbage_classification\green-glass\green-glass37.jpg,green-glass
garbage_classification\clothes\clothes2261.jpg,clothes
garbage_classification\clothes\clothes5291.jpg,clothes
garbage_classification\paper\paper223.jpg,paper
garbage_classification\brown-glass\brown-glass246.jpg,brown-glass
garbage_classification\shoes\shoes1210.jpg,shoes
garbage_classification\clothes\clothes4182.jpg,clothes
garbage_classification\battery\battery470.jpg,battery
garbage_classification\paper\paper758.jpg,paper
garbage_classification\shoes\shoes64.jpg,shoes
garbage_classification\clothes\clothes3188.jpg,clothes
garbage_classification\cardboard\cardboard390.jpg,cardboard
garbage_classification\clothes\clothes5308.jpg,clothes
garbage_classification\metal\metal395.jpg,metal
garbage_classification\clothes\clothes2013.jpg,clothes
garbage_classification\shoes\shoes80.jpg,shoes
garbage_classification\clothes\clothes3650.jpg,clothes
garbage_classification\battery\battery700.jpg,battery
garbage_classification\clothes\clothes505.jpg,clothes
garbage_classification\metal\metal570.jpg,metal
garbage_classification\shoes\shoes858.jpg,shoes
garbage_classification\paper\paper877.jpg,paper
garbage_classification\shoes\shoes647.jpg,shoes
garbage_classification\clothes\clothes931.jpg,clothes
garbage_classification\battery\battery866.jpg,battery
garbage_classification\clothes\clothes4102.jpg,clothes
garbage_classification\clothes\clothes2278.jpg,clothes
garbage_classification\clothes\clothes4377.jpg,clothes
garbage_classification\clothes\clothes4556.jpg,clothes
garbage_classification\paper\paper988.jpg,paper
garbage_classification\brown-glass\brown-glass50.jpg,brown-glass
garbage_classification\biological\biological604.jpg,biological
garbage_classification\clothes\clothes4318.jpg,clothes
garbage_classification\clothes\clothes2482.jpg,clothes
garbage_classification\white-glass\white-glass22.jpg,white-glass
garbage_classification\clothes\clothes1479.jpg,clothes
garbage_classification\battery\battery310.jpg,battery
garbage_classification\white-glass\white-glass301.jpg,white-glass
garbage_classification\battery\battery647.jpg,battery
garbage_classification\cardboard\cardboard678.jpg,cardboard
garbage_classification\clothes\clothes2496.jpg,clothes
garbage_classification\plastic\plastic615.jpg,plastic
garbage_classification\cardboard\cardboard438.jpg,cardboard
garbage_classification\plastic\plastic654.jpg,plastic
garbage_classification\shoes\shoes276.jpg,shoes
garbage_classification\shoes\shoes130.jpg,shoes
garbage_classification\trash\trash208.jpg,trash
garbage_classification\metal\metal611.jpg,metal
garbage_classification\metal\metal539.jpg,metal
garbage_classification\clothes\clothes2139.jpg,clothes
garbage_classification\clothes\clothes3969.jpg,clothes
garbage_classification\battery\battery679.jpg,battery
garbage_classification\plastic\plastic735.jpg,plastic
garbage_classification\clothes\clothes2475.jpg,clothes
garbage_classification\clothes\clothes1667.jpg,clothes
garbage_classification\trash\trash142.jpg,trash
garbage_classification\plastic\plastic774.jpg,plastic
garbage_classification\green-glass\green-glass627.jpg,green-glass
garbage_classification\cardboard\cardboard699.jpg,cardboard
garbage_classification\cardboard\cardboard169.jpg,cardboard
garbage_classification\green-glass\green-glass610.jpg,green-glass
garbage_classification\shoes\shoes146.jpg,shoes
garbage_classification\metal\metal7.jpg,metal
garbage_classification\clothes\clothes4722.jpg,clothes
garbage_classification\shoes\shoes1710.jpg,shoes
garbage_classification\shoes\shoes447.jpg,shoes
garbage_classification\clothes\clothes633.jpg,clothes
garbage_classification\clothes\clothes2743.jpg,clothes
garbage_classification\trash\trash486.jpg,trash
garbage_classification\cardboard\cardboard577.jpg,cardboard
garbage_classification\clothes\clothes1240.jpg,clothes
garbage_classification\plastic\plastic449.jpg,plastic
garbage_classification\clothes\clothes3208.jpg,clothes
garbage_classification\shoes\shoes1864.jpg,shoes
garbage_classification\clothes\clothes3288.jpg,clothes
garbage_classification\shoes\shoes482.jpg,shoes
garbage_classification\biological\biological617.jpg,biological
garbage_classification\cardboard\cardboard658.jpg,cardboard
garbage_classification\clothes\clothes5192.jpg,clothes
garbage_classification\cardboard\cardboard542.jpg,cardboard
garbage_classification\metal\metal401.jpg,metal
garbage_classification\paper\paper88.jpg,paper
garbage_classification\clothes\clothes3444.jpg,clothes
garbage_classification\paper\paper695.jpg,paper
garbage_classification\battery\battery350.jpg,battery
garbage_classification\metal\metal559.jpg,metal
garbage_classification\clothes\clothes1722.jpg,clothes
garbage_classification\shoes\shoes553.jpg,shoes
garbage_classification\shoes\shoes1915.jpg,shoes
garbage_classification\clothes\clothes2384.jpg,clothes
garbage_classification\trash\trash509.jpg,trash
garbage_classification\clothes\clothes3974.jpg,clothes
garbage_classification\cardboard\cardboard551.jpg,cardboard
garbage_classification\green-glass\green-glass143.jpg,green-glass
garbage_classification\battery\battery684.jpg,battery
garbage_classification\clothes\clothes892.jpg,clothes
garbage_classification\paper\paper634.jpg,paper
garbage_classification\battery\battery47.jpg,battery
garbage_classification\metal\metal20.jpg,metal
garbage_classification\clothes\clothes5128.jpg,clothes
garbage_classification\biological\biological812.jpg,biological
garbage_classification\battery\battery488.jpg,battery
garbage_classification\clothes\clothes3999.jpg,clothes
garbage_classification\clothes\clothes3107.jpg,clothes
garbage_classification\clothes\clothes826.jpg,clothes
garbage_classification\plastic\plastic736.jpg,plastic
garbage_classification\clothes\clothes2657.jpg,clothes
garbage_classification\metal\metal308.jpg,metal
garbage_classification\clothes\clothes1625.jpg,clothes
garbage_classification\biological\biological458.jpg,biological
garbage_classification\clothes\clothes528.jpg,clothes
garbage_classification\trash\trash223.jpg,trash
garbage_classification\clothes\clothes5118.jpg,clothes
garbage_classification\battery\battery851.jpg,battery
garbage_classification\biological\biological960.jpg,biological
garbage_classification\clothes\clothes4026.jpg,clothes
garbage_classification\shoes\shoes1601.jpg,shoes
garbage_classification\clothes\clothes5110.jpg,clothes
garbage_classification\clothes\clothes4353.jpg,clothes
garbage_classification\battery\battery716.jpg,battery
garbage_classification\shoes\shoes1533.jpg,shoes
garbage_classification\clothes\clothes1453.jpg,clothes
garbage_classification\clothes\clothes750.jpg,clothes
garbage_classification\biological\biological282.jpg,biological
garbage_classification\clothes\clothes4944.jpg,clothes
garbage_classification\trash\trash278.jpg,trash
garbage_classification\clothes\clothes4132.jpg,clothes
garbage_classification\clothes\clothes2080.jpg,clothes
garbage_classification\clothes\clothes4712.jpg,clothes
garbage_classification\white-glass\white-glass103.jpg,white-glass
garbage_classification\cardboard\cardboard511.jpg,cardboard
garbage_classification\clothes\clothes500.jpg,clothes
garbage_classification\battery\battery251.jpg,battery
garbage_classification\shoes\shoes1590.jpg,shoes
garbage_classification\paper\paper709.jpg,paper
garbage_classification\trash\trash362.jpg,trash
garbage_classification\clothes\clothes947.jpg,clothes
garbage_classification\clothes\clothes2869.jpg,clothes
garbage_classification\clothes\clothes551.jpg,clothes
garbage_classification\trash\trash674.jpg,trash
garbage_classification\white-glass\white-glass117.jpg,white-glass
garbage_classification\cardboard\cardboard51.jpg,cardboard
garbage_classification\shoes\shoes514.jpg,shoes
garbage_classification\plastic\plastic72.jpg,plastic
garbage_classification\clothes\clothes483.jpg,clothes
garbage_classification\clothes\clothes5093.jpg,clothes
garbage_classification\paper\paper367.jpg,paper
garbage_classification\brown-glass\brown-glass573.jpg,brown-glass
garbage_classification\plastic\plastic579.jpg,plastic
garbage_classification\metal\metal418.jpg,metal
garbage_classification\clothes\clothes2880.jpg,clothes
garbage_classification\trash\trash212.jpg,trash
garbage_classification\shoes\shoes1020.jpg,shoes
garbage_classification\paper\paper39.jpg,paper
garbage_classification\clothes\clothes1372.jpg,clothes
garbage_classification\clothes\clothes3953.jpg,clothes
garbage_classification\clothes\clothes1406.jpg,clothes
garbage_classification\brown-glass\brown-glass387.jpg,brown-glass
garbage_classification\clothes\clothes1418.jpg,clothes
garbage_classification\white-glass\white-glass229.jpg,white-glass
garbage_classification\clothes\clothes3659.jpg,clothes
garbage_classification\paper\paper667.jpg,paper
garbage_classification\clothes\clothes3532.jpg,clothes
garbage_classification\green-glass\green-glass65.jpg,green-glass
garbage_classification\metal\metal199.jpg,metal
garbage_classification\plastic\plastic17.jpg,plastic
garbage_classification\clothes\clothes1230.jpg,clothes
garbage_classification\cardboard\cardboard433.jpg,cardboard
garbage_classification\plastic\plastic750.jpg,plastic
garbage_classification\shoes\shoes1292.jpg,shoes
garbage_classification\shoes\shoes86.jpg,shoes
garbage_classification\clothes\clothes4685.jpg,clothes
garbage_classification\shoes\shoes1118.jpg,shoes
garbage_classification\paper\paper26.jpg,paper
garbage_classification\clothes\clothes398.jpg,clothes
garbage_classification\clothes\clothes4347.jpg,clothes
garbage_classification\battery\battery369.jpg,battery
garbage_classification\clothes\clothes5240.jpg,clothes
garbage_classification\clothes\clothes3487.jpg,clothes
garbage_classification\metal\metal534.jpg,metal
garbage_classification\clothes\clothes1013.jpg,clothes
garbage_classification\battery\battery743.jpg,battery
garbage_classification\clothes\clothes1232.jpg,clothes
garbage_classification\plastic\plastic331.jpg,plastic
garbage_classification\trash\trash596.jpg,trash
garbage_classification\clothes\clothes881.jpg,clothes
garbage_classification\clothes\clothes3164.jpg,clothes
garbage_classification\plastic\plastic519.jpg,plastic
garbage_classification\metal\metal190.jpg,metal
garbage_classification\clothes\clothes2740.jpg,clothes
garbage_classification\plastic\plastic239.jpg,plastic
garbage_classification\biological\biological643.jpg,biological
garbage_classification\battery\battery270.jpg,battery
garbage_classification\green-glass\green-glass625.jpg,green-glass
garbage_classification\battery\battery37.jpg,battery
garbage_classification\battery\battery737.jpg,battery
garbage_classification\paper\paper881.jpg,paper
garbage_classification\brown-glass\brown-glass262.jpg,brown-glass
garbage_classification\cardboard\cardboard818.jpg,cardboard
garbage_classification\shoes\shoes451.jpg,shoes
garbage_classification\plastic\plastic455.jpg,plastic
garbage_classification\white-glass\white-glass253.jpg,white-glass
garbage_classification\shoes\shoes1239.jpg,shoes
garbage_classification\shoes\shoes759.jpg,shoes
garbage_classification\clothes\clothes3421.jpg,clothes
garbage_classification\green-glass\green-glass446.jpg,green-glass
garbage_classification\paper\paper612.jpg,paper
garbage_classification\biological\biological801.jpg,biological
garbage_classification\shoes\shoes250.jpg,shoes
garbage_classification\clothes\clothes5027.jpg,clothes
garbage_classification\clothes\clothes2898.jpg,clothes
garbage_classification\plastic\plastic306.jpg,plastic
garbage_classification\clothes\clothes2120.jpg,clothes
garbage_classification\clothes\clothes1113.jpg,clothes
garbage_classification\biological\biological906.jpg,biological
garbage_classification\clothes\clothes1867.jpg,clothes
garbage_classification\clothes\clothes2961.jpg,clothes
garbage_classification\green-glass\green-glass516.jpg,green-glass
garbage_classification\clothes\clothes1907.jpg,clothes
garbage_classification\paper\paper420.jpg,paper
garbage_classification\clothes\clothes452.jpg,clothes
garbage_classification\battery\battery179.jpg,battery
garbage_classification\cardboard\cardboard454.jpg,cardboard
garbage_classification\green-glass\green-glass461.jpg,green-glass
garbage_classification\metal\metal344.jpg,metal
garbage_classification\shoes\shoes1048.jpg,shoes
garbage_classification\cardboard\cardboard195.jpg,cardboard
garbage_classification\white-glass\white-glass182.jpg,white-glass
garbage_classification\cardboard\cardboard649.jpg,cardboard
garbage_classification\cardboard\cardboard505.jpg,cardboard
garbage_classification\clothes\clothes1906.jpg,clothes
garbage_classification\cardboard\cardboard864.jpg,cardboard
garbage_classification\paper\paper47.jpg,paper
garbage_classification\clothes\clothes1490.jpg,clothes
garbage_classification\biological\biological483.jpg,biological
garbage_classification\cardboard\cardboard597.jpg,cardboard
garbage_classification\green-glass\green-glass617.jpg,green-glass
garbage_classification\green-glass\green-glass238.jpg,green-glass
garbage_classification\clothes\clothes2991.jpg,clothes
garbage_classification\biological\biological348.jpg,biological
garbage_classification\biological\biological724.jpg,biological
garbage_classification\battery\battery898.jpg,battery
garbage_classification\biological\biological7.jpg,biological
garbage_classification\green-glass\green-glass39.jpg,green-glass
garbage_classification\green-glass\green-glass155.jpg,green-glass
garbage_classification\biological\biological626.jpg,biological
garbage_classification\clothes\clothes782.jpg,clothes
garbage_classification\cardboard\cardboard856.jpg,cardboard
garbage_classification\battery\battery854.jpg,battery
garbage_classification\shoes\shoes1435.jpg,shoes
garbage_classification\clothes\clothes1894.jpg,clothes
garbage_classification\shoes\shoes195.jpg,shoes
garbage_classification\biological\biological246.jpg,biological
garbage_classification\biological\biological785.jpg,biological
garbage_classification\clothes\clothes4175.jpg,clothes
garbage_classification\paper\paper661.jpg,paper
garbage_classification\shoes\shoes1638.jpg,shoes
garbage_classification\clothes\clothes2625.jpg,clothes
garbage_classification\paper\paper83.jpg,paper
garbage_classification\metal\metal197.jpg,metal
garbage_classification\clothes\clothes2674.jpg,clothes
garbage_classification\clothes\clothes3512.jpg,clothes
garbage_classification\paper\paper324.jpg,paper
garbage_classification\trash\trash523.jpg,trash
garbage_classification\clothes\clothes2977.jpg,clothes
garbage_classification\cardboard\cardboard553.jpg,cardboard
garbage_classification\cardboard\cardboard865.jpg,cardboard
garbage_classification\shoes\shoes1597.jpg,shoes
garbage_classification\shoes\shoes1680.jpg,shoes
garbage_classification\clothes\clothes3660.jpg,clothes
garbage_classification\brown-glass\brown-glass448.jpg,brown-glass
garbage_classification\clothes\clothes3524.jpg,clothes
garbage_classification\shoes\shoes108.jpg,shoes
garbage_classification\paper\paper613.jpg,paper
garbage_classification\clothes\clothes4756.jpg,clothes
garbage_classification\clothes\clothes3384.jpg,clothes
garbage_classification\clothes\clothes2951.jpg,clothes
garbage_classification\biological\biological206.jpg,biological
garbage_classification\brown-glass\brown-glass520.jpg,brown-glass
garbage_classification\green-glass\green-glass626.jpg,green-glass
garbage_classification\clothes\clothes493.jpg,clothes
garbage_classification\clothes\clothes4154.jpg,clothes
garbage_classification\clothes\clothes472.jpg,clothes
garbage_classification\clothes\clothes2616.jpg,clothes
garbage_classification\plastic\plastic355.jpg,plastic
garbage_classification\clothes\clothes2726.jpg,clothes
garbage_classification\clothes\clothes2051.jpg,clothes
garbage_classification\battery\battery376.jpg,battery
garbage_classification\plastic\plastic600.jpg,plastic
garbage_classification\plastic\plastic139.jpg,plastic
garbage_classification\battery\battery323.jpg,battery
garbage_classification\clothes\clothes1217.jpg,clothes
garbage_classification\cardboard\cardboard824.jpg,cardboard
garbage_classification\biological\biological792.jpg,biological
garbage_classification\shoes\shoes8.jpg,shoes
garbage_classification\paper\paper804.jpg,paper
garbage_classification\biological\biological867.jpg,biological
garbage_classification\clothes\clothes543.jpg,clothes
garbage_classification\battery\battery89.jpg,battery
garbage_classification\white-glass\white-glass600.jpg,white-glass
garbage_classification\clothes\clothes3040.jpg,clothes
garbage_classification\clothes\clothes823.jpg,clothes
garbage_classification\plastic\plastic858.jpg,plastic
garbage_classification\metal\metal506.jpg,metal
garbage_classification\shoes\shoes316.jpg,shoes
garbage_classification\clothes\clothes2003.jpg,clothes
garbage_classification\shoes\shoes51.jpg,shoes
garbage_classification\biological\biological735.jpg,biological
garbage_classification\clothes\clothes1023.jpg,clothes
garbage_classification\brown-glass\brown-glass271.jpg,brown-glass
garbage_classification\clothes\clothes3715.jpg,clothes
garbage_classification\cardboard\cardboard150.jpg,cardboard
garbage_classification\paper\paper396.jpg,paper
garbage_classification\trash\trash681.jpg,trash
garbage_classification\paper\paper350.jpg,paper
garbage_classification\clothes\clothes195.jpg,clothes
garbage_classification\plastic\plastic247.jpg,plastic
garbage_classification\clothes\clothes2364.jpg,clothes
garbage_classification\clothes\clothes1943.jpg,clothes
garbage_classification\white-glass\white-glass613.jpg,white-glass
garbage_classification\clothes\clothes2074.jpg,clothes
garbage_classification\clothes\clothes284.jpg,clothes
garbage_classification\brown-glass\brown-glass417.jpg,brown-glass
garbage_classification\white-glass\white-glass39.jpg,white-glass
garbage_classification\cardboard\cardboard172.jpg,cardboard
garbage_classification\clothes\clothes1046.jpg,clothes
garbage_classification\clothes\clothes5052.jpg,clothes
garbage_classification\biological\biological938.jpg,biological
garbage_classification\white-glass\white-glass654.jpg,white-glass
garbage_classification\biological\biological320.jpg,biological
garbage_classification\battery\battery761.jpg,battery
garbage_classification\clothes\clothes1389.jpg,clothes
garbage_classification\shoes\shoes535.jpg,shoes
garbage_classification\green-glass\green-glass332.jpg,green-glass
garbage_classification\plastic\plastic111.jpg,plastic
garbage_classification\clothes\clothes2311.jpg,clothes
garbage_classification\trash\trash587.jpg,trash
garbage_classification\shoes\shoes358.jpg,shoes
garbage_classification\plastic\plastic656.jpg,plastic
garbage_classification\clothes\clothes4962.jpg,clothes
garbage_classification\shoes\shoes896.jpg,shoes
garbage_classification\shoes\shoes932.jpg,shoes
garbage_classification\biological\biological218.jpg,biological
garbage_classification\clothes\clothes480.jpg,clothes
garbage_classification\clothes\clothes1514.jpg,clothes
garbage_classification\trash\trash201.jpg,trash
garbage_classification\clothes\clothes3217.jpg,clothes
garbage_classification\green-glass\green-glass526.jpg,green-glass
garbage_classification\shoes\shoes1057.jpg,shoes
garbage_classification\clothes\clothes3561.jpg,clothes
garbage_classification\clothes\clothes2503.jpg,clothes
garbage_classification\metal\metal41.jpg,metal
garbage_classification\shoes\shoes1446.jpg,shoes
garbage_classification\shoes\shoes974.jpg,shoes
garbage_classification\clothes\clothes2748.jpg,clothes
garbage_classification\battery\battery196.jpg,battery
garbage_classification\clothes\clothes1611.jpg,clothes
garbage_classification\clothes\clothes5119.jpg,clothes
garbage_classification\clothes\clothes1191.jpg,clothes
garbage_classification\clothes\clothes4697.jpg,clothes
garbage_classification\white-glass\white-glass632.jpg,white-glass
garbage_classification\clothes\clothes3328.jpg,clothes
garbage_classification\shoes\shoes1358.jpg,shoes
garbage_classification\trash\trash327.jpg,trash
garbage_classification\plastic\plastic456.jpg,plastic
garbage_classification\clothes\clothes1980.jpg,clothes
garbage_classification\clothes\clothes1210.jpg,clothes
garbage_classification\cardboard\cardboard380.jpg,cardboard
garbage_classification\clothes\clothes4076.jpg,clothes
garbage_classification\brown-glass\brown-glass509.jpg,brown-glass
garbage_classification\brown-glass\brown-glass399.jpg,brown-glass
garbage_classification\biological\biological657.jpg,biological
garbage_classification\biological\biological658.jpg,biological
garbage_classification\clothes\clothes3792.jpg,clothes
garbage_classification\clothes\clothes2092.jpg,clothes
garbage_classification\battery\battery134.jpg,battery
garbage_classification\biological\biological474.jpg,biological
garbage_classification\trash\trash67.jpg,trash
garbage_classification\brown-glass\brown-glass504.jpg,brown-glass
garbage_classification\trash\trash249.jpg,trash
garbage_classification\biological\biological120.jpg,biological
garbage_classification\clothes\clothes1369.jpg,clothes
garbage_classification\clothes\clothes1653.jpg,clothes
garbage_classification\trash\trash85.jpg,trash
garbage_classification\cardboard\cardboard55.jpg,cardboard
garbage_classification\clothes\clothes2831.jpg,clothes
garbage_classification\metal\metal17.jpg,metal
garbage_classification\paper\paper429.jpg,paper
garbage_classification\clothes\clothes4532.jpg,clothes
garbage_classification\clothes\clothes4566.jpg,clothes
garbage_classification\clothes\clothes4206.jpg,clothes
garbage_classification\white-glass\white-glass310.jpg,white-glass
garbage_classification\clothes\clothes1416.jpg,clothes
garbage_classification\biological\biological739.jpg,biological
garbage_classification\metal\metal172.jpg,metal
garbage_classification\shoes\shoes1704.jpg,shoes
garbage_classification\clothes\clothes242.jpg,clothes
garbage_classification\paper\paper94.jpg,paper
garbage_classification\clothes\clothes718.jpg,clothes
garbage_classification\shoes\shoes240.jpg,shoes
garbage_classification\plastic\plastic563.jpg,plastic
garbage_classification\clothes\clothes2108.jpg,clothes
garbage_classification\trash\trash511.jpg,trash
garbage_classification\clothes\clothes3564.jpg,clothes
garbage_classification\white-glass\white-glass391.jpg,white-glass
garbage_classification\clothes\clothes1417.jpg,clothes
garbage_classification\clothes\clothes4164.jpg,clothes
garbage_classification\clothes\clothes3291.jpg,clothes
garbage_classification\battery\battery939.jpg,battery
garbage_classification\green-glass\green-glass406.jpg,green-glass
garbage_classification\cardboard\cardboard495.jpg,cardboard
garbage_classification\clothes\clothes1811.jpg,clothes
garbage_classification\trash\trash116.jpg,trash
garbage_classification\white-glass\white-glass78.jpg,white-glass
garbage_classification\biological\biological827.jpg,biological
garbage_classification\paper\paper732.jpg,paper
garbage_classification\clothes\clothes4678.jpg,clothes
garbage_classification\plastic\plastic707.jpg,plastic
garbage_classification\clothes\clothes4676.jpg,clothes
garbage_classification\paper\paper93.jpg,paper
garbage_classification\brown-glass\brown-glass12.jpg,brown-glass
garbage_classification\clothes\clothes1952.jpg,clothes
garbage_classification\clothes\clothes4472.jpg,clothes
garbage_classification\green-glass\green-glass554.jpg,green-glass
garbage_classification\clothes\clothes2447.jpg,clothes
garbage_classification\paper\paper362.jpg,paper
garbage_classification\clothes\clothes3010.jpg,clothes
garbage_classification\shoes\shoes252.jpg,shoes
garbage_classification\trash\trash173.jpg,trash
garbage_classification\clothes\clothes3987.jpg,clothes
garbage_classification\brown-glass\brown-glass368.jpg,brown-glass
garbage_classification\clothes\clothes555.jpg,clothes
garbage_classification\battery\battery622.jpg,battery
garbage_classification\clothes\clothes804.jpg,clothes
garbage_classification\clothes\clothes1294.jpg,clothes
garbage_classification\shoes\shoes908.jpg,shoes
garbage_classification\paper\paper811.jpg,paper
garbage_classification\trash\trash329.jpg,trash
garbage_classification\shoes\shoes799.jpg,shoes
garbage_classification\shoes\shoes1703.jpg,shoes
garbage_classification\shoes\shoes475.jpg,shoes
garbage_classification\biological\biological377.jpg,biological
garbage_classification\paper\paper430.jpg,paper
garbage_classification\trash\trash468.jpg,trash
garbage_classification\green-glass\green-glass98.jpg,green-glass
garbage_classification\battery\battery692.jpg,battery
garbage_classification\battery\battery169.jpg,battery
garbage_classification\clothes\clothes4269.jpg,clothes
garbage_classification\plastic\plastic529.jpg,plastic
garbage_classification\brown-glass\brown-glass142.jpg,brown-glass
garbage_classification\paper\paper319.jpg,paper
garbage_classification\cardboard\cardboard411.jpg,cardboard
garbage_classification\clothes\clothes3405.jpg,clothes
garbage_classification\metal\metal633.jpg,metal
garbage_classification\biological\biological350.jpg,biological
garbage_classification\clothes\clothes5156.jpg,clothes
garbage_classification\green-glass\green-glass612.jpg,green-glass
garbage_classification\clothes\clothes521.jpg,clothes
garbage_classification\clothes\clothes4173.jpg,clothes
garbage_classification\clothes\clothes3225.jpg,clothes
garbage_classification\clothes\clothes5152.jpg,clothes
garbage_classification\clothes\clothes2007.jpg,clothes
garbage_classification\clothes\clothes3940.jpg,clothes
garbage_classification\trash\trash245.jpg,trash
garbage_classification\trash\trash581.jpg,trash
garbage_classification\trash\trash342.jpg,trash
garbage_classification\clothes\clothes1784.jpg,clothes
garbage_classification\metal\metal555.jpg,metal
garbage_classification\shoes\shoes1692.jpg,shoes
garbage_classification\plastic\plastic460.jpg,plastic
garbage_classification\biological\biological150.jpg,biological
garbage_classification\cardboard\cardboard509.jpg,cardboard
garbage_classification\metal\metal46.jpg,metal
garbage_classification\clothes\clothes4984.jpg,clothes
garbage_classification\clothes\clothes1742.jpg,clothes
garbage_classification\shoes\shoes736.jpg,shoes
garbage_classification\trash\trash373.jpg,trash
garbage_classification\clothes\clothes4080.jpg,clothes
garbage_classification\plastic\plastic113.jpg,plastic
garbage_classification\clothes\clothes1541.jpg,clothes
garbage_classification\clothes\clothes836.jpg,clothes
garbage_classification\battery\battery796.jpg,battery
garbage_classification\cardboard\cardboard500.jpg,cardboard
garbage_classification\shoes\shoes1924.jpg,shoes
garbage_classification\clothes\clothes1687.jpg,clothes
garbage_classification\cardboard\cardboard117.jpg,cardboard
garbage_classification\cardboard\cardboard606.jpg,cardboard
garbage_classification\cardboard\cardboard575.jpg,cardboard
garbage_classification\shoes\shoes1730.jpg,shoes
garbage_classification\metal\metal30.jpg,metal
garbage_classification\shoes\shoes227.jpg,shoes
garbage_classification\clothes\clothes154.jpg,clothes
garbage_classification\green-glass\green-glass251.jpg,green-glass
garbage_classification\shoes\shoes1640.jpg,shoes
garbage_classification\clothes\clothes3464.jpg,clothes
garbage_classification\battery\battery533.jpg,battery
garbage_classification\white-glass\white-glass744.jpg,white-glass
garbage_classification\clothes\clothes3658.jpg,clothes
garbage_classification\shoes\shoes1107.jpg,shoes
garbage_classification\shoes\shoes1152.jpg,shoes
garbage_classification\plastic\plastic795.jpg,plastic
garbage_classification\shoes\shoes673.jpg,shoes
garbage_classification\clothes\clothes497.jpg,clothes
garbage_classification\clothes\clothes4990.jpg,clothes
garbage_classification\clothes\clothes3733.jpg,clothes
garbage_classification\paper\paper265.jpg,paper
garbage_classification\cardboard\cardboard386.jpg,cardboard
garbage_classification\clothes\clothes4890.jpg,clothes
garbage_classification\white-glass\white-glass416.jpg,white-glass
garbage_classification\clothes\clothes3304.jpg,clothes
garbage_classification\cardboard\cardboard590.jpg,cardboard
garbage_classification\shoes\shoes1918.jpg,shoes
garbage_classification\trash\trash301.jpg,trash
garbage_classification\shoes\shoes1433.jpg,shoes
garbage_classification\brown-glass\brown-glass322.jpg,brown-glass
garbage_classification\cardboard\cardboard88.jpg,cardboard
garbage_classification\paper\paper620.jpg,paper
garbage_classification\clothes\clothes569.jpg,clothes
garbage_classification\clothes\clothes120.jpg,clothes
garbage_classification\shoes\shoes1552.jpg,shoes
garbage_classification\clothes\clothes4725.jpg,clothes
garbage_classification\battery\battery413.jpg,battery
garbage_classification\clothes\clothes3578.jpg,clothes
garbage_classification\brown-glass\brown-glass191.jpg,brown-glass
garbage_classification\white-glass\white-glass508.jpg,white-glass
garbage_classification\clothes\clothes1534.jpg,clothes
garbage_classification\cardboard\cardboard112.jpg,cardboard
garbage_classification\clothes\clothes641.jpg,clothes
garbage_classification\plastic\plastic283.jpg,plastic
garbage_classification\clothes\clothes5123.jpg,clothes
garbage_classification\trash\trash104.jpg,trash
garbage_classification\clothes\clothes256.jpg,clothes
garbage_classification\shoes\shoes930.jpg,shoes
garbage_classification\clothes\clothes929.jpg,clothes
garbage_classification\green-glass\green-glass280.jpg,green-glass
garbage_classification\white-glass\white-glass653.jpg,white-glass
garbage_classification\shoes\shoes1766.jpg,shoes
garbage_classification\metal\metal444.jpg,metal
garbage_classification\white-glass\white-glass545.jpg,white-glass
garbage_classification\shoes\shoes1422.jpg,shoes
garbage_classification\clothes\clothes895.jpg,clothes
garbage_classification\cardboard\cardboard530.jpg,cardboard
garbage_classification\biological\biological65.jpg,biological
garbage_classification\clothes\clothes4047.jpg,clothes
garbage_classification\battery\battery303.jpg,battery
garbage_classification\clothes\clothes3475.jpg,clothes
garbage_classification\battery\battery288.jpg,battery
garbage_classification\shoes\shoes1772.jpg,shoes
garbage_classification\clothes\clothes514.jpg,clothes
garbage_classification\shoes\shoes734.jpg,shoes
garbage_classification\clothes\clothes4999.jpg,clothes
garbage_classification\shoes\shoes925.jpg,shoes
garbage_classification\plastic\plastic253.jpg,plastic
garbage_classification\clothes\clothes982.jpg,clothes
garbage_classification\cardboard\cardboard338.jpg,cardboard
garbage_classification\clothes\clothes702.jpg,clothes
garbage_classification\clothes\clothes983.jpg,clothes
garbage_classification\shoes\shoes361.jpg,shoes
garbage_classification\clothes\clothes3334.jpg,clothes
garbage_classification\battery\battery478.jpg,battery
garbage_classification\green-glass\green-glass389.jpg,green-glass
garbage_classification\green-glass\green-glass433.jpg,green-glass
garbage_classification\metal\metal754.jpg,metal
garbage_classification\clothes\clothes1339.jpg,clothes
garbage_classification\clothes\clothes2121.jpg,clothes
garbage_classification\battery\battery902.jpg,battery
garbage_classification\brown-glass\brown-glass389.jpg,brown-glass
garbage_classification\paper\paper905.jpg,paper
garbage_classification\clothes\clothes2221.jpg,clothes
garbage_classification\clothes\clothes1582.jpg,clothes
garbage_classification\clothes\clothes2670.jpg,clothes
garbage_classification\clothes\clothes1188.jpg,clothes
garbage_classification\clothes\clothes2467.jpg,clothes
garbage_classification\trash\trash198.jpg,trash
garbage_classification\metal\metal295.jpg,metal
garbage_classification\clothes\clothes3894.jpg,clothes
garbage_classification\paper\paper341.jpg,paper
garbage_classification\biological\biological406.jpg,biological
garbage_classification\metal\metal148.jpg,metal
garbage_classification\metal\metal667.jpg,metal
garbage_classification\white-glass\white-glass471.jpg,white-glass
garbage_classification\plastic\plastic205.jpg,plastic
garbage_classification\metal\metal614.jpg,metal
garbage_classification\brown-glass\brown-glass263.jpg,brown-glass
garbage_classification\clothes\clothes5000.jpg,clothes
garbage_classification\clothes\clothes746.jpg,clothes
garbage_classification\battery\battery912.jpg,battery
garbage_classification\green-glass\green-glass601.jpg,green-glass
garbage_classification\metal\metal408.jpg,metal
garbage_classification\shoes\shoes653.jpg,shoes
garbage_classification\battery\battery880.jpg,battery
garbage_classification\clothes\clothes1688.jpg,clothes
garbage_classification\brown-glass\brown-glass303.jpg,brown-glass
garbage_classification\clothes\clothes1758.jpg,clothes
garbage_classification\clothes\clothes2385.jpg,clothes
garbage_classification\clothes\clothes3777.jpg,clothes
garbage_classification\clothes\clothes3884.jpg,clothes
garbage_classification\trash\trash83.jpg,trash
garbage_classification\clothes\clothes2362.jpg,clothes
garbage_classification\clothes\clothes3711.jpg,clothes
garbage_classification\shoes\shoes434.jpg,shoes
garbage_classification\shoes\shoes560.jpg,shoes
garbage_classification\clothes\clothes3520.jpg,clothes
garbage_classification\plastic\plastic157.jpg,plastic
garbage_classification\cardboard\cardboard87.jpg,cardboard
garbage_classification\shoes\shoes585.jpg,shoes
garbage_classification\trash\trash103.jpg,trash
garbage_classification\clothes\clothes2802.jpg,clothes
garbage_classification\shoes\shoes886.jpg,shoes
garbage_classification\white-glass\white-glass270.jpg,white-glass
garbage_classification\battery\battery63.jpg,battery
garbage_classification\metal\metal240.jpg,metal
garbage_classification\cardboard\cardboard44.jpg,cardboard
garbage_classification\plastic\plastic27.jpg,plastic
garbage_classification\clothes\clothes218.jpg,clothes
garbage_classification\plastic\plastic834.jpg,plastic
garbage_classification\clothes\clothes2400.jpg,clothes
garbage_classification\plastic\plastic865.jpg,plastic
garbage_classification\brown-glass\brown-glass492.jpg,brown-glass
garbage_classification\clothes\clothes4815.jpg,clothes
garbage_classification\green-glass\green-glass619.jpg,green-glass
garbage_classification\green-glass\green-glass157.jpg,green-glass
garbage_classification\clothes\clothes3836.jpg,clothes
garbage_classification\biological\biological899.jpg,biological
garbage_classification\battery\battery277.jpg,battery
garbage_classification\trash\trash455.jpg,trash
garbage_classification\clothes\clothes580.jpg,clothes
garbage_classification\biological\biological138.jpg,biological
garbage_classification\plastic\plastic703.jpg,plastic
garbage_classification\green-glass\green-glass342.jpg,green-glass
garbage_classification\clothes\clothes2212.jpg,clothes
garbage_classification\clothes\clothes3933.jpg,clothes
garbage_classification\metal\metal244.jpg,metal
garbage_classification\clothes\clothes1368.jpg,clothes
garbage_classification\clothes\clothes1538.jpg,clothes
garbage_classification\white-glass\white-glass246.jpg,white-glass
garbage_classification\shoes\shoes315.jpg,shoes
garbage_classification\plastic\plastic706.jpg,plastic
garbage_classification\clothes\clothes4842.jpg,clothes
garbage_classification\cardboard\cardboard33.jpg,cardboard
garbage_classification\cardboard\cardboard779.jpg,cardboard
garbage_classification\clothes\clothes885.jpg,clothes
garbage_classification\clothes\clothes874.jpg,clothes
garbage_classification\clothes\clothes1271.jpg,clothes
garbage_classification\trash\trash583.jpg,trash
garbage_classification\clothes\clothes3398.jpg,clothes
garbage_classification\clothes\clothes4059.jpg,clothes
garbage_classification\clothes\clothes5224.jpg,clothes
garbage_classification\clothes\clothes778.jpg,clothes
garbage_classification\battery\battery529.jpg,battery
garbage_classification\clothes\clothes58.jpg,clothes
garbage_classification\biological\biological426.jpg,biological
garbage_classification\clothes\clothes544.jpg,clothes
garbage_classification\cardboard\cardboard641.jpg,cardboard
garbage_classification\brown-glass\brown-glass459.jpg,brown-glass
garbage_classification\shoes\shoes676.jpg,shoes
garbage_classification\white-glass\white-glass494.jpg,white-glass
garbage_classification\clothes\clothes556.jpg,clothes
garbage_classification\white-glass\white-glass721.jpg,white-glass
garbage_classification\shoes\shoes1847.jpg,shoes
garbage_classification\battery\battery416.jpg,battery
garbage_classification\metal\metal411.jpg,metal
garbage_classification\metal\metal562.jpg,metal
garbage_classification\clothes\clothes2849.jpg,clothes
garbage_classification\trash\trash429.jpg,trash
garbage_classification\cardboard\cardboard268.jpg,cardboard
garbage_classification\battery\battery25.jpg,battery
garbage_classification\shoes\shoes539.jpg,shoes
garbage_classification\clothes\clothes1506.jpg,clothes
garbage_classification\clothes\clothes2532.jpg,clothes
garbage_classification\shoes\shoes200.jpg,shoes
garbage_classification\clothes\clothes5016.jpg,clothes
garbage_classification\clothes\clothes4805.jpg,clothes
garbage_classification\brown-glass\brown-glass466.jpg,brown-glass
garbage_classification\brown-glass\brown-glass249.jpg,brown-glass
garbage_classification\metal\metal329.jpg,metal
garbage_classification\clothes\clothes5199.jpg,clothes
garbage_classification\battery\battery88.jpg,battery
garbage_classification\battery\battery400.jpg,battery
garbage_classification\metal\metal757.jpg,metal
garbage_classification\brown-glass\brown-glass428.jpg,brown-glass
garbage_classification\clothes\clothes2291.jpg,clothes
garbage_classification\metal\metal709.jpg,metal
garbage_classification\biological\biological423.jpg,biological
garbage_classification\paper\paper783.jpg,paper
garbage_classification\green-glass\green-glass130.jpg,green-glass
garbage_classification\clothes\clothes382.jpg,clothes
garbage_classification\shoes\shoes664.jpg,shoes
garbage_classification\battery\battery807.jpg,battery
garbage_classification\clothes\clothes1061.jpg,clothes
garbage_classification\clothes\clothes1684.jpg,clothes
garbage_classification\plastic\plastic451.jpg,plastic
garbage_classification\clothes\clothes128.jpg,clothes
garbage_classification\clothes\clothes2290.jpg,clothes
garbage_classification\biological\biological795.jpg,biological
garbage_classification\shoes\shoes1691.jpg,shoes
garbage_classification\biological\biological185.jpg,biological
garbage_classification\white-glass\white-glass230.jpg,white-glass
garbage_classification\shoes\shoes789.jpg,shoes
garbage_classification\paper\paper127.jpg,paper
garbage_classification\cardboard\cardboard36.jpg,cardboard
garbage_classification\clothes\clothes921.jpg,clothes
garbage_classification\clothes\clothes427.jpg,clothes
garbage_classification\brown-glass\brown-glass308.jpg,brown-glass
garbage_classification\shoes\shoes1034.jpg,shoes
garbage_classification\clothes\clothes1193.jpg,clothes
garbage_classification\battery\battery935.jpg,battery
garbage_classification\shoes\shoes771.jpg,shoes
garbage_classification\shoes\shoes1858.jpg,shoes
garbage_classification\shoes\shoes1307.jpg,shoes
garbage_classification\shoes\shoes96.jpg,shoes
garbage_classification\white-glass\white-glass173.jpg,white-glass
garbage_classification\plastic\plastic185.jpg,plastic
garbage_classification\clothes\clothes2990.jpg,clothes
garbage_classification\cardboard\cardboard179.jpg,cardboard
garbage_classification\metal\metal365.jpg,metal
garbage_classification\metal\metal698.jpg,metal
garbage_classification\paper\paper241.jpg,paper
garbage_classification\brown-glass\brown-glass561.jpg,brown-glass
garbage_classification\green-glass\green-glass357.jpg,green-glass
garbage_classification\paper\paper745.jpg,paper
garbage_classification\trash\trash197.jpg,trash
garbage_classification\clothes\clothes4687.jpg,clothes
garbage_classification\metal\metal758.jpg,metal
garbage_classification\clothes\clothes4300.jpg,clothes
garbage_classification\paper\paper680.jpg,paper
garbage_classification\trash\trash582.jpg,trash
garbage_classification\trash\trash604.jpg,trash
garbage_classification\green-glass\green-glass473.jpg,green-glass
garbage_classification\battery\battery122.jpg,battery
garbage_classification\battery\battery463.jpg,battery
garbage_classification\shoes\shoes1234.jpg,shoes
garbage_classification\brown-glass\brown-glass134.jpg,brown-glass
garbage_classification\green-glass\green-glass89.jpg,green-glass
garbage_classification\clothes\clothes3867.jpg,clothes
garbage_classification\clothes\clothes4108.jpg,clothes
garbage_classification\clothes\clothes848.jpg,clothes
garbage_classification\biological\biological609.jpg,biological
garbage_classification\brown-glass\brown-glass538.jpg,brown-glass
garbage_classification\clothes\clothes1316.jpg,clothes
garbage_classification\battery\battery391.jpg,battery
garbage_classification\paper\paper891.jpg,paper
garbage_classification\clothes\clothes1717.jpg,clothes
garbage_classification\clothes\clothes325.jpg,clothes
garbage_classification\paper\paper643.jpg,paper
garbage_classification\white-glass\white-glass701.jpg,white-glass
garbage_classification\clothes\clothes3127.jpg,clothes
garbage_classification\plastic\plastic11.jpg,plastic
garbage_classification\clothes\clothes189.jpg,clothes
garbage_classification\paper\paper55.jpg,paper
garbage_classification\clothes\clothes5112.jpg,clothes
garbage_classification\plastic\plastic571.jpg,plastic
garbage_classification\clothes\clothes566.jpg,clothes
garbage_classification\plastic\plastic640.jpg,plastic
garbage_classification\battery\battery17.jpg,battery
garbage_classification\paper\paper5.jpg,paper
garbage_classification\shoes\shoes1792.jpg,shoes
garbage_classification\shoes\shoes1353.jpg,shoes
garbage_classification\clothes\clothes2137.jpg,clothes
garbage_classification\clothes\clothes89.jpg,clothes
garbage_classification\brown-glass\brown-glass406.jpg,brown-glass
garbage_classification\clothes\clothes841.jpg,clothes
garbage_classification\green-glass\green-glass64.jpg,green-glass
garbage_classification\paper\paper289.jpg,paper
garbage_classification\clothes\clothes4436.jpg,clothes
garbage_classification\clothes\clothes257.jpg,clothes
garbage_classification\cardboard\cardboard328.jpg,cardboard
garbage_classification\clothes\clothes2008.jpg,clothes
garbage_classification\shoes\shoes1602.jpg,shoes
garbage_classification\biological\biological233.jpg,biological
garbage_classification\clothes\clothes4546.jpg,clothes
garbage_classification\shoes\shoes767.jpg,shoes
garbage_classification\brown-glass\brown-glass208.jpg,brown-glass
garbage_classification\shoes\shoes337.jpg,shoes
garbage_classification\clothes\clothes1623.jpg,clothes
garbage_classification\clothes\clothes318.jpg,clothes
garbage_classification\clothes\clothes1711.jpg,clothes
garbage_classification\paper\paper344.jpg,paper
garbage_classification\biological\biological734.jpg,biological
garbage_classification\clothes\clothes4021.jpg,clothes
garbage_classification\plastic\plastic45.jpg,plastic
garbage_classification\clothes\clothes418.jpg,clothes
garbage_classification\plastic\plastic653.jpg,plastic
garbage_classification\clothes\clothes4144.jpg,clothes
garbage_classification\paper\paper255.jpg,paper
garbage_classification\plastic\plastic123.jpg,plastic
garbage_classification\metal\metal49.jpg,metal
garbage_classification\biological\biological162.jpg,biological
garbage_classification\clothes\clothes2538.jpg,clothes
garbage_classification\battery\battery398.jpg,battery
garbage_classification\clothes\clothes112.jpg,clothes
garbage_classification\cardboard\cardboard762.jpg,cardboard
garbage_classification\paper\paper199.jpg,paper
garbage_classification\clothes\clothes1552.jpg,clothes
garbage_classification\clothes\clothes220.jpg,clothes
garbage_classification\paper\paper1001.jpg,paper
garbage_classification\green-glass\green-glass607.jpg,green-glass
garbage_classification\white-glass\white-glass724.jpg,white-glass
garbage_classification\trash\trash227.jpg,trash
garbage_classification\shoes\shoes1315.jpg,shoes
garbage_classification\paper\paper681.jpg,paper
garbage_classification\paper\paper462.jpg,paper
garbage_classification\shoes\shoes748.jpg,shoes
garbage_classification\clothes\clothes4991.jpg,clothes
garbage_classification\clothes\clothes323.jpg,clothes
garbage_classification\white-glass\white-glass87.jpg,white-glass
garbage_classification\trash\trash639.jpg,trash
garbage_classification\shoes\shoes954.jpg,shoes
garbage_classification\clothes\clothes1837.jpg,clothes
garbage_classification\clothes\clothes2452.jpg,clothes
garbage_classification\green-glass\green-glass128.jpg,green-glass
garbage_classification\paper\paper882.jpg,paper
garbage_classification\metal\metal315.jpg,metal
garbage_classification\paper\paper604.jpg,paper
garbage_classification\cardboard\cardboard122.jpg,cardboard
garbage_classification\white-glass\white-glass540.jpg,white-glass
garbage_classification\plastic\plastic427.jpg,plastic
garbage_classification\white-glass\white-glass374.jpg,white-glass
garbage_classification\shoes\shoes685.jpg,shoes
garbage_classification\clothes\clothes2577.jpg,clothes
garbage_classification\clothes\clothes3816.jpg,clothes
garbage_classification\trash\trash400.jpg,trash
garbage_classification\clothes\clothes5025.jpg,clothes
garbage_classification\clothes\clothes2297.jpg,clothes
garbage_classification\clothes\clothes1562.jpg,clothes
garbage_classification\shoes\shoes1309.jpg,shoes
garbage_classification\clothes\clothes4309.jpg,clothes
garbage_classification\trash\trash533.jpg,trash
garbage_classification\white-glass\white-glass101.jpg,white-glass
garbage_classification\clothes\clothes3216.jpg,clothes
garbage_classification\shoes\shoes544.jpg,shoes
garbage_classification\shoes\shoes797.jpg,shoes
garbage_classification\brown-glass\brown-glass410.jpg,brown-glass
garbage_classification\green-glass\green-glass38.jpg,green-glass
garbage_classification\clothes\clothes3866.jpg,clothes
garbage_classification\clothes\clothes1903.jpg,clothes
garbage_classification\plastic\plastic843.jpg,plastic
garbage_classification\plastic\plastic226.jpg,plastic
garbage_classification\cardboard\cardboard808.jpg,cardboard
garbage_classification\clothes\clothes5149.jpg,clothes
garbage_classification\clothes\clothes1059.jpg,clothes
garbage_classification\clothes\clothes850.jpg,clothes
garbage_classification\clothes\clothes3962.jpg,clothes
garbage_classification\shoes\shoes538.jpg,shoes
garbage_classification\battery\battery708.jpg,battery
garbage_classification\clothes\clothes2169.jpg,clothes
garbage_classification\clothes\clothes776.jpg,clothes
garbage_classification\clothes\clothes4432.jpg,clothes
garbage_classification\trash\trash12.jpg,trash
garbage_classification\white-glass\white-glass168.jpg,white-glass
garbage_classification\battery\battery531.jpg,battery
garbage_classification\clothes\clothes3002.jpg,clothes
garbage_classification\clothes\clothes4946.jpg,clothes
garbage_classification\clothes\clothes2713.jpg,clothes
garbage_classification\brown-glass\brown-glass228.jpg,brown-glass
garbage_classification\clothes\clothes5135.jpg,clothes
garbage_classification\shoes\shoes697.jpg,shoes
garbage_classification\green-glass\green-glass252.jpg,green-glass
garbage_classification\biological\biological35.jpg,biological
garbage_classification\clothes\clothes1043.jpg,clothes
garbage_classification\clothes\clothes4806.jpg,clothes
garbage_classification\clothes\clothes23.jpg,clothes
garbage_classification\brown-glass\brown-glass276.jpg,brown-glass
garbage_classification\clothes\clothes3485.jpg,clothes
garbage_classification\clothes\clothes4886.jpg,clothes
garbage_classification\paper\paper143.jpg,paper
garbage_classification\biological\biological746.jpg,biological
garbage_classification\clothes\clothes3643.jpg,clothes
garbage_classification\shoes\shoes1963.jpg,shoes
garbage_classification\metal\metal247.jpg,metal
garbage_classification\paper\paper491.jpg,paper
garbage_classification\green-glass\green-glass311.jpg,green-glass
garbage_classification\clothes\clothes2568.jpg,clothes
garbage_classification\shoes\shoes815.jpg,shoes
garbage_classification\metal\metal596.jpg,metal
garbage_classification\cardboard\cardboard544.jpg,cardboard
garbage_classification\biological\biological230.jpg,biological
garbage_classification\clothes\clothes872.jpg,clothes
garbage_classification\clothes\clothes3989.jpg,clothes
garbage_classification\shoes\shoes567.jpg,shoes
garbage_classification\metal\metal546.jpg,metal
garbage_classification\biological\biological681.jpg,biological
garbage_classification\shoes\shoes81.jpg,shoes
garbage_classification\shoes\shoes466.jpg,shoes
garbage_classification\clothes\clothes547.jpg,clothes
garbage_classification\metal\metal54.jpg,metal
garbage_classification\metal\metal251.jpg,metal
garbage_classification\metal\metal24.jpg,metal
garbage_classification\metal\metal303.jpg,metal
garbage_classification\shoes\shoes1738.jpg,shoes
garbage_classification\biological\biological14.jpg,biological
garbage_classification\shoes\shoes778.jpg,shoes
garbage_classification\clothes\clothes3913.jpg,clothes
garbage_classification\paper\paper193.jpg,paper
garbage_classification\plastic\plastic531.jpg,plastic
garbage_classification\clothes\clothes4393.jpg,clothes
garbage_classification\clothes\clothes2234.jpg,clothes
garbage_classification\clothes\clothes2979.jpg,clothes
garbage_classification\white-glass\white-glass495.jpg,white-glass
garbage_classification\cardboard\cardboard652.jpg,cardboard
garbage_classification\brown-glass\brown-glass279.jpg,brown-glass
garbage_classification\battery\battery291.jpg,battery
garbage_classification\brown-glass\brown-glass164.jpg,brown-glass
garbage_classification\paper\paper987.jpg,paper
garbage_classification\clothes\clothes4552.jpg,clothes
garbage_classification\clothes\clothes2662.jpg,clothes
garbage_classification\shoes\shoes325.jpg,shoes
garbage_classification\cardboard\cardboard857.jpg,cardboard
garbage_classification\clothes\clothes4662.jpg,clothes
garbage_classification\green-glass\green-glass278.jpg,green-glass
garbage_classification\shoes\shoes480.jpg,shoes
garbage_classification\shoes\shoes1968.jpg,shoes
garbage_classification\shoes\shoes428.jpg,shoes
garbage_classification\battery\battery724.jpg,battery
garbage_classification\clothes\clothes1836.jpg,clothes
garbage_classification\battery\battery663.jpg,battery
garbage_classification\shoes\shoes1948.jpg,shoes
garbage_classification\battery\battery578.jpg,battery
garbage_classification\paper\paper505.jpg,paper
garbage_classification\clothes\clothes3371.jpg,clothes
garbage_classification\white-glass\white-glass480.jpg,white-glass
garbage_classification\plastic\plastic125.jpg,plastic
garbage_classification\clothes\clothes3541.jpg,clothes
garbage_classification\paper\paper183.jpg,paper
garbage_classification\clothes\clothes739.jpg,clothes
garbage_classification\paper\paper18.jpg,paper
garbage_classification\clothes\clothes3844.jpg,clothes
garbage_classification\white-glass\white-glass251.jpg,white-glass
garbage_classification\battery\battery115.jpg,battery
garbage_classification\clothes\clothes3788.jpg,clothes
garbage_classification\clothes\clothes459.jpg,clothes
garbage_classification\clothes\clothes2614.jpg,clothes
garbage_classification\clothes\clothes5036.jpg,clothes
garbage_classification\clothes\clothes5223.jpg,clothes
garbage_classification\paper\paper312.jpg,paper
garbage_classification\clothes\clothes2871.jpg,clothes
garbage_classification\clothes\clothes1495.jpg,clothes
garbage_classification\biological\biological67.jpg,biological
garbage_classification\cardboard\cardboard398.jpg,cardboard
garbage_classification\battery\battery43.jpg,battery
garbage_classification\clothes\clothes4567.jpg,clothes
garbage_classification\paper\paper100.jpg,paper
garbage_classification\metal\metal527.jpg,metal
garbage_classification\plastic\plastic248.jpg,plastic
garbage_classification\brown-glass\brown-glass402.jpg,brown-glass
garbage_classification\shoes\shoes1609.jpg,shoes
garbage_classification\clothes\clothes2917.jpg,clothes
garbage_classification\clothes\clothes1103.jpg,clothes
garbage_classification\cardboard\cardboard812.jpg,cardboard
garbage_classification\clothes\clothes2764.jpg,clothes
garbage_classification\shoes\shoes619.jpg,shoes
garbage_classification\clothes\clothes1239.jpg,clothes
garbage_classification\clothes\clothes2593.jpg,clothes
garbage_classification\biological\biological769.jpg,biological
garbage_classification\clothes\clothes3549.jpg,clothes
garbage_classification\shoes\shoes1895.jpg,shoes
garbage_classification\shoes\shoes554.jpg,shoes
garbage_classification\shoes\shoes1647.jpg,shoes
garbage_classification\cardboard\cardboard541.jpg,cardboard
garbage_classification\green-glass\green-glass395.jpg,green-glass
garbage_classification\shoes\shoes1636.jpg,shoes
garbage_classification\battery\battery72.jpg,battery
garbage_classification\brown-glass\brown-glass377.jpg,brown-glass
garbage_classification\clothes\clothes448.jpg,clothes
garbage_classification\clothes\clothes4093.jpg,clothes
garbage_classification\clothes\clothes1919.jpg,clothes
garbage_classification\plastic\plastic106.jpg,plastic
garbage_classification\green-glass\green-glass292.jpg,green-glass
garbage_classification\shoes\shoes877.jpg,shoes
garbage_classification\green-glass\green-glass492.jpg,green-glass
garbage_classification\clothes\clothes4070.jpg,clothes
garbage_classification\battery\battery125.jpg,battery
garbage_classification\plastic\plastic227.jpg,plastic
garbage_classification\brown-glass\brown-glass283.jpg,brown-glass
garbage_classification\clothes\clothes3595.jpg,clothes
garbage_classification\metal\metal686.jpg,metal
garbage_classification\battery\battery588.jpg,battery
garbage_classification\paper\paper358.jpg,paper
garbage_classification\white-glass\white-glass43.jpg,white-glass
garbage_classification\battery\battery248.jpg,battery
garbage_classification\shoes\shoes286.jpg,shoes
garbage_classification\battery\battery21.jpg,battery
garbage_classification\white-glass\white-glass211.jpg,white-glass
garbage_classification\clothes\clothes1178.jpg,clothes
garbage_classification\clothes\clothes3582.jpg,clothes
garbage_classification\metal\metal284.jpg,metal
garbage_classification\biological\biological354.jpg,biological
garbage_classification\clothes\clothes3440.jpg,clothes
garbage_classification\biological\biological671.jpg,biological
garbage_classification\metal\metal540.jpg,metal
garbage_classification\battery\battery385.jpg,battery
garbage_classification\shoes\shoes166.jpg,shoes
garbage_classification\biological\biological489.jpg,biological
garbage_classification\clothes\clothes1012.jpg,clothes
garbage_classification\green-glass\green-glass365.jpg,green-glass
garbage_classification\biological\biological727.jpg,biological
garbage_classification\plastic\plastic677.jpg,plastic
garbage_classification\white-glass\white-glass564.jpg,white-glass
garbage_classification\clothes\clothes2962.jpg,clothes
garbage_classification\clothes\clothes714.jpg,clothes
garbage_classification\shoes\shoes1451.jpg,shoes
garbage_classification\shoes\shoes362.jpg,shoes
garbage_classification\clothes\clothes1872.jpg,clothes
garbage_classification\battery\battery521.jpg,battery
garbage_classification\battery\battery755.jpg,battery
garbage_classification\trash\trash371.jpg,trash
garbage_classification\cardboard\cardboard660.jpg,cardboard
garbage_classification\clothes\clothes52.jpg,clothes
garbage_classification\clothes\clothes2545.jpg,clothes
garbage_classification\clothes\clothes363.jpg,clothes
garbage_classification\metal\metal703.jpg,metal
garbage_classification\cardboard\cardboard687.jpg,cardboard
garbage_classification\shoes\shoes746.jpg,shoes
garbage_classification\clothes\clothes2915.jpg,clothes
garbage_classification\cardboard\cardboard388.jpg,cardboard
garbage_classification\battery\battery459.jpg,battery
garbage_classification\clothes\clothes3361.jpg,clothes
garbage_classification\clothes\clothes733.jpg,clothes
garbage_classification\biological\biological269.jpg,biological
garbage_classification\biological\biological840.jpg,biological
garbage_classification\plastic\plastic533.jpg,plastic
garbage_classification\shoes\shoes1329.jpg,shoes
garbage_classification\metal\metal360.jpg,metal
garbage_classification\green-glass\green-glass48.jpg,green-glass
garbage_classification\brown-glass\brown-glass589.jpg,brown-glass
garbage_classification\clothes\clothes3671.jpg,clothes
garbage_classification\clothes\clothes1244.jpg,clothes
garbage_classification\brown-glass\brown-glass587.jpg,brown-glass
garbage_classification\biological\biological818.jpg,biological
garbage_classification\brown-glass\brown-glass501.jpg,brown-glass
garbage_classification\biological\biological284.jpg,biological
garbage_classification\shoes\shoes190.jpg,shoes
garbage_classification\clothes\clothes768.jpg,clothes
garbage_classification\cardboard\cardboard197.jpg,cardboard
garbage_classification\clothes\clothes3091.jpg,clothes
garbage_classification\clothes\clothes588.jpg,clothes
garbage_classification\clothes\clothes3648.jpg,clothes
garbage_classification\clothes\clothes2328.jpg,clothes
garbage_classification\white-glass\white-glass16.jpg,white-glass
garbage_classification\clothes\clothes4324.jpg,clothes
garbage_classification\paper\paper220.jpg,paper
garbage_classification\brown-glass\brown-glass356.jpg,brown-glass
garbage_classification\clothes\clothes2684.jpg,clothes
garbage_classification\clothes\clothes3656.jpg,clothes
garbage_classification\clothes\clothes2479.jpg,clothes
garbage_classification\metal\metal751.jpg,metal
garbage_classification\cardboard\cardboard137.jpg,cardboard
garbage_classification\clothes\clothes3624.jpg,clothes
garbage_classification\plastic\plastic340.jpg,plastic
garbage_classification\clothes\clothes3957.jpg,clothes
garbage_classification\clothes\clothes3882.jpg,clothes
garbage_classification\clothes\clothes97.jpg,clothes
garbage_classification\clothes\clothes978.jpg,clothes
garbage_classification\shoes\shoes819.jpg,shoes
garbage_classification\white-glass\white-glass717.jpg,white-glass
garbage_classification\metal\metal99.jpg,metal
garbage_classification\biological\biological575.jpg,biological
garbage_classification\clothes\clothes4135.jpg,clothes
garbage_classification\clothes\clothes1205.jpg,clothes
garbage_classification\clothes\clothes12.jpg,clothes
garbage_classification\green-glass\green-glass159.jpg,green-glass
garbage_classification\clothes\clothes2835.jpg,clothes
garbage_classification\clothes\clothes2230.jpg,clothes
garbage_classification\white-glass\white-glass556.jpg,white-glass
garbage_classification\metal\metal300.jpg,metal
garbage_classification\clothes\clothes1938.jpg,clothes
garbage_classification\biological\biological830.jpg,biological
garbage_classification\clothes\clothes3212.jpg,clothes
garbage_classification\battery\battery83.jpg,battery
garbage_classification\white-glass\white-glass741.jpg,white-glass
garbage_classification\shoes\shoes1834.jpg,shoes
garbage_classification\clothes\clothes1627.jpg,clothes
garbage_classification\clothes\clothes2837.jpg,clothes
garbage_classification\brown-glass\brown-glass468.jpg,brown-glass
garbage_classification\white-glass\white-glass134.jpg,white-glass
garbage_classification\clothes\clothes888.jpg,clothes
garbage_classification\shoes\shoes1134.jpg,shoes
garbage_classification\clothes\clothes4670.jpg,clothes
garbage_classification\shoes\shoes253.jpg,shoes
garbage_classification\clothes\clothes4767.jpg,clothes
garbage_classification\white-glass\white-glass645.jpg,white-glass
garbage_classification\clothes\clothes2145.jpg,clothes
garbage_classification\clothes\clothes4184.jpg,clothes
garbage_classification\shoes\shoes1526.jpg,shoes
garbage_classification\cardboard\cardboard623.jpg,cardboard
garbage_classification\battery\battery197.jpg,battery
garbage_classification\brown-glass\brown-glass522.jpg,brown-glass
garbage_classification\metal\metal380.jpg,metal
garbage_classification\clothes\clothes4537.jpg,clothes
garbage_classification\paper\paper529.jpg,paper
garbage_classification\biological\biological662.jpg,biological
garbage_classification\battery\battery209.jpg,battery
garbage_classification\paper\paper766.jpg,paper
garbage_classification\shoes\shoes1294.jpg,shoes
garbage_classification\green-glass\green-glass427.jpg,green-glass
garbage_classification\brown-glass\brown-glass194.jpg,brown-glass
garbage_classification\brown-glass\brown-glass580.jpg,brown-glass
garbage_classification\trash\trash139.jpg,trash
garbage_classification\plastic\plastic801.jpg,plastic
garbage_classification\brown-glass\brown-glass209.jpg,brown-glass
garbage_classification\battery\battery776.jpg,battery
garbage_classification\brown-glass\brown-glass557.jpg,brown-glass
garbage_classification\clothes\clothes1425.jpg,clothes
garbage_classification\cardboard\cardboard494.jpg,cardboard
garbage_classification\brown-glass\brown-glass372.jpg,brown-glass
garbage_classification\green-glass\green-glass96.jpg,green-glass
garbage_classification\biological\biological465.jpg,biological
garbage_classification\metal\metal680.jpg,metal
garbage_classification\white-glass\white-glass774.jpg,white-glass
garbage_classification\cardboard\cardboard152.jpg,cardboard
garbage_classification\clothes\clothes1859.jpg,clothes
garbage_classification\clothes\clothes529.jpg,clothes
garbage_classification\cardboard\cardboard663.jpg,cardboard
garbage_classification\white-glass\white-glass370.jpg,white-glass
garbage_classification\battery\battery30.jpg,battery
garbage_classification\paper\paper164.jpg,paper
garbage_classification\battery\battery673.jpg,battery
garbage_classification\clothes\clothes3870.jpg,clothes
garbage_classification\shoes\shoes1831.jpg,shoes
garbage_classification\clothes\clothes1608.jpg,clothes
garbage_classification\green-glass\green-glass279.jpg,green-glass
garbage_classification\plastic\plastic102.jpg,plastic
garbage_classification\shoes\shoes1275.jpg,shoes
garbage_classification\clothes\clothes3754.jpg,clothes
garbage_classification\battery\battery108.jpg,battery
garbage_classification\clothes\clothes4993.jpg,clothes
garbage_classification\clothes\clothes4116.jpg,clothes
garbage_classification\clothes\clothes3407.jpg,clothes
garbage_classification\shoes\shoes1122.jpg,shoes
garbage_classification\cardboard\cardboard12.jpg,cardboard
garbage_classification\clothes\clothes4897.jpg,clothes
garbage_classification\shoes\shoes1541.jpg,shoes
garbage_classification\biological\biological472.jpg,biological
garbage_classification\trash\trash696.jpg,trash
garbage_classification\paper\paper513.jpg,paper
garbage_classification\clothes\clothes2888.jpg,clothes
garbage_classification\shoes\shoes1345.jpg,shoes
garbage_classification\green-glass\green-glass47.jpg,green-glass
garbage_classification\clothes\clothes2797.jpg,clothes
garbage_classification\brown-glass\brown-glass237.jpg,brown-glass
garbage_classification\white-glass\white-glass655.jpg,white-glass
garbage_classification\paper\paper730.jpg,paper
garbage_classification\biological\biological116.jpg,biological
garbage_classification\plastic\plastic143.jpg,plastic
garbage_classification\metal\metal526.jpg,metal
garbage_classification\shoes\shoes1185.jpg,shoes
garbage_classification\shoes\shoes1230.jpg,shoes
garbage_classification\paper\paper911.jpg,paper
garbage_classification\clothes\clothes4074.jpg,clothes
garbage_classification\shoes\shoes1377.jpg,shoes
garbage_classification\shoes\shoes852.jpg,shoes
garbage_classification\shoes\shoes1024.jpg,shoes
garbage_classification\cardboard\cardboard830.jpg,cardboard
garbage_classification\battery\battery666.jpg,battery
garbage_classification\clothes\clothes2242.jpg,clothes
garbage_classification\cardboard\cardboard815.jpg,cardboard
garbage_classification\biological\biological522.jpg,biological
garbage_classification\clothes\clothes4492.jpg,clothes
garbage_classification\cardboard\cardboard868.jpg,cardboard
garbage_classification\cardboard\cardboard870.jpg,cardboard
garbage_classification\green-glass\green-glass584.jpg,green-glass
garbage_classification\clothes\clothes1658.jpg,clothes
garbage_classification\trash\trash237.jpg,trash
garbage_classification\clothes\clothes2124.jpg,clothes
garbage_classification\green-glass\green-glass172.jpg,green-glass
garbage_classification\trash\trash685.jpg,trash
garbage_classification\metal\metal261.jpg,metal
garbage_classification\biological\biological754.jpg,biological
garbage_classification\metal\metal211.jpg,metal
garbage_classification\clothes\clothes2597.jpg,clothes
garbage_classification\shoes\shoes1305.jpg,shoes
garbage_classification\shoes\shoes1637.jpg,shoes
garbage_classification\clothes\clothes5313.jpg,clothes
garbage_classification\clothes\clothes1814.jpg,clothes
garbage_classification\clothes\clothes2040.jpg,clothes
garbage_classification\paper\paper957.jpg,paper
garbage_classification\brown-glass\brown-glass66.jpg,brown-glass
garbage_classification\shoes\shoes1675.jpg,shoes
garbage_classification\paper\paper880.jpg,paper
garbage_classification\shoes\shoes37.jpg,shoes
garbage_classification\clothes\clothes1818.jpg,clothes
garbage_classification\clothes\clothes1946.jpg,clothes
garbage_classification\cardboard\cardboard237.jpg,cardboard
garbage_classification\plastic\plastic759.jpg,plastic
garbage_classification\white-glass\white-glass521.jpg,white-glass
garbage_classification\biological\biological42.jpg,biological
garbage_classification\clothes\clothes1175.jpg,clothes
garbage_classification\battery\battery929.jpg,battery
garbage_classification\clothes\clothes3054.jpg,clothes
garbage_classification\cardboard\cardboard770.jpg,cardboard
garbage_classification\cardboard\cardboard679.jpg,cardboard
garbage_classification\clothes\clothes1695.jpg,clothes
garbage_classification\brown-glass\brown-glass241.jpg,brown-glass
garbage_classification\clothes\clothes1165.jpg,clothes
garbage_classification\clothes\clothes2823.jpg,clothes
garbage_classification\clothes\clothes1038.jpg,clothes
garbage_classification\cardboard\cardboard832.jpg,cardboard
garbage_classification\clothes\clothes3983.jpg,clothes
garbage_classification\clothes\clothes5006.jpg,clothes
garbage_classification\clothes\clothes3387.jpg,clothes
garbage_classification\cardboard\cardboard709.jpg,cardboard
garbage_classification\clothes\clothes1250.jpg,clothes
garbage_classification\metal\metal529.jpg,metal
garbage_classification\clothes\clothes4147.jpg,clothes
garbage_classification\clothes\clothes3036.jpg,clothes
garbage_classification\shoes\shoes709.jpg,shoes
garbage_classification\cardboard\cardboard710.jpg,cardboard
garbage_classification\shoes\shoes204.jpg,shoes
garbage_classification\white-glass\white-glass443.jpg,white-glass
garbage_classification\cardboard\cardboard393.jpg,cardboard
garbage_classification\clothes\clothes837.jpg,clothes
garbage_classification\shoes\shoes1402.jpg,shoes
garbage_classification\white-glass\white-glass80.jpg,white-glass
garbage_classification\shoes\shoes1543.jpg,shoes
garbage_classification\clothes\clothes2489.jpg,clothes
garbage_classification\paper\paper1028.jpg,paper
garbage_classification\battery\battery427.jpg,battery
garbage_classification\clothes\clothes2783.jpg,clothes
garbage_classification\trash\trash289.jpg,trash
garbage_classification\clothes\clothes1282.jpg,clothes
garbage_classification\clothes\clothes2600.jpg,clothes
garbage_classification\shoes\shoes587.jpg,shoes
garbage_classification\biological\biological90.jpg,biological
garbage_classification\brown-glass\brown-glass74.jpg,brown-glass
garbage_classification\biological\biological904.jpg,biological
garbage_classification\battery\battery142.jpg,battery
garbage_classification\clothes\clothes4715.jpg,clothes
garbage_classification\clothes\clothes1082.jpg,clothes
garbage_classification\clothes\clothes3654.jpg,clothes
garbage_classification\metal\metal636.jpg,metal
garbage_classification\battery\battery479.jpg,battery
garbage_classification\metal\metal216.jpg,metal
garbage_classification\battery\battery808.jpg,battery
garbage_classification\clothes\clothes3224.jpg,clothes
garbage_classification\clothes\clothes538.jpg,clothes
garbage_classification\clothes\clothes3042.jpg,clothes
garbage_classification\green-glass\green-glass236.jpg,green-glass
garbage_classification\shoes\shoes76.jpg,shoes
garbage_classification\trash\trash665.jpg,trash
garbage_classification\clothes\clothes3101.jpg,clothes
garbage_classification\clothes\clothes2319.jpg,clothes
garbage_classification\clothes\clothes2053.jpg,clothes
garbage_classification\white-glass\white-glass254.jpg,white-glass
garbage_classification\trash\trash124.jpg,trash
garbage_classification\battery\battery937.jpg,battery
garbage_classification\clothes\clothes3111.jpg,clothes
garbage_classification\clothes\clothes1481.jpg,clothes
garbage_classification\clothes\clothes5256.jpg,clothes
garbage_classification\white-glass\white-glass512.jpg,white-glass
garbage_classification\paper\paper978.jpg,paper
garbage_classification\paper\paper405.jpg,paper
garbage_classification\battery\battery842.jpg,battery
garbage_classification\clothes\clothes4770.jpg,clothes
garbage_classification\clothes\clothes2305.jpg,clothes
garbage_classification\cardboard\cardboard397.jpg,cardboard
garbage_classification\plastic\plastic584.jpg,plastic
garbage_classification\shoes\shoes435.jpg,shoes
garbage_classification\white-glass\white-glass163.jpg,white-glass
garbage_classification\shoes\shoes430.jpg,shoes
garbage_classification\clothes\clothes1573.jpg,clothes
garbage_classification\clothes\clothes1960.jpg,clothes
garbage_classification\shoes\shoes742.jpg,shoes
garbage_classification\cardboard\cardboard453.jpg,cardboard
garbage_classification\cardboard\cardboard632.jpg,cardboard
garbage_classification\biological\biological673.jpg,biological
garbage_classification\clothes\clothes3590.jpg,clothes
garbage_classification\brown-glass\brown-glass532.jpg,brown-glass
garbage_classification\shoes\shoes1840.jpg,shoes
garbage_classification\clothes\clothes1204.jpg,clothes
garbage_classification\paper\paper108.jpg,paper
garbage_classification\clothes\clothes2249.jpg,clothes
garbage_classification\cardboard\cardboard788.jpg,cardboard
garbage_classification\brown-glass\brown-glass43.jpg,brown-glass
garbage_classification\clothes\clothes230.jpg,clothes
garbage_classification\paper\paper862.jpg,paper
garbage_classification\clothes\clothes1701.jpg,clothes
garbage_classification\biological\biological487.jpg,biological
garbage_classification\metal\metal645.jpg,metal
garbage_classification\clothes\clothes3566.jpg,clothes
garbage_classification\cardboard\cardboard721.jpg,cardboard
garbage_classification\shoes\shoes1809.jpg,shoes
garbage_classification\shoes\shoes367.jpg,shoes
garbage_classification\clothes\clothes4645.jpg,clothes
garbage_classification\trash\trash262.jpg,trash
garbage_classification\clothes\clothes1529.jpg,clothes
garbage_classification\biological\biological181.jpg,biological
garbage_classification\shoes\shoes1084.jpg,shoes
garbage_classification\clothes\clothes1743.jpg,clothes
garbage_classification\battery\battery296.jpg,battery
garbage_classification\plastic\plastic567.jpg,plastic
garbage_classification\battery\battery48.jpg,battery
garbage_classification\battery\battery696.jpg,battery
garbage_classification\cardboard\cardboard319.jpg,cardboard
garbage_classification\biological\biological586.jpg,biological
garbage_classification\paper\paper647.jpg,paper
garbage_classification\biological\biological141.jpg,biological
garbage_classification\clothes\clothes4861.jpg,clothes
garbage_classification\green-glass\green-glass509.jpg,green-glass
garbage_classification\white-glass\white-glass120.jpg,white-glass
garbage_classification\clothes\clothes4531.jpg,clothes
garbage_classification\paper\paper177.jpg,paper
garbage_classification\clothes\clothes1634.jpg,clothes
garbage_classification\clothes\clothes2725.jpg,clothes
garbage_classification\paper\paper1042.jpg,paper
garbage_classification\clothes\clothes3449.jpg,clothes
garbage_classification\clothes\clothes5082.jpg,clothes
garbage_classification\shoes\shoes1889.jpg,shoes
garbage_classification\green-glass\green-glass549.jpg,green-glass
garbage_classification\clothes\clothes2854.jpg,clothes
garbage_classification\clothes\clothes5297.jpg,clothes
garbage_classification\clothes\clothes2464.jpg,clothes
garbage_classification\clothes\clothes3093.jpg,clothes
garbage_classification\shoes\shoes1802.jpg,shoes
garbage_classification\plastic\plastic459.jpg,plastic
garbage_classification\battery\battery433.jpg,battery
garbage_classification\biological\biological930.jpg,biological
garbage_classification\brown-glass\brown-glass555.jpg,brown-glass
garbage_classification\clothes\clothes4333.jpg,clothes
garbage_classification\battery\battery494.jpg,battery
garbage_classification\white-glass\white-glass207.jpg,white-glass
garbage_classification\battery\battery16.jpg,battery
garbage_classification\shoes\shoes1127.jpg,shoes
garbage_classification\battery\battery545.jpg,battery
garbage_classification\plastic\plastic263.jpg,plastic
garbage_classification\clothes\clothes86.jpg,clothes
garbage_classification\shoes\shoes1826.jpg,shoes
garbage_classification\brown-glass\brown-glass432.jpg,brown-glass
garbage_classification\trash\trash27.jpg,trash
garbage_classification\clothes\clothes5063.jpg,clothes
garbage_classification\clothes\clothes2523.jpg,clothes
garbage_classification\clothes\clothes4041.jpg,clothes
garbage_classification\green-glass\green-glass566.jpg,green-glass
garbage_classification\brown-glass\brown-glass558.jpg,brown-glass
garbage_classification\battery\battery11.jpg,battery
garbage_classification\clothes\clothes3045.jpg,clothes
garbage_classification\battery\battery769.jpg,battery
garbage_classification\battery\battery161.jpg,battery
garbage_classification\shoes\shoes933.jpg,shoes
garbage_classification\trash\trash399.jpg,trash
garbage_classification\clothes\clothes913.jpg,clothes
garbage_classification\shoes\shoes1167.jpg,shoes
garbage_classification\brown-glass\brown-glass386.jpg,brown-glass
garbage_classification\clothes\clothes422.jpg,clothes
garbage_classification\clothes\clothes1908.jpg,clothes
garbage_classification\biological\biological132.jpg,biological
garbage_classification\metal\metal616.jpg,metal
garbage_classification\clothes\clothes2062.jpg,clothes
garbage_classification\clothes\clothes4539.jpg,clothes
garbage_classification\paper\paper579.jpg,paper
garbage_classification\plastic\plastic202.jpg,plastic
garbage_classification\trash\trash473.jpg,trash
garbage_classification\clothes\clothes3133.jpg,clothes
garbage_classification\white-glass\white-glass619.jpg,white-glass
garbage_classification\cardboard\cardboard689.jpg,cardboard
garbage_classification\clothes\clothes3365.jpg,clothes
garbage_classification\clothes\clothes896.jpg,clothes
garbage_classification\clothes\clothes1095.jpg,clothes
garbage_classification\shoes\shoes1311.jpg,shoes
garbage_classification\clothes\clothes939.jpg,clothes
garbage_classification\battery\battery435.jpg,battery
garbage_classification\clothes\clothes3530.jpg,clothes
garbage_classification\clothes\clothes2268.jpg,clothes
garbage_classification\trash\trash680.jpg,trash
garbage_classification\paper\paper454.jpg,paper
garbage_classification\clothes\clothes1619.jpg,clothes
garbage_classification\paper\paper315.jpg,paper
garbage_classification\shoes\shoes903.jpg,shoes
garbage_classification\biological\biological736.jpg,biological
garbage_classification\clothes\clothes388.jpg,clothes
garbage_classification\battery\battery806.jpg,battery
garbage_classification\paper\paper282.jpg,paper
garbage_classification\white-glass\white-glass34.jpg,white-glass
garbage_classification\plastic\plastic167.jpg,plastic
garbage_classification\clothes\clothes957.jpg,clothes
garbage_classification\clothes\clothes4801.jpg,clothes
garbage_classification\clothes\clothes2500.jpg,clothes
garbage_classification\clothes\clothes1857.jpg,clothes
garbage_classification\metal\metal133.jpg,metal
garbage_classification\brown-glass\brown-glass474.jpg,brown-glass
garbage_classification\shoes\shoes214.jpg,shoes
garbage_classification\plastic\plastic535.jpg,plastic
garbage_classification\plastic\plastic744.jpg,plastic
garbage_classification\paper\paper576.jpg,paper
garbage_classification\shoes\shoes1137.jpg,shoes
garbage_classification\clothes\clothes3195.jpg,clothes
garbage_classification\trash\trash77.jpg,trash
garbage_classification\clothes\clothes1565.jpg,clothes
garbage_classification\battery\battery390.jpg,battery
garbage_classification\shoes\shoes1426.jpg,shoes
garbage_classification\shoes\shoes1406.jpg,shoes
garbage_classification\clothes\clothes2653.jpg,clothes
garbage_classification\metal\metal508.jpg,metal
garbage_classification\clothes\clothes3781.jpg,clothes
garbage_classification\clothes\clothes4214.jpg,clothes
garbage_classification\biological\biological409.jpg,biological
garbage_classification\clothes\clothes2063.jpg,clothes
garbage_classification\clothes\clothes5033.jpg,clothes
garbage_classification\biological\biological257.jpg,biological
garbage_classification\clothes\clothes4526.jpg,clothes
garbage_classification\cardboard\cardboard67.jpg,cardboard
garbage_classification\shoes\shoes575.jpg,shoes
garbage_classification\clothes\clothes1935.jpg,clothes
garbage_classification\clothes\clothes4454.jpg,clothes
garbage_classification\clothes\clothes4674.jpg,clothes
garbage_classification\trash\trash545.jpg,trash
garbage_classification\clothes\clothes18.jpg,clothes
garbage_classification\paper\paper763.jpg,paper
garbage_classification\battery\battery307.jpg,battery
garbage_classification\biological\biological934.jpg,biological
garbage_classification\battery\battery906.jpg,battery
garbage_classification\clothes\clothes4255.jpg,clothes
garbage_classification\clothes\clothes1093.jpg,clothes
garbage_classification\paper\paper213.jpg,paper
garbage_classification\clothes\clothes3921.jpg,clothes
garbage_classification\clothes\clothes1396.jpg,clothes
garbage_classification\clothes\clothes3169.jpg,clothes
garbage_classification\shoes\shoes1549.jpg,shoes
garbage_classification\clothes\clothes2876.jpg,clothes
garbage_classification\shoes\shoes1219.jpg,shoes
garbage_classification\clothes\clothes3199.jpg,clothes
garbage_classification\biological\biological958.jpg,biological
garbage_classification\clothes\clothes3176.jpg,clothes
garbage_classification\clothes\clothes205.jpg,clothes
garbage_classification\clothes\clothes3627.jpg,clothes
garbage_classification\trash\trash137.jpg,trash
garbage_classification\clothes\clothes2339.jpg,clothes
garbage_classification\biological\biological337.jpg,biological
garbage_classification\clothes\clothes2397.jpg,clothes
garbage_classification\brown-glass\brown-glass19.jpg,brown-glass
garbage_classification\biological\biological932.jpg,biological
garbage_classification\paper\paper361.jpg,paper
garbage_classification\brown-glass\brown-glass604.jpg,brown-glass
garbage_classification\shoes\shoes875.jpg,shoes
garbage_classification\white-glass\white-glass736.jpg,white-glass
garbage_classification\clothes\clothes506.jpg,clothes
garbage_classification\clothes\clothes124.jpg,clothes
garbage_classification\clothes\clothes1723.jpg,clothes
garbage_classification\clothes\clothes4367.jpg,clothes
garbage_classification\clothes\clothes1683.jpg,clothes
garbage_classification\clothes\clothes4252.jpg,clothes
garbage_classification\plastic\plastic271.jpg,plastic
garbage_classification\clothes\clothes5277.jpg,clothes
garbage_classification\clothes\clothes2633.jpg,clothes
garbage_classification\white-glass\white-glass268.jpg,white-glass
garbage_classification\battery\battery587.jpg,battery
garbage_classification\shoes\shoes165.jpg,shoes
garbage_classification\green-glass\green-glass227.jpg,green-glass
garbage_classification\green-glass\green-glass419.jpg,green-glass
garbage_classification\biological\biological699.jpg,biological
garbage_classification\cardboard\cardboard78.jpg,cardboard
garbage_classification\clothes\clothes3805.jpg,clothes
garbage_classification\clothes\clothes2450.jpg,clothes
garbage_classification\trash\trash313.jpg,trash
garbage_classification\green-glass\green-glass439.jpg,green-glass
garbage_classification\paper\paper998.jpg,paper
garbage_classification\clothes\clothes1515.jpg,clothes
garbage_classification\clothes\clothes2491.jpg,clothes
garbage_classification\plastic\plastic214.jpg,plastic
garbage_classification\metal\metal454.jpg,metal
garbage_classification\clothes\clothes3183.jpg,clothes
garbage_classification\biological\biological452.jpg,biological
garbage_classification\shoes\shoes977.jpg,shoes
garbage_classification\shoes\shoes436.jpg,shoes
garbage_classification\clothes\clothes110.jpg,clothes
garbage_classification\clothes\clothes2492.jpg,clothes
garbage_classification\battery\battery922.jpg,battery
garbage_classification\clothes\clothes1916.jpg,clothes
garbage_classification\cardboard\cardboard77.jpg,cardboard
garbage_classification\shoes\shoes958.jpg,shoes
garbage_classification\clothes\clothes840.jpg,clothes
garbage_classification\green-glass\green-glass49.jpg,green-glass
garbage_classification\shoes\shoes780.jpg,shoes
garbage_classification\cardboard\cardboard819.jpg,cardboard
garbage_classification\shoes\shoes489.jpg,shoes
garbage_classification\clothes\clothes2333.jpg,clothes
garbage_classification\biological\biological278.jpg,biological
garbage_classification\clothes\clothes4335.jpg,clothes
garbage_classification\paper\paper787.jpg,paper
garbage_classification\biological\biological846.jpg,biological
garbage_classification\clothes\clothes2419.jpg,clothes
garbage_classification\shoes\shoes1464.jpg,shoes
garbage_classification\shoes\shoes844.jpg,shoes
garbage_classification\battery\battery907.jpg,battery
garbage_classification\clothes\clothes1060.jpg,clothes
garbage_classification\shoes\shoes99.jpg,shoes
garbage_classification\clothes\clothes2263.jpg,clothes
garbage_classification\green-glass\green-glass181.jpg,green-glass
garbage_classification\clothes\clothes4857.jpg,clothes
garbage_classification\metal\metal118.jpg,metal
garbage_classification\white-glass\white-glass263.jpg,white-glass
garbage_classification\clothes\clothes4444.jpg,clothes
garbage_classification\white-glass\white-glass27.jpg,white-glass
garbage_classification\clothes\clothes1511.jpg,clothes
garbage_classification\trash\trash359.jpg,trash
garbage_classification\clothes\clothes3108.jpg,clothes
garbage_classification\metal\metal136.jpg,metal
garbage_classification\brown-glass\brown-glass210.jpg,brown-glass
garbage_classification\white-glass\white-glass555.jpg,white-glass
garbage_classification\clothes\clothes686.jpg,clothes
garbage_classification\clothes\clothes258.jpg,clothes
garbage_classification\clothes\clothes2259.jpg,clothes
garbage_classification\clothes\clothes3746.jpg,clothes
garbage_classification\cardboard\cardboard701.jpg,cardboard
garbage_classification\white-glass\white-glass252.jpg,white-glass
garbage_classification\shoes\shoes1790.jpg,shoes
garbage_classification\clothes\clothes3988.jpg,clothes
garbage_classification\clothes\clothes4691.jpg,clothes
garbage_classification\clothes\clothes2987.jpg,clothes
garbage_classification\clothes\clothes1360.jpg,clothes
garbage_classification\clothes\clothes1921.jpg,clothes
garbage_classification\green-glass\green-glass177.jpg,green-glass
garbage_classification\clothes\clothes4264.jpg,clothes
garbage_classification\shoes\shoes624.jpg,shoes
garbage_classification\paper\paper542.jpg,paper
garbage_classification\clothes\clothes5280.jpg,clothes
garbage_classification\battery\battery175.jpg,battery
garbage_classification\clothes\clothes2650.jpg,clothes
garbage_classification\clothes\clothes4248.jpg,clothes
garbage_classification\clothes\clothes1284.jpg,clothes
garbage_classification\clothes\clothes878.jpg,clothes
garbage_classification\biological\biological378.jpg,biological
garbage_classification\shoes\shoes916.jpg,shoes
garbage_classification\clothes\clothes2603.jpg,clothes
garbage_classification\biological\biological775.jpg,biological
garbage_classification\brown-glass\brown-glass470.jpg,brown-glass
garbage_classification\shoes\shoes1351.jpg,shoes
garbage_classification\shoes\shoes559.jpg,shoes
garbage_classification\metal\metal468.jpg,metal
garbage_classification\biological\biological908.jpg,biological
garbage_classification\clothes\clothes5173.jpg,clothes
garbage_classification\trash\trash32.jpg,trash
garbage_classification\shoes\shoes1442.jpg,shoes
garbage_classification\clothes\clothes4348.jpg,clothes
garbage_classification\clothes\clothes4342.jpg,clothes
garbage_classification\trash\trash363.jpg,trash
garbage_classification\brown-glass\brown-glass217.jpg,brown-glass
garbage_classification\metal\metal23.jpg,metal
garbage_classification\battery\battery346.jpg,battery
garbage_classification\biological\biological484.jpg,biological
garbage_classification\battery\battery549.jpg,battery
garbage_classification\brown-glass\brown-glass113.jpg,brown-glass
garbage_classification\trash\trash388.jpg,trash
garbage_classification\cardboard\cardboard657.jpg,cardboard
garbage_classification\clothes\clothes4506.jpg,clothes
garbage_classification\biological\biological439.jpg,biological
garbage_classification\green-glass\green-glass598.jpg,green-glass
garbage_classification\clothes\clothes1388.jpg,clothes
garbage_classification\shoes\shoes621.jpg,shoes
garbage_classification\biological\biological23.jpg,biological
garbage_classification\biological\biological977.jpg,biological
garbage_classification\metal\metal448.jpg,metal
garbage_classification\clothes\clothes5017.jpg,clothes
garbage_classification\biological\biological279.jpg,biological
garbage_classification\battery\battery133.jpg,battery
garbage_classification\battery\battery174.jpg,battery
garbage_classification\green-glass\green-glass36.jpg,green-glass
garbage_classification\clothes\clothes2004.jpg,clothes
garbage_classification\clothes\clothes3620.jpg,clothes
garbage_classification\clothes\clothes864.jpg,clothes
garbage_classification\white-glass\white-glass145.jpg,white-glass
garbage_classification\green-glass\green-glass237.jpg,green-glass
garbage_classification\shoes\shoes768.jpg,shoes
garbage_classification\clothes\clothes680.jpg,clothes
garbage_classification\biological\biological563.jpg,biological
garbage_classification\metal\metal83.jpg,metal
garbage_classification\metal\metal463.jpg,metal
garbage_classification\trash\trash441.jpg,trash
garbage_classification\biological\biological728.jpg,biological
garbage_classification\clothes\clothes4050.jpg,clothes
garbage_classification\brown-glass\brown-glass192.jpg,brown-glass
garbage_classification\clothes\clothes3138.jpg,clothes
garbage_classification\brown-glass\brown-glass585.jpg,brown-glass
garbage_classification\clothes\clothes3598.jpg,clothes
garbage_classification\plastic\plastic348.jpg,plastic
garbage_classification\clothes\clothes1321.jpg,clothes
garbage_classification\clothes\clothes2942.jpg,clothes
garbage_classification\metal\metal608.jpg,metal
garbage_classification\clothes\clothes3191.jpg,clothes
garbage_classification\battery\battery738.jpg,battery
garbage_classification\plastic\plastic863.jpg,plastic
garbage_classification\white-glass\white-glass671.jpg,white-glass
garbage_classification\shoes\shoes1162.jpg,shoes
garbage_classification\biological\biological856.jpg,biological
garbage_classification\plastic\plastic199.jpg,plastic
garbage_classification\paper\paper70.jpg,paper
garbage_classification\shoes\shoes506.jpg,shoes
garbage_classification\plastic\plastic660.jpg,plastic
garbage_classification\clothes\clothes465.jpg,clothes
garbage_classification\clothes\clothes540.jpg,clothes
garbage_classification\white-glass\white-glass436.jpg,white-glass
garbage_classification\clothes\clothes1676.jpg,clothes
garbage_classification\clothes\clothes104.jpg,clothes
garbage_classification\cardboard\cardboard364.jpg,cardboard
garbage_classification\clothes\clothes1933.jpg,clothes
garbage_classification\trash\trash494.jpg,trash
garbage_classification\clothes\clothes5193.jpg,clothes
garbage_classification\clothes\clothes502.jpg,clothes
garbage_classification\clothes\clothes131.jpg,clothes
garbage_classification\biological\biological103.jpg,biological
garbage_classification\cardboard\cardboard19.jpg,cardboard
garbage_classification\clothes\clothes2874.jpg,clothes
garbage_classification\brown-glass\brown-glass361.jpg,brown-glass
garbage_classification\clothes\clothes703.jpg,clothes
garbage_classification\shoes\shoes125.jpg,shoes
garbage_classification\shoes\shoes1380.jpg,shoes
garbage_classification\white-glass\white-glass451.jpg,white-glass
garbage_classification\biological\biological686.jpg,biological
garbage_classification\metal\metal578.jpg,metal
garbage_classification\paper\paper448.jpg,paper
garbage_classification\paper\paper867.jpg,paper
garbage_classification\cardboard\cardboard118.jpg,cardboard
garbage_classification\clothes\clothes3649.jpg,clothes
garbage_classification\metal\metal675.jpg,metal
garbage_classification\battery\battery595.jpg,battery
garbage_classification\shoes\shoes420.jpg,shoes
garbage_classification\paper\paper664.jpg,paper
garbage_classification\metal\metal269.jpg,metal
garbage_classification\clothes\clothes2732.jpg,clothes
garbage_classification\clothes\clothes334.jpg,clothes
garbage_classification\white-glass\white-glass215.jpg,white-glass
garbage_classification\clothes\clothes5108.jpg,clothes
garbage_classification\clothes\clothes423.jpg,clothes
garbage_classification\paper\paper788.jpg,paper
garbage_classification\battery\battery454.jpg,battery
garbage_classification\white-glass\white-glass212.jpg,white-glass
garbage_classification\clothes\clothes3100.jpg,clothes
garbage_classification\clothes\clothes4043.jpg,clothes
garbage_classification\plastic\plastic773.jpg,plastic
garbage_classification\clothes\clothes3047.jpg,clothes
garbage_classification\paper\paper683.jpg,paper
garbage_classification\white-glass\white-glass236.jpg,white-glass
garbage_classification\white-glass\white-glass387.jpg,white-glass
garbage_classification\plastic\plastic215.jpg,plastic
garbage_classification\metal\metal279.jpg,metal
garbage_classification\clothes\clothes3770.jpg,clothes
garbage_classification\clothes\clothes1638.jpg,clothes
garbage_classification\green-glass\green-glass548.jpg,green-glass
garbage_classification\paper\paper846.jpg,paper
garbage_classification\brown-glass\brown-glass591.jpg,brown-glass
garbage_classification\white-glass\white-glass716.jpg,white-glass
garbage_classification\clothes\clothes1267.jpg,clothes
garbage_classification\paper\paper188.jpg,paper
garbage_classification\plastic\plastic796.jpg,plastic
garbage_classification\biological\biological135.jpg,biological
garbage_classification\brown-glass\brown-glass53.jpg,brown-glass
garbage_classification\plastic\plastic128.jpg,plastic
garbage_classification\clothes\clothes2929.jpg,clothes
garbage_classification\cardboard\cardboard881.jpg,cardboard
garbage_classification\clothes\clothes3560.jpg,clothes
garbage_classification\clothes\clothes3306.jpg,clothes
garbage_classification\clothes\clothes4615.jpg,clothes
garbage_classification\metal\metal145.jpg,metal
garbage_classification\cardboard\cardboard126.jpg,cardboard
garbage_classification\metal\metal265.jpg,metal
garbage_classification\white-glass\white-glass108.jpg,white-glass
garbage_classification\clothes\clothes1932.jpg,clothes
garbage_classification\white-glass\white-glass220.jpg,white-glass
garbage_classification\clothes\clothes1849.jpg,clothes
garbage_classification\green-glass\green-glass24.jpg,green-glass
garbage_classification\clothes\clothes4928.jpg,clothes
garbage_classification\plastic\plastic544.jpg,plastic
garbage_classification\paper\paper181.jpg,paper
garbage_classification\shoes\shoes824.jpg,shoes
garbage_classification\trash\trash542.jpg,trash
garbage_classification\clothes\clothes4585.jpg,clothes
garbage_classification\cardboard\cardboard517.jpg,cardboard
garbage_classification\clothes\clothes775.jpg,clothes
garbage_classification\clothes\clothes518.jpg,clothes
garbage_classification\shoes\shoes1520.jpg,shoes
garbage_classification\biological\biological39.jpg,biological
garbage_classification\green-glass\green-glass141.jpg,green-glass
garbage_classification\clothes\clothes1039.jpg,clothes
garbage_classification\shoes\shoes860.jpg,shoes
garbage_classification\cardboard\cardboard723.jpg,cardboard
garbage_classification\green-glass\green-glass277.jpg,green-glass
garbage_classification\clothes\clothes186.jpg,clothes
garbage_classification\clothes\clothes1385.jpg,clothes
garbage_classification\clothes\clothes3645.jpg,clothes
garbage_classification\plastic\plastic312.jpg,plastic
garbage_classification\shoes\shoes921.jpg,shoes
garbage_classification\metal\metal716.jpg,metal
garbage_classification\green-glass\green-glass109.jpg,green-glass
garbage_classification\plastic\plastic183.jpg,plastic
garbage_classification\battery\battery576.jpg,battery
garbage_classification\cardboard\cardboard757.jpg,cardboard
garbage_classification\battery\battery337.jpg,battery
garbage_classification\plastic\plastic663.jpg,plastic
garbage_classification\trash\trash255.jpg,trash
garbage_classification\trash\trash575.jpg,trash
garbage_classification\shoes\shoes1903.jpg,shoes
garbage_classification\clothes\clothes3397.jpg,clothes
garbage_classification\white-glass\white-glass738.jpg,white-glass
garbage_classification\battery\battery853.jpg,battery
garbage_classification\battery\battery749.jpg,battery
garbage_classification\biological\biological151.jpg,biological
garbage_classification\clothes\clothes117.jpg,clothes
garbage_classification\clothes\clothes281.jpg,clothes
garbage_classification\battery\battery499.jpg,battery
garbage_classification\biological\biological84.jpg,biological
garbage_classification\brown-glass\brown-glass253.jpg,brown-glass
garbage_classification\clothes\clothes1630.jpg,clothes
garbage_classification\shoes\shoes348.jpg,shoes
garbage_classification\metal\metal80.jpg,metal
garbage_classification\clothes\clothes2914.jpg,clothes
garbage_classification\clothes\clothes3612.jpg,clothes
garbage_classification\biological\biological237.jpg,biological
garbage_classification\clothes\clothes2196.jpg,clothes
garbage_classification\paper\paper870.jpg,paper
garbage_classification\shoes\shoes1064.jpg,shoes
garbage_classification\paper\paper379.jpg,paper
garbage_classification\biological\biological539.jpg,biological
garbage_classification\white-glass\white-glass609.jpg,white-glass
garbage_classification\shoes\shoes400.jpg,shoes
garbage_classification\shoes\shoes248.jpg,shoes
garbage_classification\shoes\shoes1308.jpg,shoes
garbage_classification\plastic\plastic436.jpg,plastic
garbage_classification\metal\metal549.jpg,metal
garbage_classification\clothes\clothes2359.jpg,clothes
garbage_classification\plastic\plastic325.jpg,plastic
garbage_classification\paper\paper1016.jpg,paper
garbage_classification\shoes\shoes1043.jpg,shoes
garbage_classification\paper\paper118.jpg,paper
garbage_classification\shoes\shoes273.jpg,shoes
garbage_classification\paper\paper828.jpg,paper
garbage_classification\shoes\shoes1789.jpg,shoes
garbage_classification\cardboard\cardboard488.jpg,cardboard
garbage_classification\green-glass\green-glass13.jpg,green-glass
garbage_classification\clothes\clothes1990.jpg,clothes
garbage_classification\paper\paper534.jpg,paper
garbage_classification\clothes\clothes1378.jpg,clothes
garbage_classification\clothes\clothes1006.jpg,clothes
garbage_classification\clothes\clothes3840.jpg,clothes
garbage_classification\cardboard\cardboard210.jpg,cardboard
garbage_classification\biological\biological59.jpg,biological
garbage_classification\shoes\shoes1197.jpg,shoes
garbage_classification\clothes\clothes5124.jpg,clothes
garbage_classification\plastic\plastic12.jpg,plastic
garbage_classification\biological\biological893.jpg,biological
garbage_classification\trash\trash131.jpg,trash
garbage_classification\plastic\plastic6.jpg,plastic
garbage_classification\shoes\shoes1268.jpg,shoes
garbage_classification\battery\battery231.jpg,battery
garbage_classification\clothes\clothes1394.jpg,clothes
garbage_classification\battery\battery477.jpg,battery
garbage_classification\metal\metal597.jpg,metal
garbage_classification\green-glass\green-glass502.jpg,green-glass
garbage_classification\brown-glass\brown-glass21.jpg,brown-glass
garbage_classification\shoes\shoes1933.jpg,shoes
garbage_classification\metal\metal183.jpg,metal
garbage_classification\biological\biological656.jpg,biological
garbage_classification\paper\paper601.jpg,paper
garbage_classification\biological\biological485.jpg,biological
garbage_classification\clothes\clothes3686.jpg,clothes
garbage_classification\plastic\plastic86.jpg,plastic
garbage_classification\cardboard\cardboard235.jpg,cardboard
garbage_classification\biological\biological294.jpg,biological
garbage_classification\white-glass\white-glass17.jpg,white-glass
garbage_classification\clothes\clothes2238.jpg,clothes
garbage_classification\paper\paper726.jpg,paper
garbage_classification\paper\paper463.jpg,paper
garbage_classification\cardboard\cardboard363.jpg,cardboard
garbage_classification\clothes\clothes177.jpg,clothes
garbage_classification\green-glass\green-glass428.jpg,green-glass
garbage_classification\biological\biological344.jpg,biological
garbage_classification\clothes\clothes1108.jpg,clothes
garbage_classification\clothes\clothes4010.jpg,clothes
garbage_classification\plastic\plastic284.jpg,plastic
garbage_classification\clothes\clothes2903.jpg,clothes
garbage_classification\clothes\clothes4860.jpg,clothes
garbage_classification\clothes\clothes3246.jpg,clothes
garbage_classification\clothes\clothes4293.jpg,clothes
garbage_classification\white-glass\white-glass232.jpg,white-glass
garbage_classification\plastic\plastic522.jpg,plastic
garbage_classification\clothes\clothes14.jpg,clothes
garbage_classification\green-glass\green-glass397.jpg,green-glass
garbage_classification\clothes\clothes4100.jpg,clothes
garbage_classification\cardboard\cardboard161.jpg,cardboard
garbage_classification\battery\battery562.jpg,battery
garbage_classification\clothes\clothes2683.jpg,clothes
garbage_classification\paper\paper752.jpg,paper
garbage_classification\clothes\clothes2680.jpg,clothes
garbage_classification\trash\trash136.jpg,trash
garbage_classification\clothes\clothes3897.jpg,clothes
garbage_classification\battery\battery710.jpg,battery
garbage_classification\shoes\shoes591.jpg,shoes
garbage_classification\clothes\clothes5150.jpg,clothes
garbage_classification\cardboard\cardboard336.jpg,cardboard
garbage_classification\biological\biological592.jpg,biological
garbage_classification\clothes\clothes5320.jpg,clothes
garbage_classification\paper\paper822.jpg,paper
garbage_classification\clothes\clothes5298.jpg,clothes
garbage_classification\clothes\clothes4795.jpg,clothes
garbage_classification\clothes\clothes271.jpg,clothes
garbage_classification\cardboard\cardboard238.jpg,cardboard
garbage_classification\clothes\clothes4543.jpg,clothes
garbage_classification\clothes\clothes1159.jpg,clothes
garbage_classification\trash\trash418.jpg,trash
garbage_classification\white-glass\white-glass159.jpg,white-glass
garbage_classification\white-glass\white-glass720.jpg,white-glass
garbage_classification\trash\trash25.jpg,trash
garbage_classification\white-glass\white-glass469.jpg,white-glass
garbage_classification\cardboard\cardboard476.jpg,cardboard
garbage_classification\clothes\clothes3317.jpg,clothes
garbage_classification\biological\biological763.jpg,biological
garbage_classification\trash\trash151.jpg,trash
garbage_classification\biological\biological695.jpg,biological
garbage_classification\clothes\clothes1431.jpg,clothes
garbage_classification\paper\paper249.jpg,paper
garbage_classification\clothes\clothes4980.jpg,clothes
garbage_classification\clothes\clothes4718.jpg,clothes
garbage_classification\clothes\clothes819.jpg,clothes
garbage_classification\battery\battery183.jpg,battery
garbage_classification\paper\paper540.jpg,paper
garbage_classification\clothes\clothes5091.jpg,clothes
garbage_classification\trash\trash200.jpg,trash
garbage_classification\biological\biological236.jpg,biological
garbage_classification\clothes\clothes4851.jpg,clothes
garbage_classification\metal\metal128.jpg,metal
garbage_classification\green-glass\green-glass222.jpg,green-glass
garbage_classification\clothes\clothes4802.jpg,clothes
garbage_classification\shoes\shoes1282.jpg,shoes
garbage_classification\clothes\clothes4684.jpg,clothes
garbage_classification\shoes\shoes1342.jpg,shoes
garbage_classification\plastic\plastic404.jpg,plastic
garbage_classification\clothes\clothes2540.jpg,clothes
garbage_classification\green-glass\green-glass457.jpg,green-glass
garbage_classification\brown-glass\brown-glass44.jpg,brown-glass
garbage_classification\metal\metal687.jpg,metal
garbage_classification\clothes\clothes634.jpg,clothes
garbage_classification\brown-glass\brown-glass190.jpg,brown-glass
garbage_classification\battery\battery793.jpg,battery
garbage_classification\clothes\clothes1705.jpg,clothes
garbage_classification\clothes\clothes3772.jpg,clothes
garbage_classification\shoes\shoes59.jpg,shoes
garbage_classification\clothes\clothes4234.jpg,clothes
garbage_classification\paper\paper216.jpg,paper
garbage_classification\battery\battery18.jpg,battery
garbage_classification\battery\battery372.jpg,battery
garbage_classification\plastic\plastic561.jpg,plastic
garbage_classification\metal\metal393.jpg,metal
garbage_classification\biological\biological481.jpg,biological
garbage_classification\trash\trash381.jpg,trash
garbage_classification\paper\paper602.jpg,paper
garbage_classification\white-glass\white-glass693.jpg,white-glass
garbage_classification\white-glass\white-glass256.jpg,white-glass
garbage_classification\metal\metal714.jpg,metal
garbage_classification\white-glass\white-glass506.jpg,white-glass
garbage_classification\metal\metal68.jpg,metal
garbage_classification\clothes\clothes4843.jpg,clothes
garbage_classification\battery\battery87.jpg,battery
garbage_classification\shoes\shoes1188.jpg,shoes
garbage_classification\battery\battery812.jpg,battery
garbage_classification\metal\metal531.jpg,metal
garbage_classification\shoes\shoes1116.jpg,shoes
garbage_classification\metal\metal150.jpg,metal
garbage_classification\clothes\clothes4131.jpg,clothes
garbage_classification\trash\trash129.jpg,trash
garbage_classification\clothes\clothes536.jpg,clothes
garbage_classification\cardboard\cardboard207.jpg,cardboard
garbage_classification\clothes\clothes214.jpg,clothes
garbage_classification\metal\metal81.jpg,metal
garbage_classification\clothes\clothes5196.jpg,clothes
garbage_classification\plastic\plastic127.jpg,plastic
garbage_classification\clothes\clothes520.jpg,clothes
garbage_classification\paper\paper45.jpg,paper
garbage_classification\shoes\shoes1833.jpg,shoes
garbage_classification\trash\trash219.jpg,trash
garbage_classification\paper\paper184.jpg,paper
garbage_classification\shoes\shoes1752.jpg,shoes
garbage_classification\brown-glass\brown-glass287.jpg,brown-glass
garbage_classification\trash\trash60.jpg,trash
garbage_classification\battery\battery532.jpg,battery
garbage_classification\plastic\plastic415.jpg,plastic
garbage_classification\battery\battery428.jpg,battery
garbage_classification\biological\biological118.jpg,biological
garbage_classification\trash\trash485.jpg,trash
garbage_classification\cardboard\cardboard230.jpg,cardboard
garbage_classification\plastic\plastic741.jpg,plastic
garbage_classification\battery\battery539.jpg,battery
garbage_classification\shoes\shoes1702.jpg,shoes
garbage_classification\clothes\clothes3592.jpg,clothes
garbage_classification\shoes\shoes1579.jpg,shoes
garbage_classification\shoes\shoes1237.jpg,shoes
garbage_classification\trash\trash543.jpg,trash
garbage_classification\clothes\clothes4230.jpg,clothes
garbage_classification\shoes\shoes876.jpg,shoes
garbage_classification\clothes\clothes279.jpg,clothes
garbage_classification\clothes\clothes2699.jpg,clothes
garbage_classification\clothes\clothes3166.jpg,clothes
garbage_classification\biological\biological467.jpg,biological
garbage_classification\clothes\clothes1340.jpg,clothes
garbage_classification\white-glass\white-glass277.jpg,white-glass
garbage_classification\battery\battery206.jpg,battery
garbage_classification\clothes\clothes165.jpg,clothes
garbage_classification\plastic\plastic828.jpg,plastic
garbage_classification\clothes\clothes3664.jpg,clothes
garbage_classification\trash\trash552.jpg,trash
garbage_classification\trash\trash251.jpg,trash
garbage_classification\cardboard\cardboard531.jpg,cardboard
garbage_classification\clothes\clothes4460.jpg,clothes
garbage_classification\brown-glass\brown-glass177.jpg,brown-glass
garbage_classification\clothes\clothes4062.jpg,clothes
garbage_classification\shoes\shoes1798.jpg,shoes
garbage_classification\shoes\shoes1788.jpg,shoes
garbage_classification\white-glass\white-glass502.jpg,white-glass
garbage_classification\clothes\clothes1089.jpg,clothes
garbage_classification\shoes\shoes58.jpg,shoes
garbage_classification\clothes\clothes3214.jpg,clothes
garbage_classification\clothes\clothes2375.jpg,clothes
garbage_classification\clothes\clothes4864.jpg,clothes
garbage_classification\shoes\shoes899.jpg,shoes
garbage_classification\clothes\clothes5178.jpg,clothes
garbage_classification\clothes\clothes4771.jpg,clothes
garbage_classification\green-glass\green-glass217.jpg,green-glass
garbage_classification\clothes\clothes4486.jpg,clothes
garbage_classification\clothes\clothes3269.jpg,clothes
garbage_classification\paper\paper36.jpg,paper
garbage_classification\clothes\clothes2087.jpg,clothes
garbage_classification\paper\paper1019.jpg,paper
garbage_classification\metal\metal221.jpg,metal
garbage_classification\clothes\clothes3599.jpg,clothes
garbage_classification\plastic\plastic251.jpg,plastic
garbage_classification\clothes\clothes2560.jpg,clothes
garbage_classification\shoes\shoes1056.jpg,shoes
garbage_classification\shoes\shoes1865.jpg,shoes
garbage_classification\battery\battery120.jpg,battery
garbage_classification\cardboard\cardboard810.jpg,cardboard
garbage_classification\paper\paper224.jpg,paper
garbage_classification\clothes\clothes3089.jpg,clothes
garbage_classification\cardboard\cardboard588.jpg,cardboard
garbage_classification\shoes\shoes1671.jpg,shoes
garbage_classification\cardboard\cardboard194.jpg,cardboard
garbage_classification\cardboard\cardboard510.jpg,cardboard
garbage_classification\clothes\clothes3605.jpg,clothes
garbage_classification\clothes\clothes2424.jpg,clothes
garbage_classification\clothes\clothes1527.jpg,clothes
garbage_classification\biological\biological583.jpg,biological
garbage_classification\shoes\shoes964.jpg,shoes
garbage_classification\white-glass\white-glass473.jpg,white-glass
garbage_classification\clothes\clothes1939.jpg,clothes
garbage_classification\brown-glass\brown-glass140.jpg,brown-glass
garbage_classification\clothes\clothes3172.jpg,clothes
garbage_classification\clothes\clothes4547.jpg,clothes
garbage_classification\shoes\shoes1906.jpg,shoes
garbage_classification\white-glass\white-glass194.jpg,white-glass
garbage_classification\clothes\clothes1660.jpg,clothes
garbage_classification\clothes\clothes4428.jpg,clothes
garbage_classification\clothes\clothes2672.jpg,clothes
garbage_classification\clothes\clothes3152.jpg,clothes
garbage_classification\clothes\clothes2555.jpg,clothes
garbage_classification\clothes\clothes2209.jpg,clothes
garbage_classification\shoes\shoes1008.jpg,shoes
garbage_classification\clothes\clothes3114.jpg,clothes
garbage_classification\battery\battery236.jpg,battery
garbage_classification\clothes\clothes2005.jpg,clothes
garbage_classification\shoes\shoes287.jpg,shoes
garbage_classification\plastic\plastic716.jpg,plastic
garbage_classification\clothes\clothes1299.jpg,clothes
garbage_classification\cardboard\cardboard218.jpg,cardboard
garbage_classification\clothes\clothes3456.jpg,clothes
garbage_classification\shoes\shoes1929.jpg,shoes
garbage_classification\biological\biological667.jpg,biological
garbage_classification\clothes\clothes786.jpg,clothes
garbage_classification\metal\metal474.jpg,metal
garbage_classification\shoes\shoes1361.jpg,shoes
garbage_classification\shoes\shoes183.jpg,shoes
garbage_classification\clothes\clothes1053.jpg,clothes
garbage_classification\clothes\clothes3159.jpg,clothes
garbage_classification\plastic\plastic857.jpg,plastic
garbage_classification\battery\battery826.jpg,battery
garbage_classification\shoes\shoes1132.jpg,shoes
garbage_classification\clothes\clothes5252.jpg,clothes
garbage_classification\paper\paper283.jpg,paper
garbage_classification\clothes\clothes5197.jpg,clothes
garbage_classification\shoes\shoes401.jpg,shoes
garbage_classification\plastic\plastic650.jpg,plastic
garbage_classification\clothes\clothes1985.jpg,clothes
garbage_classification\white-glass\white-glass72.jpg,white-glass
garbage_classification\shoes\shoes1090.jpg,shoes
garbage_classification\shoes\shoes1512.jpg,shoes
garbage_classification\brown-glass\brown-glass427.jpg,brown-glass
garbage_classification\biological\biological664.jpg,biological
garbage_classification\battery\battery81.jpg,battery
garbage_classification\shoes\shoes1427.jpg,shoes
garbage_classification\cardboard\cardboard828.jpg,cardboard
garbage_classification\green-glass\green-glass198.jpg,green-glass
garbage_classification\clothes\clothes2289.jpg,clothes
garbage_classification\shoes\shoes294.jpg,shoes
garbage_classification\white-glass\white-glass537.jpg,white-glass
garbage_classification\metal\metal390.jpg,metal
garbage_classification\clothes\clothes2011.jpg,clothes
garbage_classification\brown-glass\brown-glass269.jpg,brown-glass
garbage_classification\clothes\clothes4466.jpg,clothes
garbage_classification\paper\paper545.jpg,paper
garbage_classification\metal\metal550.jpg,metal
garbage_classification\metal\metal246.jpg,metal
garbage_classification\clothes\clothes4194.jpg,clothes
garbage_classification\trash\trash467.jpg,trash
garbage_classification\clothes\clothes4096.jpg,clothes
garbage_classification\paper\paper414.jpg,paper
garbage_classification\clothes\clothes3472.jpg,clothes
garbage_classification\shoes\shoes1041.jpg,shoes
garbage_classification\shoes\shoes1337.jpg,shoes
garbage_classification\clothes\clothes560.jpg,clothes
garbage_classification\battery\battery358.jpg,battery
garbage_classification\battery\battery86.jpg,battery
garbage_classification\clothes\clothes3274.jpg,clothes
garbage_classification\cardboard\cardboard46.jpg,cardboard
garbage_classification\paper\paper141.jpg,paper
garbage_classification\clothes\clothes4303.jpg,clothes
garbage_classification\clothes\clothes4037.jpg,clothes
garbage_classification\paper\paper803.jpg,paper
garbage_classification\biological\biological326.jpg,biological
garbage_classification\green-glass\green-glass344.jpg,green-glass
garbage_classification\paper\paper490.jpg,paper
garbage_classification\metal\metal302.jpg,metal
garbage_classification\cardboard\cardboard888.jpg,cardboard
garbage_classification\clothes\clothes2559.jpg,clothes
garbage_classification\cardboard\cardboard427.jpg,cardboard
garbage_classification\clothes\clothes3762.jpg,clothes
garbage_classification\white-glass\white-glass435.jpg,white-glass
garbage_classification\white-glass\white-glass46.jpg,white-glass
garbage_classification\clothes\clothes2638.jpg,clothes
garbage_classification\plastic\plastic289.jpg,plastic
garbage_classification\biological\biological261.jpg,biological
garbage_classification\green-glass\green-glass160.jpg,green-glass
garbage_classification\clothes\clothes1914.jpg,clothes
garbage_classification\clothes\clothes1759.jpg,clothes
garbage_classification\brown-glass\brown-glass475.jpg,brown-glass
garbage_classification\biological\biological122.jpg,biological
garbage_classification\paper\paper696.jpg,paper
garbage_classification\shoes\shoes1727.jpg,shoes
garbage_classification\green-glass\green-glass404.jpg,green-glass
garbage_classification\clothes\clothes5232.jpg,clothes
garbage_classification\clothes\clothes3366.jpg,clothes
garbage_classification\clothes\clothes2947.jpg,clothes
garbage_classification\clothes\clothes5279.jpg,clothes
garbage_classification\battery\battery105.jpg,battery
garbage_classification\clothes\clothes2307.jpg,clothes
garbage_classification\shoes\shoes403.jpg,shoes
garbage_classification\brown-glass\brown-glass602.jpg,brown-glass
garbage_classification\clothes\clothes5324.jpg,clothes
garbage_classification\clothes\clothes2814.jpg,clothes
garbage_classification\clothes\clothes3446.jpg,clothes
garbage_classification\battery\battery51.jpg,battery
garbage_classification\white-glass\white-glass170.jpg,white-glass
garbage_classification\shoes\shoes791.jpg,shoes
garbage_classification\shoes\shoes1663.jpg,shoes
garbage_classification\brown-glass\brown-glass600.jpg,brown-glass
garbage_classification\clothes\clothes4482.jpg,clothes
garbage_classification\cardboard\cardboard273.jpg,cardboard
garbage_classification\shoes\shoes527.jpg,shoes
garbage_classification\paper\paper668.jpg,paper
garbage_classification\clothes\clothes1751.jpg,clothes
garbage_classification\metal\metal659.jpg,metal
garbage_classification\clothes\clothes1338.jpg,clothes
garbage_classification\white-glass\white-glass323.jpg,white-glass
garbage_classification\cardboard\cardboard827.jpg,cardboard
garbage_classification\clothes\clothes1440.jpg,clothes
garbage_classification\green-glass\green-glass294.jpg,green-glass
garbage_classification\battery\battery425.jpg,battery
garbage_classification\brown-glass\brown-glass590.jpg,brown-glass
garbage_classification\paper\paper814.jpg,paper
garbage_classification\shoes\shoes1954.jpg,shoes
garbage_classification\clothes\clothes3060.jpg,clothes
garbage_classification\trash\trash49.jpg,trash
garbage_classification\clothes\clothes3347.jpg,clothes
garbage_classification\shoes\shoes1344.jpg,shoes
garbage_classification\brown-glass\brown-glass315.jpg,brown-glass
garbage_classification\plastic\plastic24.jpg,plastic
garbage_classification\trash\trash312.jpg,trash
garbage_classification\green-glass\green-glass2.jpg,green-glass
garbage_classification\biological\biological142.jpg,biological
garbage_classification\clothes\clothes4746.jpg,clothes
garbage_classification\clothes\clothes2046.jpg,clothes
garbage_classification\biological\biological696.jpg,biological
garbage_classification\clothes\clothes753.jpg,clothes
garbage_classification\shoes\shoes1871.jpg,shoes
garbage_classification\brown-glass\brown-glass485.jpg,brown-glass
garbage_classification\green-glass\green-glass464.jpg,green-glass
garbage_classification\battery\battery593.jpg,battery
garbage_classification\white-glass\white-glass448.jpg,white-glass
garbage_classification\biological\biological641.jpg,biological
garbage_classification\clothes\clothes4893.jpg,clothes
garbage_classification\battery\battery238.jpg,battery
garbage_classification\clothes\clothes1327.jpg,clothes
garbage_classification\biological\biological263.jpg,biological
garbage_classification\shoes\shoes696.jpg,shoes
garbage_classification\shoes\shoes757.jpg,shoes
garbage_classification\white-glass\white-glass710.jpg,white-glass
garbage_classification\shoes\shoes1745.jpg,shoes
garbage_classification\shoes\shoes164.jpg,shoes
garbage_classification\battery\battery184.jpg,battery
garbage_classification\clothes\clothes194.jpg,clothes
garbage_classification\battery\battery490.jpg,battery
garbage_classification\metal\metal425.jpg,metal
garbage_classification\clothes\clothes1770.jpg,clothes
garbage_classification\metal\metal63.jpg,metal
garbage_classification\clothes\clothes4430.jpg,clothes
garbage_classification\clothes\clothes3980.jpg,clothes
garbage_classification\biological\biological611.jpg,biological
garbage_classification\green-glass\green-glass343.jpg,green-glass
garbage_classification\clothes\clothes2965.jpg,clothes
garbage_classification\clothes\clothes4049.jpg,clothes
garbage_classification\clothes\clothes2972.jpg,clothes
garbage_classification\shoes\shoes31.jpg,shoes
garbage_classification\battery\battery186.jpg,battery
garbage_classification\clothes\clothes1841.jpg,clothes
garbage_classification\paper\paper9.jpg,paper
garbage_classification\plastic\plastic755.jpg,plastic
garbage_classification\trash\trash97.jpg,trash
garbage_classification\clothes\clothes5287.jpg,clothes
garbage_classification\shoes\shoes1296.jpg,shoes
garbage_classification\clothes\clothes4895.jpg,clothes
garbage_classification\clothes\clothes3292.jpg,clothes
garbage_classification\paper\paper849.jpg,paper
garbage_classification\battery\battery558.jpg,battery
garbage_classification\clothes\clothes80.jpg,clothes
garbage_classification\shoes\shoes1002.jpg,shoes
garbage_classification\clothes\clothes4793.jpg,clothes
garbage_classification\clothes\clothes2937.jpg,clothes
garbage_classification\metal\metal328.jpg,metal
garbage_classification\metal\metal245.jpg,metal
garbage_classification\clothes\clothes84.jpg,clothes
garbage_classification\brown-glass\brown-glass346.jpg,brown-glass
garbage_classification\green-glass\green-glass71.jpg,green-glass
garbage_classification\plastic\plastic180.jpg,plastic
garbage_classification\clothes\clothes5126.jpg,clothes
garbage_classification\shoes\shoes1753.jpg,shoes
garbage_classification\clothes\clothes908.jpg,clothes
garbage_classification\clothes\clothes187.jpg,clothes
garbage_classification\clothes\clothes51.jpg,clothes
garbage_classification\white-glass\white-glass745.jpg,white-glass
garbage_classification\cardboard\cardboard653.jpg,cardboard
garbage_classification\shoes\shoes703.jpg,shoes
garbage_classification\biological\biological255.jpg,biological
garbage_classification\trash\trash279.jpg,trash
garbage_classification\paper\paper985.jpg,paper
garbage_classification\clothes\clothes2401.jpg,clothes
garbage_classification\paper\paper15.jpg,paper
garbage_classification\shoes\shoes234.jpg,shoes
garbage_classification\green-glass\green-glass187.jpg,green-glass
garbage_classification\clothes\clothes1097.jpg,clothes
garbage_classification\plastic\plastic364.jpg,plastic
garbage_classification\clothes\clothes484.jpg,clothes
garbage_classification\brown-glass\brown-glass30.jpg,brown-glass
garbage_classification\brown-glass\brown-glass169.jpg,brown-glass
garbage_classification\biological\biological470.jpg,biological
garbage_classification\shoes\shoes1850.jpg,shoes
garbage_classification\cardboard\cardboard251.jpg,cardboard
garbage_classification\cardboard\cardboard767.jpg,cardboard
garbage_classification\clothes\clothes1926.jpg,clothes
garbage_classification\biological\biological196.jpg,biological
garbage_classification\trash\trash413.jpg,trash
garbage_classification\biological\biological961.jpg,biological
garbage_classification\clothes\clothes199.jpg,clothes
garbage_classification\biological\biological112.jpg,biological
garbage_classification\metal\metal67.jpg,metal
garbage_classification\clothes\clothes3385.jpg,clothes
garbage_classification\paper\paper848.jpg,paper
garbage_classification\shoes\shoes1484.jpg,shoes
garbage_classification\green-glass\green-glass336.jpg,green-glass
garbage_classification\clothes\clothes2843.jpg,clothes
garbage_classification\plastic\plastic619.jpg,plastic
garbage_classification\battery\battery191.jpg,battery
garbage_classification\paper\paper151.jpg,paper
garbage_classification\white-glass\white-glass444.jpg,white-glass
garbage_classification\clothes\clothes2439.jpg,clothes
garbage_classification\biological\biological571.jpg,biological
garbage_classification\biological\biological784.jpg,biological
garbage_classification\brown-glass\brown-glass41.jpg,brown-glass
garbage_classification\biological\biological9.jpg,biological
garbage_classification\brown-glass\brown-glass473.jpg,brown-glass
garbage_classification\clothes\clothes1927.jpg,clothes
garbage_classification\brown-glass\brown-glass511.jpg,brown-glass
garbage_classification\metal\metal429.jpg,metal
garbage_classification\paper\paper290.jpg,paper
garbage_classification\clothes\clothes1854.jpg,clothes
garbage_classification\cardboard\cardboard840.jpg,cardboard
garbage_classification\plastic\plastic51.jpg,plastic
garbage_classification\metal\metal232.jpg,metal
garbage_classification\biological\biological679.jpg,biological
garbage_classification\cardboard\cardboard284.jpg,cardboard
garbage_classification\shoes\shoes569.jpg,shoes
garbage_classification\clothes\clothes47.jpg,clothes
garbage_classification\trash\trash161.jpg,trash
garbage_classification\shoes\shoes1338.jpg,shoes
garbage_classification\clothes\clothes1746.jpg,clothes
garbage_classification\brown-glass\brown-glass462.jpg,brown-glass
garbage_classification\clothes\clothes4341.jpg,clothes
garbage_classification\shoes\shoes1741.jpg,shoes
garbage_classification\white-glass\white-glass179.jpg,white-glass
garbage_classification\clothes\clothes4078.jpg,clothes
garbage_classification\clothes\clothes2113.jpg,clothes
garbage_classification\clothes\clothes1392.jpg,clothes
garbage_classification\shoes\shoes1534.jpg,shoes
garbage_classification\trash\trash557.jpg,trash
garbage_classification\biological\biological756.jpg,biological
garbage_classification\clothes\clothes567.jpg,clothes
garbage_classification\clothes\clothes496.jpg,clothes
garbage_classification\clothes\clothes1260.jpg,clothes
garbage_classification\biological\biological843.jpg,biological
garbage_classification\clothes\clothes2754.jpg,clothes
garbage_classification\shoes\shoes156.jpg,shoes
garbage_classification\biological\biological272.jpg,biological
garbage_classification\battery\battery890.jpg,battery
garbage_classification\shoes\shoes132.jpg,shoes
garbage_classification\clothes\clothes5107.jpg,clothes
garbage_classification\biological\biological421.jpg,biological
garbage_classification\shoes\shoes936.jpg,shoes
garbage_classification\cardboard\cardboard740.jpg,cardboard
garbage_classification\plastic\plastic90.jpg,plastic
garbage_classification\plastic\plastic225.jpg,plastic
garbage_classification\shoes\shoes1346.jpg,shoes
garbage_classification\clothes\clothes141.jpg,clothes
garbage_classification\metal\metal552.jpg,metal
garbage_classification\green-glass\green-glass366.jpg,green-glass
garbage_classification\clothes\clothes2912.jpg,clothes
garbage_classification\biological\biological319.jpg,biological
garbage_classification\biological\biological737.jpg,biological
garbage_classification\cardboard\cardboard181.jpg,cardboard
garbage_classification\clothes\clothes2611.jpg,clothes
garbage_classification\clothes\clothes4151.jpg,clothes
garbage_classification\shoes\shoes887.jpg,shoes
garbage_classification\plastic\plastic505.jpg,plastic
garbage_classification\clothes\clothes1774.jpg,clothes
garbage_classification\shoes\shoes1473.jpg,shoes
garbage_classification\battery\battery466.jpg,battery
garbage_classification\biological\biological61.jpg,biological
garbage_classification\clothes\clothes2215.jpg,clothes
garbage_classification\biological\biological678.jpg,biological
garbage_classification\shoes\shoes1082.jpg,shoes
garbage_classification\clothes\clothes563.jpg,clothes
garbage_classification\clothes\clothes1475.jpg,clothes
garbage_classification\clothes\clothes5095.jpg,clothes
garbage_classification\biological\biological345.jpg,biological
garbage_classification\clothes\clothes2809.jpg,clothes
garbage_classification\white-glass\white-glass760.jpg,white-glass
garbage_classification\clothes\clothes2779.jpg,clothes
garbage_classification\trash\trash272.jpg,trash
garbage_classification\clothes\clothes772.jpg,clothes
garbage_classification\shoes\shoes1643.jpg,shoes
garbage_classification\clothes\clothes834.jpg,clothes
garbage_classification\metal\metal138.jpg,metal
garbage_classification\clothes\clothes3247.jpg,clothes
garbage_classification\biological\biological764.jpg,biological
garbage_classification\clothes\clothes3209.jpg,clothes
garbage_classification\metal\metal584.jpg,metal
garbage_classification\shoes\shoes340.jpg,shoes
garbage_classification\clothes\clothes530.jpg,clothes
garbage_classification\white-glass\white-glass136.jpg,white-glass
garbage_classification\clothes\clothes932.jpg,clothes
garbage_classification\shoes\shoes1513.jpg,shoes
garbage_classification\clothes\clothes2953.jpg,clothes
garbage_classification\clothes\clothes4542.jpg,clothes
garbage_classification\plastic\plastic67.jpg,plastic
garbage_classification\trash\trash232.jpg,trash
garbage_classification\clothes\clothes3907.jpg,clothes
garbage_classification\brown-glass\brown-glass390.jpg,brown-glass
garbage_classification\white-glass\white-glass114.jpg,white-glass
garbage_classification\brown-glass\brown-glass25.jpg,brown-glass
garbage_classification\paper\paper152.jpg,paper
garbage_classification\plastic\plastic197.jpg,plastic
garbage_classification\white-glass\white-glass649.jpg,white-glass
garbage_classification\clothes\clothes1992.jpg,clothes
garbage_classification\paper\paper436.jpg,paper
garbage_classification\shoes\shoes638.jpg,shoes
garbage_classification\trash\trash50.jpg,trash
garbage_classification\battery\battery201.jpg,battery
garbage_classification\biological\biological417.jpg,biological
garbage_classification\clothes\clothes5188.jpg,clothes
garbage_classification\clothes\clothes3211.jpg,clothes
garbage_classification\battery\battery620.jpg,battery
garbage_classification\plastic\plastic665.jpg,plastic
garbage_classification\paper\paper517.jpg,paper
garbage_classification\metal\metal434.jpg,metal
garbage_classification\battery\battery91.jpg,battery
garbage_classification\clothes\clothes3810.jpg,clothes
garbage_classification\trash\trash357.jpg,trash
garbage_classification\clothes\clothes4838.jpg,clothes
garbage_classification\biological\biological516.jpg,biological
garbage_classification\shoes\shoes1220.jpg,shoes
garbage_classification\paper\paper655.jpg,paper
garbage_classification\clothes\clothes19.jpg,clothes
garbage_classification\metal\metal135.jpg,metal
garbage_classification\clothes\clothes65.jpg,clothes
garbage_classification\white-glass\white-glass76.jpg,white-glass
garbage_classification\clothes\clothes339.jpg,clothes
garbage_classification\metal\metal621.jpg,metal
garbage_classification\green-glass\green-glass497.jpg,green-glass
garbage_classification\clothes\clothes4395.jpg,clothes
garbage_classification\cardboard\cardboard787.jpg,cardboard
garbage_classification\clothes\clothes3542.jpg,clothes
garbage_classification\white-glass\white-glass358.jpg,white-glass
garbage_classification\brown-glass\brown-glass135.jpg,brown-glass
garbage_classification\white-glass\white-glass8.jpg,white-glass
garbage_classification\white-glass\white-glass742.jpg,white-glass
garbage_classification\shoes\shoes636.jpg,shoes
garbage_classification\white-glass\white-glass97.jpg,white-glass
garbage_classification\clothes\clothes1615.jpg,clothes
garbage_classification\shoes\shoes1014.jpg,shoes
garbage_classification\clothes\clothes726.jpg,clothes
garbage_classification\metal\metal653.jpg,metal
garbage_classification\clothes\clothes2222.jpg,clothes
garbage_classification\paper\paper669.jpg,paper
garbage_classification\trash\trash74.jpg,trash
garbage_classification\shoes\shoes48.jpg,shoes
garbage_classification\clothes\clothes4020.jpg,clothes
garbage_classification\clothes\clothes90.jpg,clothes
garbage_classification\biological\biological109.jpg,biological
garbage_classification\trash\trash541.jpg,trash
garbage_classification\white-glass\white-glass699.jpg,white-glass
garbage_classification\metal\metal492.jpg,metal
garbage_classification\clothes\clothes403.jpg,clothes
garbage_classification\plastic\plastic164.jpg,plastic
garbage_classification\biological\biological443.jpg,biological
garbage_classification\shoes\shoes760.jpg,shoes
garbage_classification\battery\battery827.jpg,battery
garbage_classification\battery\battery352.jpg,battery
garbage_classification\clothes\clothes4007.jpg,clothes
garbage_classification\shoes\shoes895.jpg,shoes
garbage_classification\plastic\plastic518.jpg,plastic
garbage_classification\biological\biological5.jpg,biological
garbage_classification\cardboard\cardboard106.jpg,cardboard
garbage_classification\clothes\clothes3134.jpg,clothes
garbage_classification\clothes\clothes2047.jpg,clothes
garbage_classification\paper\paper445.jpg,paper
garbage_classification\metal\metal64.jpg,metal
garbage_classification\clothes\clothes2168.jpg,clothes
garbage_classification\clothes\clothes3057.jpg,clothes
garbage_classification\green-glass\green-glass161.jpg,green-glass
garbage_classification\cardboard\cardboard127.jpg,cardboard
garbage_classification\clothes\clothes4618.jpg,clothes
garbage_classification\battery\battery875.jpg,battery
garbage_classification\biological\biological826.jpg,biological
garbage_classification\battery\battery936.jpg,battery
garbage_classification\plastic\plastic545.jpg,plastic
garbage_classification\biological\biological740.jpg,biological
garbage_classification\shoes\shoes345.jpg,shoes
garbage_classification\shoes\shoes1431.jpg,shoes
garbage_classification\white-glass\white-glass96.jpg,white-glass
garbage_classification\clothes\clothes492.jpg,clothes
garbage_classification\paper\paper884.jpg,paper
garbage_classification\clothes\clothes1588.jpg,clothes
garbage_classification\plastic\plastic203.jpg,plastic
garbage_classification\shoes\shoes1050.jpg,shoes
garbage_classification\biological\biological939.jpg,biological
garbage_classification\cardboard\cardboard627.jpg,cardboard
garbage_classification\clothes\clothes1654.jpg,clothes
garbage_classification\shoes\shoes523.jpg,shoes
garbage_classification\brown-glass\brown-glass159.jpg,brown-glass
garbage_classification\biological\biological6.jpg,biological
garbage_classification\clothes\clothes2254.jpg,clothes
garbage_classification\white-glass\white-glass222.jpg,white-glass
garbage_classification\shoes\shoes740.jpg,shoes
garbage_classification\shoes\shoes1061.jpg,shoes
garbage_classification\battery\battery894.jpg,battery
garbage_classification\metal\metal9.jpg,metal
garbage_classification\biological\biological793.jpg,biological
garbage_classification\trash\trash673.jpg,trash
garbage_classification\clothes\clothes1356.jpg,clothes
garbage_classification\clothes\clothes2440.jpg,clothes
garbage_classification\clothes\clothes822.jpg,clothes
garbage_classification\battery\battery677.jpg,battery
garbage_classification\brown-glass\brown-glass275.jpg,brown-glass
garbage_classification\shoes\shoes1921.jpg,shoes
garbage_classification\clothes\clothes3035.jpg,clothes
garbage_classification\plastic\plastic442.jpg,plastic
garbage_classification\battery\battery942.jpg,battery
garbage_classification\battery\battery33.jpg,battery
garbage_classification\metal\metal379.jpg,metal
garbage_classification\shoes\shoes77.jpg,shoes
garbage_classification\clothes\clothes1088.jpg,clothes
garbage_classification\biological\biological158.jpg,biological
garbage_classification\plastic\plastic832.jpg,plastic
garbage_classification\trash\trash565.jpg,trash
garbage_classification\clothes\clothes2433.jpg,clothes
garbage_classification\cardboard\cardboard583.jpg,cardboard
garbage_classification\white-glass\white-glass442.jpg,white-glass
garbage_classification\clothes\clothes1699.jpg,clothes
garbage_classification\green-glass\green-glass106.jpg,green-glass
garbage_classification\white-glass\white-glass375.jpg,white-glass
garbage_classification\trash\trash562.jpg,trash
garbage_classification\cardboard\cardboard394.jpg,cardboard
garbage_classification\clothes\clothes671.jpg,clothes
garbage_classification\clothes\clothes1276.jpg,clothes
garbage_classification\white-glass\white-glass385.jpg,white-glass
garbage_classification\clothes\clothes1519.jpg,clothes
garbage_classification\brown-glass\brown-glass329.jpg,brown-glass
garbage_classification\shoes\shoes152.jpg,shoes
garbage_classification\clothes\clothes909.jpg,clothes
garbage_classification\clothes\clothes2227.jpg,clothes
garbage_classification\white-glass\white-glass640.jpg,white-glass
garbage_classification\shoes\shoes1868.jpg,shoes
garbage_classification\paper\paper842.jpg,paper
garbage_classification\white-glass\white-glass657.jpg,white-glass
garbage_classification\clothes\clothes1762.jpg,clothes
garbage_classification\cardboard\cardboard164.jpg,cardboard
garbage_classification\white-glass\white-glass658.jpg,white-glass
garbage_classification\clothes\clothes3427.jpg,clothes
garbage_classification\clothes\clothes2065.jpg,clothes
garbage_classification\battery\battery281.jpg,battery
garbage_classification\green-glass\green-glass183.jpg,green-glass
garbage_classification\biological\biological692.jpg,biological
garbage_classification\clothes\clothes3518.jpg,clothes
garbage_classification\battery\battery721.jpg,battery
garbage_classification\trash\trash412.jpg,trash
garbage_classification\metal\metal381.jpg,metal
garbage_classification\clothes\clothes78.jpg,clothes
garbage_classification\clothes\clothes2096.jpg,clothes
garbage_classification\white-glass\white-glass55.jpg,white-glass
garbage_classification\clothes\clothes4764.jpg,clothes
garbage_classification\clothes\clothes4619.jpg,clothes
garbage_classification\clothes\clothes4221.jpg,clothes
garbage_classification\clothes\clothes2790.jpg,clothes
garbage_classification\shoes\shoes1401.jpg,shoes
garbage_classification\biological\biological668.jpg,biological
garbage_classification\shoes\shoes962.jpg,shoes
garbage_classification\cardboard\cardboard391.jpg,cardboard
garbage_classification\clothes\clothes3739.jpg,clothes
garbage_classification\shoes\shoes438.jpg,shoes
garbage_classification\cardboard\cardboard272.jpg,cardboard
garbage_classification\clothes\clothes1942.jpg,clothes
garbage_classification\clothes\clothes1485.jpg,clothes
garbage_classification\biological\biological847.jpg,biological
garbage_classification\white-glass\white-glass700.jpg,white-glass
garbage_classification\shoes\shoes944.jpg,shoes
garbage_classification\biological\biological302.jpg,biological
garbage_classification\cardboard\cardboard105.jpg,cardboard
garbage_classification\clothes\clothes3734.jpg,clothes
garbage_classification\trash\trash577.jpg,trash
garbage_classification\clothes\clothes1524.jpg,clothes
garbage_classification\white-glass\white-glass548.jpg,white-glass
garbage_classification\clothes\clothes3535.jpg,clothes
garbage_classification\clothes\clothes490.jpg,clothes
garbage_classification\clothes\clothes1290.jpg,clothes
garbage_classification\brown-glass\brown-glass553.jpg,brown-glass
garbage_classification\biological\biological798.jpg,biological
garbage_classification\cardboard\cardboard726.jpg,cardboard
garbage_classification\clothes\clothes4935.jpg,clothes
garbage_classification\clothes\clothes3241.jpg,clothes
garbage_classification\white-glass\white-glass165.jpg,white-glass
garbage_classification\clothes\clothes1078.jpg,clothes
garbage_classification\plastic\plastic827.jpg,plastic
garbage_classification\green-glass\green-glass537.jpg,green-glass
garbage_classification\trash\trash68.jpg,trash
garbage_classification\clothes\clothes1280.jpg,clothes
garbage_classification\cardboard\cardboard573.jpg,cardboard
garbage_classification\plastic\plastic5.jpg,plastic
garbage_classification\battery\battery147.jpg,battery
garbage_classification\metal\metal637.jpg,metal
garbage_classification\paper\paper494.jpg,paper
garbage_classification\clothes\clothes5161.jpg,clothes
garbage_classification\clothes\clothes2691.jpg,clothes
garbage_classification\green-glass\green-glass122.jpg,green-glass
garbage_classification\green-glass\green-glass231.jpg,green-glass
garbage_classification\clothes\clothes2167.jpg,clothes
garbage_classification\clothes\clothes4564.jpg,clothes
garbage_classification\clothes\clothes3267.jpg,clothes
garbage_classification\battery\battery384.jpg,battery
garbage_classification\clothes\clothes4470.jpg,clothes
garbage_classification\cardboard\cardboard659.jpg,cardboard
garbage_classification\paper\paper765.jpg,paper
garbage_classification\clothes\clothes3205.jpg,clothes
garbage_classification\trash\trash213.jpg,trash
garbage_classification\shoes\shoes1796.jpg,shoes
garbage_classification\metal\metal282.jpg,metal
garbage_classification\shoes\shoes1390.jpg,shoes
garbage_classification\paper\paper689.jpg,paper
garbage_classification\clothes\clothes1833.jpg,clothes
garbage_classification\shoes\shoes373.jpg,shoes
garbage_classification\biological\biological577.jpg,biological
garbage_classification\shoes\shoes133.jpg,shoes
garbage_classification\battery\battery481.jpg,battery
garbage_classification\clothes\clothes2067.jpg,clothes
garbage_classification\clothes\clothes2084.jpg,clothes
garbage_classification\clothes\clothes647.jpg,clothes
garbage_classification\battery\battery819.jpg,battery
garbage_classification\clothes\clothes3115.jpg,clothes
garbage_classification\cardboard\cardboard102.jpg,cardboard
garbage_classification\biological\biological498.jpg,biological
garbage_classification\battery\battery50.jpg,battery
garbage_classification\shoes\shoes1848.jpg,shoes
garbage_classification\battery\battery403.jpg,battery
garbage_classification\clothes\clothes4581.jpg,clothes
garbage_classification\clothes\clothes3233.jpg,clothes
garbage_classification\clothes\clothes1858.jpg,clothes
garbage_classification\trash\trash675.jpg,trash
garbage_classification\trash\trash430.jpg,trash
garbage_classification\clothes\clothes2332.jpg,clothes
garbage_classification\clothes\clothes4510.jpg,clothes
garbage_classification\shoes\shoes84.jpg,shoes
garbage_classification\clothes\clothes3189.jpg,clothes
garbage_classification\clothes\clothes3412.jpg,clothes
garbage_classification\cardboard\cardboard383.jpg,cardboard
garbage_classification\biological\biological638.jpg,biological
garbage_classification\cardboard\cardboard103.jpg,cardboard
garbage_classification\clothes\clothes4762.jpg,clothes
garbage_classification\clothes\clothes2457.jpg,clothes
garbage_classification\trash\trash106.jpg,trash
garbage_classification\cardboard\cardboard261.jpg,cardboard
garbage_classification\plastic\plastic19.jpg,plastic
garbage_classification\cardboard\cardboard91.jpg,cardboard
garbage_classification\shoes\shoes786.jpg,shoes
garbage_classification\clothes\clothes5294.jpg,clothes
garbage_classification\clothes\clothes5323.jpg,clothes
garbage_classification\clothes\clothes3888.jpg,clothes
garbage_classification\clothes\clothes3419.jpg,clothes
garbage_classification\clothes\clothes4500.jpg,clothes
garbage_classification\metal\metal627.jpg,metal
garbage_classification\clothes\clothes704.jpg,clothes
garbage_classification\clothes\clothes3539.jpg,clothes
garbage_classification\clothes\clothes3705.jpg,clothes
garbage_classification\trash\trash355.jpg,trash
garbage_classification\clothes\clothes356.jpg,clothes
garbage_classification\plastic\plastic54.jpg,plastic
garbage_classification\biological\biological305.jpg,biological
garbage_classification\cardboard\cardboard778.jpg,cardboard
garbage_classification\clothes\clothes3381.jpg,clothes
garbage_classification\clothes\clothes3572.jpg,clothes
garbage_classification\clothes\clothes3253.jpg,clothes
garbage_classification\shoes\shoes1759.jpg,shoes
garbage_classification\cardboard\cardboard636.jpg,cardboard
garbage_classification\clothes\clothes2477.jpg,clothes
garbage_classification\clothes\clothes83.jpg,clothes
garbage_classification\clothes\clothes2361.jpg,clothes
garbage_classification\biological\biological222.jpg,biological
garbage_classification\paper\paper369.jpg,paper
garbage_classification\biological\biological180.jpg,biological
garbage_classification\shoes\shoes254.jpg,shoes
garbage_classification\metal\metal108.jpg,metal
garbage_classification\battery\battery90.jpg,battery
garbage_classification\clothes\clothes3367.jpg,clothes
garbage_classification\clothes\clothes4628.jpg,clothes
garbage_classification\cardboard\cardboard277.jpg,cardboard
garbage_classification\battery\battery379.jpg,battery
garbage_classification\shoes\shoes1952.jpg,shoes
garbage_classification\trash\trash586.jpg,trash
garbage_classification\clothes\clothes781.jpg,clothes
garbage_classification\clothes\clothes852.jpg,clothes
garbage_classification\clothes\clothes327.jpg,clothes
garbage_classification\brown-glass\brown-glass185.jpg,brown-glass
garbage_classification\cardboard\cardboard61.jpg,cardboard
garbage_classification\biological\biological250.jpg,biological
garbage_classification\clothes\clothes2908.jpg,clothes
garbage_classification\plastic\plastic320.jpg,plastic
garbage_classification\plastic\plastic423.jpg,plastic
garbage_classification\shoes\shoes444.jpg,shoes
garbage_classification\clothes\clothes3796.jpg,clothes
garbage_classification\clothes\clothes2147.jpg,clothes
garbage_classification\battery\battery156.jpg,battery
garbage_classification\clothes\clothes816.jpg,clothes
garbage_classification\shoes\shoes1605.jpg,shoes
garbage_classification\paper\paper651.jpg,paper
garbage_classification\brown-glass\brown-glass100.jpg,brown-glass
garbage_classification\shoes\shoes967.jpg,shoes
garbage_classification\clothes\clothes3774.jpg,clothes
garbage_classification\clothes\clothes1031.jpg,clothes
garbage_classification\clothes\clothes2318.jpg,clothes
garbage_classification\clothes\clothes4462.jpg,clothes
garbage_classification\clothes\clothes918.jpg,clothes
garbage_classification\clothes\clothes2038.jpg,clothes
garbage_classification\brown-glass\brown-glass438.jpg,brown-glass
garbage_classification\shoes\shoes879.jpg,shoes
garbage_classification\trash\trash422.jpg,trash
garbage_classification\plastic\plastic46.jpg,plastic
garbage_classification\clothes\clothes3027.jpg,clothes
garbage_classification\clothes\clothes742.jpg,clothes
garbage_classification\clothes\clothes2896.jpg,clothes
garbage_classification\paper\paper28.jpg,paper
garbage_classification\clothes\clothes1190.jpg,clothes
garbage_classification\shoes\shoes36.jpg,shoes
garbage_classification\clothes\clothes5230.jpg,clothes
garbage_classification\battery\battery438.jpg,battery
garbage_classification\battery\battery173.jpg,battery
garbage_classification\clothes\clothes41.jpg,clothes
garbage_classification\cardboard\cardboard252.jpg,cardboard
garbage_classification\clothes\clothes1420.jpg,clothes
garbage_classification\green-glass\green-glass488.jpg,green-glass
garbage_classification\green-glass\green-glass173.jpg,green-glass
garbage_classification\brown-glass\brown-glass515.jpg,brown-glass
garbage_classification\shoes\shoes1646.jpg,shoes
garbage_classification\cardboard\cardboard121.jpg,cardboard
garbage_classification\cardboard\cardboard34.jpg,cardboard
garbage_classification\plastic\plastic808.jpg,plastic
garbage_classification\clothes\clothes614.jpg,clothes
garbage_classification\clothes\clothes1692.jpg,clothes
garbage_classification\battery\battery556.jpg,battery
garbage_classification\clothes\clothes358.jpg,clothes
garbage_classification\shoes\shoes157.jpg,shoes
garbage_classification\battery\battery486.jpg,battery
garbage_classification\clothes\clothes468.jpg,clothes
garbage_classification\battery\battery275.jpg,battery
garbage_classification\metal\metal309.jpg,metal
garbage_classification\battery\battery671.jpg,battery
garbage_classification\brown-glass\brown-glass197.jpg,brown-glass
garbage_classification\clothes\clothes3689.jpg,clothes
garbage_classification\clothes\clothes1659.jpg,clothes
garbage_classification\clothes\clothes5207.jpg,clothes
garbage_classification\clothes\clothes2374.jpg,clothes
garbage_classification\clothes\clothes297.jpg,clothes
garbage_classification\trash\trash189.jpg,trash
garbage_classification\clothes\clothes4137.jpg,clothes
garbage_classification\brown-glass\brown-glass117.jpg,brown-glass
garbage_classification\plastic\plastic817.jpg,plastic
garbage_classification\cardboard\cardboard730.jpg,cardboard
garbage_classification\paper\paper269.jpg,paper
garbage_classification\brown-glass\brown-glass418.jpg,brown-glass
garbage_classification\clothes\clothes5023.jpg,clothes
garbage_classification\clothes\clothes204.jpg,clothes
garbage_classification\cardboard\cardboard784.jpg,cardboard
garbage_classification\shoes\shoes172.jpg,shoes
garbage_classification\shoes\shoes1946.jpg,shoes
garbage_classification\clothes\clothes3723.jpg,clothes
garbage_classification\plastic\plastic245.jpg,plastic
garbage_classification\biological\biological776.jpg,biological
garbage_classification\shoes\shoes1109.jpg,shoes
garbage_classification\clothes\clothes4197.jpg,clothes
garbage_classification\clothes\clothes3698.jpg,clothes
garbage_classification\shoes\shoes226.jpg,shoes
garbage_classification\plastic\plastic7.jpg,plastic
garbage_classification\shoes\shoes1181.jpg,shoes
garbage_classification\plastic\plastic642.jpg,plastic
garbage_classification\battery\battery670.jpg,battery
garbage_classification\brown-glass\brown-glass257.jpg,brown-glass
garbage_classification\shoes\shoes488.jpg,shoes
garbage_classification\clothes\clothes175.jpg,clothes
garbage_classification\clothes\clothes5127.jpg,clothes
garbage_classification\clothes\clothes2714.jpg,clothes
garbage_classification\metal\metal768.jpg,metal
garbage_classification\white-glass\white-glass621.jpg,white-glass
garbage_classification\clothes\clothes4844.jpg,clothes
garbage_classification\cardboard\cardboard356.jpg,cardboard
garbage_classification\clothes\clothes4588.jpg,clothes
garbage_classification\paper\paper743.jpg,paper
garbage_classification\biological\biological410.jpg,biological
garbage_classification\plastic\plastic110.jpg,plastic
garbage_classification\white-glass\white-glass239.jpg,white-glass
garbage_classification\clothes\clothes653.jpg,clothes
garbage_classification\green-glass\green-glass440.jpg,green-glass
garbage_classification\cardboard\cardboard875.jpg,cardboard
garbage_classification\metal\metal342.jpg,metal
garbage_classification\clothes\clothes915.jpg,clothes
garbage_classification\clothes\clothes151.jpg,clothes
garbage_classification\clothes\clothes1291.jpg,clothes
garbage_classification\biological\biological521.jpg,biological
garbage_classification\clothes\clothes2844.jpg,clothes
garbage_classification\shoes\shoes660.jpg,shoes
garbage_classification\trash\trash229.jpg,trash
garbage_classification\cardboard\cardboard340.jpg,cardboard
garbage_classification\shoes\shoes939.jpg,shoes
garbage_classification\white-glass\white-glass408.jpg,white-glass
garbage_classification\clothes\clothes668.jpg,clothes
garbage_classification\trash\trash653.jpg,trash
garbage_classification\clothes\clothes3744.jpg,clothes
garbage_classification\shoes\shoes274.jpg,shoes
garbage_classification\clothes\clothes1678.jpg,clothes
garbage_classification\biological\biological806.jpg,biological
garbage_classification\clothes\clothes1158.jpg,clothes
garbage_classification\clothes\clothes724.jpg,clothes
garbage_classification\brown-glass\brown-glass461.jpg,brown-glass
garbage_classification\clothes\clothes3863.jpg,clothes
garbage_classification\battery\battery886.jpg,battery
garbage_classification\shoes\shoes1769.jpg,shoes
garbage_classification\clothes\clothes1049.jpg,clothes
garbage_classification\green-glass\green-glass411.jpg,green-glass
garbage_classification\shoes\shoes135.jpg,shoes
garbage_classification\biological\biological526.jpg,biological
garbage_classification\battery\battery158.jpg,battery
garbage_classification\paper\paper242.jpg,paper
garbage_classification\clothes\clothes4496.jpg,clothes
garbage_classification\clothes\clothes440.jpg,clothes
garbage_classification\shoes\shoes1917.jpg,shoes
garbage_classification\clothes\clothes912.jpg,clothes
garbage_classification\metal\metal752.jpg,metal
garbage_classification\biological\biological391.jpg,biological
garbage_classification\shoes\shoes161.jpg,shoes
garbage_classification\clothes\clothes2705.jpg,clothes
garbage_classification\clothes\clothes5038.jpg,clothes
garbage_classification\shoes\shoes1634.jpg,shoes
garbage_classification\green-glass\green-glass135.jpg,green-glass
garbage_classification\shoes\shoes268.jpg,shoes
garbage_classification\clothes\clothes227.jpg,clothes
garbage_classification\paper\paper863.jpg,paper
garbage_classification\cardboard\cardboard53.jpg,cardboard
garbage_classification\battery\battery641.jpg,battery
garbage_classification\clothes\clothes4881.jpg,clothes
garbage_classification\clothes\clothes1428.jpg,clothes
garbage_classification\clothes\clothes2425.jpg,clothes
garbage_classification\shoes\shoes739.jpg,shoes
garbage_classification\white-glass\white-glass641.jpg,white-glass
garbage_classification\metal\metal312.jpg,metal
garbage_classification\clothes\clothes1460.jpg,clothes
garbage_classification\paper\paper520.jpg,paper
garbage_classification\cardboard\cardboard609.jpg,cardboard
garbage_classification\shoes\shoes1618.jpg,shoes
garbage_classification\clothes\clothes723.jpg,clothes
garbage_classification\cardboard\cardboard279.jpg,cardboard
garbage_classification\clothes\clothes2460.jpg,clothes
garbage_classification\battery\battery596.jpg,battery
garbage_classification\clothes\clothes3602.jpg,clothes
garbage_classification\battery\battery815.jpg,battery
garbage_classification\trash\trash7.jpg,trash
garbage_classification\clothes\clothes4241.jpg,clothes
garbage_classification\clothes\clothes5184.jpg,clothes
garbage_classification\cardboard\cardboard7.jpg,cardboard
garbage_classification\metal\metal270.jpg,metal
garbage_classification\battery\battery779.jpg,battery
garbage_classification\clothes\clothes3471.jpg,clothes
garbage_classification\clothes\clothes5325.jpg,clothes
garbage_classification\green-glass\green-glass94.jpg,green-glass
garbage_classification\shoes\shoes1204.jpg,shoes
garbage_classification\green-glass\green-glass21.jpg,green-glass
garbage_classification\battery\battery928.jpg,battery
garbage_classification\metal\metal114.jpg,metal
garbage_classification\battery\battery719.jpg,battery
garbage_classification\cardboard\cardboard249.jpg,cardboard
garbage_classification\plastic\plastic511.jpg,plastic
garbage_classification\green-glass\green-glass480.jpg,green-glass
garbage_classification\battery\battery240.jpg,battery
garbage_classification\shoes\shoes1555.jpg,shoes
garbage_classification\clothes\clothes3262.jpg,clothes
garbage_classification\battery\battery579.jpg,battery
garbage_classification\clothes\clothes4642.jpg,clothes
garbage_classification\metal\metal376.jpg,metal
garbage_classification\trash\trash352.jpg,trash
garbage_classification\white-glass\white-glass535.jpg,white-glass
garbage_classification\clothes\clothes2303.jpg,clothes
garbage_classification\white-glass\white-glass542.jpg,white-glass
garbage_classification\clothes\clothes859.jpg,clothes
garbage_classification\clothes\clothes3702.jpg,clothes
garbage_classification\battery\battery410.jpg,battery
garbage_classification\shoes\shoes821.jpg,shoes
garbage_classification\trash\trash228.jpg,trash
garbage_classification\clothes\clothes3238.jpg,clothes
garbage_classification\clothes\clothes1040.jpg,clothes
garbage_classification\clothes\clothes4871.jpg,clothes
garbage_classification\white-glass\white-glass49.jpg,white-glass
garbage_classification\brown-glass\brown-glass513.jpg,brown-glass
garbage_classification\clothes\clothes4883.jpg,clothes
garbage_classification\clothes\clothes164.jpg,clothes
garbage_classification\shoes\shoes979.jpg,shoes
garbage_classification\shoes\shoes1079.jpg,shoes
garbage_classification\cardboard\cardboard593.jpg,cardboard
garbage_classification\paper\paper1027.jpg,paper
garbage_classification\plastic\plastic73.jpg,plastic
garbage_classification\plastic\plastic553.jpg,plastic
garbage_classification\metal\metal432.jpg,metal
garbage_classification\clothes\clothes719.jpg,clothes
garbage_classification\clothes\clothes4369.jpg,clothes
garbage_classification\brown-glass\brown-glass358.jpg,brown-glass
garbage_classification\battery\battery152.jpg,battery
garbage_classification\clothes\clothes1763.jpg,clothes
garbage_classification\biological\biological585.jpg,biological
garbage_classification\shoes\shoes24.jpg,shoes
garbage_classification\clothes\clothes3713.jpg,clothes
garbage_classification\clothes\clothes4992.jpg,clothes
garbage_classification\cardboard\cardboard145.jpg,cardboard
garbage_classification\battery\battery485.jpg,battery
garbage_classification\green-glass\green-glass572.jpg,green-glass
garbage_classification\battery\battery210.jpg,battery
garbage_classification\shoes\shoes320.jpg,shoes
garbage_classification\brown-glass\brown-glass127.jpg,brown-glass
garbage_classification\shoes\shoes1404.jpg,shoes
garbage_classification\shoes\shoes1098.jpg,shoes
garbage_classification\biological\biological928.jpg,biological
garbage_classification\clothes\clothes277.jpg,clothes
garbage_classification\brown-glass\brown-glass453.jpg,brown-glass
garbage_classification\cardboard\cardboard419.jpg,cardboard
garbage_classification\clothes\clothes1929.jpg,clothes
garbage_classification\clothes\clothes1166.jpg,clothes
garbage_classification\white-glass\white-glass639.jpg,white-glass
garbage_classification\metal\metal481.jpg,metal
garbage_classification\metal\metal258.jpg,metal
garbage_classification\battery\battery583.jpg,battery
garbage_classification\cardboard\cardboard680.jpg,cardboard
garbage_classification\biological\biological723.jpg,biological
garbage_classification\green-glass\green-glass373.jpg,green-glass
garbage_classification\cardboard\cardboard537.jpg,cardboard
garbage_classification\clothes\clothes371.jpg,clothes
garbage_classification\paper\paper833.jpg,paper
garbage_classification\clothes\clothes2527.jpg,clothes
garbage_classification\clothes\clothes1680.jpg,clothes
garbage_classification\biological\biological202.jpg,biological
garbage_classification\clothes\clothes3303.jpg,clothes
garbage_classification\green-glass\green-glass320.jpg,green-glass
garbage_classification\clothes\clothes1200.jpg,clothes
garbage_classification\clothes\clothes764.jpg,clothes
garbage_classification\battery\battery672.jpg,battery
garbage_classification\clothes\clothes222.jpg,clothes
garbage_classification\clothes\clothes1703.jpg,clothes
garbage_classification\clothes\clothes4002.jpg,clothes
garbage_classification\brown-glass\brown-glass31.jpg,brown-glass
garbage_classification\clothes\clothes1777.jpg,clothes
garbage_classification\clothes\clothes462.jpg,clothes
garbage_classification\plastic\plastic121.jpg,plastic
garbage_classification\clothes\clothes4954.jpg,clothes
garbage_classification\shoes\shoes774.jpg,shoes
garbage_classification\cardboard\cardboard873.jpg,cardboard
garbage_classification\paper\paper378.jpg,paper
garbage_classification\white-glass\white-glass147.jpg,white-glass
garbage_classification\shoes\shoes1187.jpg,shoes
garbage_classification\metal\metal299.jpg,metal
garbage_classification\clothes\clothes1359.jpg,clothes
garbage_classification\plastic\plastic767.jpg,plastic
garbage_classification\battery\battery659.jpg,battery
garbage_classification\plastic\plastic100.jpg,plastic
garbage_classification\clothes\clothes2841.jpg,clothes
garbage_classification\cardboard\cardboard13.jpg,cardboard
garbage_classification\biological\biological58.jpg,biological
garbage_classification\clothes\clothes3177.jpg,clothes
garbage_classification\clothes\clothes4870.jpg,clothes
garbage_classification\battery\battery817.jpg,battery
garbage_classification\green-glass\green-glass408.jpg,green-glass
garbage_classification\paper\paper298.jpg,paper
garbage_classification\clothes\clothes4602.jpg,clothes
garbage_classification\shoes\shoes1177.jpg,shoes
garbage_classification\shoes\shoes699.jpg,shoes
garbage_classification\trash\trash478.jpg,trash
garbage_classification\battery\battery654.jpg,battery
garbage_classification\biological\biological396.jpg,biological
garbage_classification\clothes\clothes1494.jpg,clothes
garbage_classification\cardboard\cardboard233.jpg,cardboard
garbage_classification\white-glass\white-glass258.jpg,white-glass
garbage_classification\paper\paper11.jpg,paper
garbage_classification\shoes\shoes70.jpg,shoes
garbage_classification\shoes\shoes1438.jpg,shoes
garbage_classification\metal\metal56.jpg,metal
garbage_classification\clothes\clothes570.jpg,clothes
garbage_classification\cardboard\cardboard182.jpg,cardboard
garbage_classification\clothes\clothes135.jpg,clothes
garbage_classification\shoes\shoes1348.jpg,shoes
garbage_classification\trash\trash181.jpg,trash
garbage_classification\paper\paper200.jpg,paper
garbage_classification\brown-glass\brown-glass486.jpg,brown-glass
garbage_classification\brown-glass\brown-glass146.jpg,brown-glass
garbage_classification\shoes\shoes364.jpg,shoes
garbage_classification\cardboard\cardboard545.jpg,cardboard
garbage_classification\biological\biological579.jpg,biological
garbage_classification\metal\metal356.jpg,metal
garbage_classification\trash\trash547.jpg,trash
garbage_classification\clothes\clothes1724.jpg,clothes
garbage_classification\metal\metal599.jpg,metal
garbage_classification\clothes\clothes3514.jpg,clothes
garbage_classification\brown-glass\brown-glass338.jpg,brown-glass
garbage_classification\shoes\shoes1904.jpg,shoes
garbage_classification\biological\biological198.jpg,biological
garbage_classification\white-glass\white-glass702.jpg,white-glass
garbage_classification\clothes\clothes2292.jpg,clothes
garbage_classification\cardboard\cardboard769.jpg,cardboard
garbage_classification\clothes\clothes3445.jpg,clothes
garbage_classification\clothes\clothes561.jpg,clothes
garbage_classification\cardboard\cardboard204.jpg,cardboard
garbage_classification\clothes\clothes2930.jpg,clothes
garbage_classification\shoes\shoes1395.jpg,shoes
garbage_classification\clothes\clothes3923.jpg,clothes
garbage_classification\clothes\clothes734.jpg,clothes
garbage_classification\green-glass\green-glass570.jpg,green-glass
garbage_classification\shoes\shoes773.jpg,shoes
garbage_classification\trash\trash395.jpg,trash
garbage_classification\clothes\clothes1064.jpg,clothes
garbage_classification\clothes\clothes1445.jpg,clothes
garbage_classification\clothes\clothes1528.jpg,clothes
garbage_classification\trash\trash203.jpg,trash
garbage_classification\clothes\clothes5055.jpg,clothes
garbage_classification\white-glass\white-glass352.jpg,white-glass
garbage_classification\clothes\clothes4192.jpg,clothes
garbage_classification\paper\paper1032.jpg,paper
garbage_classification\clothes\clothes182.jpg,clothes
garbage_classification\shoes\shoes1135.jpg,shoes
garbage_classification\clothes\clothes1066.jpg,clothes
garbage_classification\shoes\shoes495.jpg,shoes
garbage_classification\clothes\clothes1840.jpg,clothes
garbage_classification\clothes\clothes3905.jpg,clothes
garbage_classification\shoes\shoes262.jpg,shoes
garbage_classification\biological\biological444.jpg,biological
garbage_classification\trash\trash38.jpg,trash
garbage_classification\clothes\clothes2326.jpg,clothes
garbage_classification\clothes\clothes4973.jpg,clothes
garbage_classification\white-glass\white-glass734.jpg,white-glass
garbage_classification\clothes\clothes4211.jpg,clothes
garbage_classification\clothes\clothes1011.jpg,clothes
garbage_classification\trash\trash230.jpg,trash
garbage_classification\clothes\clothes5012.jpg,clothes
garbage_classification\clothes\clothes5212.jpg,clothes
garbage_classification\plastic\plastic501.jpg,plastic
garbage_classification\battery\battery167.jpg,battery
garbage_classification\shoes\shoes578.jpg,shoes
garbage_classification\white-glass\white-glass549.jpg,white-glass
garbage_classification\cardboard\cardboard95.jpg,cardboard
garbage_classification\clothes\clothes1783.jpg,clothes
garbage_classification\shoes\shoes822.jpg,shoes
garbage_classification\clothes\clothes2516.jpg,clothes
garbage_classification\shoes\shoes510.jpg,shoes
garbage_classification\plastic\plastic246.jpg,plastic
garbage_classification\clothes\clothes2918.jpg,clothes
garbage_classification\shoes\shoes1660.jpg,shoes
garbage_classification\clothes\clothes2512.jpg,clothes
garbage_classification\white-glass\white-glass642.jpg,white-glass
garbage_classification\clothes\clothes2921.jpg,clothes
garbage_classification\clothes\clothes5226.jpg,clothes
garbage_classification\paper\paper307.jpg,paper
garbage_classification\clothes\clothes2945.jpg,clothes
garbage_classification\trash\trash248.jpg,trash
garbage_classification\paper\paper1026.jpg,paper
garbage_classification\biological\biological595.jpg,biological
garbage_classification\plastic\plastic851.jpg,plastic
garbage_classification\green-glass\green-glass228.jpg,green-glass
garbage_classification\battery\battery639.jpg,battery
garbage_classification\trash\trash615.jpg,trash
garbage_classification\green-glass\green-glass281.jpg,green-glass
garbage_classification\clothes\clothes3257.jpg,clothes
garbage_classification\clothes\clothes2692.jpg,clothes
garbage_classification\trash\trash205.jpg,trash
garbage_classification\shoes\shoes688.jpg,shoes
garbage_classification\cardboard\cardboard715.jpg,cardboard
garbage_classification\shoes\shoes9.jpg,shoes
garbage_classification\biological\biological544.jpg,biological
garbage_classification\brown-glass\brown-glass199.jpg,brown-glass
garbage_classification\clothes\clothes731.jpg,clothes
garbage_classification\clothes\clothes1922.jpg,clothes
garbage_classification\white-glass\white-glass288.jpg,white-glass
garbage_classification\clothes\clothes1127.jpg,clothes
garbage_classification\clothes\clothes1639.jpg,clothes
garbage_classification\clothes\clothes2273.jpg,clothes
garbage_classification\clothes\clothes2724.jpg,clothes
garbage_classification\shoes\shoes1396.jpg,shoes
garbage_classification\trash\trash607.jpg,trash
garbage_classification\clothes\clothes4625.jpg,clothes
garbage_classification\paper\paper725.jpg,paper
garbage_classification\clothes\clothes2936.jpg,clothes
garbage_classification\cardboard\cardboard184.jpg,cardboard
garbage_classification\biological\biological125.jpg,biological
garbage_classification\clothes\clothes147.jpg,clothes
garbage_classification\shoes\shoes513.jpg,shoes
garbage_classification\clothes\clothes4837.jpg,clothes
garbage_classification\clothes\clothes4286.jpg,clothes
garbage_classification\clothes\clothes3709.jpg,clothes
garbage_classification\clothes\clothes4646.jpg,clothes
garbage_classification\plastic\plastic317.jpg,plastic
garbage_classification\white-glass\white-glass731.jpg,white-glass
garbage_classification\cardboard\cardboard789.jpg,cardboard
garbage_classification\metal\metal131.jpg,metal
garbage_classification\clothes\clothes2309.jpg,clothes
garbage_classification\clothes\clothes4327.jpg,clothes
garbage_classification\cardboard\cardboard724.jpg,cardboard
garbage_classification\trash\trash538.jpg,trash
garbage_classification\plastic\plastic576.jpg,plastic
garbage_classification\clothes\clothes5011.jpg,clothes
garbage_classification\plastic\plastic382.jpg,plastic
garbage_classification\clothes\clothes282.jpg,clothes
garbage_classification\green-glass\green-glass53.jpg,green-glass
garbage_classification\clothes\clothes1748.jpg,clothes
garbage_classification\battery\battery493.jpg,battery
garbage_classification\clothes\clothes1947.jpg,clothes
garbage_classification\shoes\shoes1492.jpg,shoes
garbage_classification\shoes\shoes827.jpg,shoes
garbage_classification\metal\metal143.jpg,metal
garbage_classification\biological\biological12.jpg,biological
garbage_classification\biological\biological10.jpg,biological
garbage_classification\clothes\clothes824.jpg,clothes
garbage_classification\trash\trash294.jpg,trash
garbage_classification\clothes\clothes1503.jpg,clothes
garbage_classification\biological\biological436.jpg,biological
garbage_classification\clothes\clothes3364.jpg,clothes
garbage_classification\cardboard\cardboard584.jpg,cardboard
garbage_classification\shoes\shoes1414.jpg,shoes
garbage_classification\clothes\clothes4982.jpg,clothes
garbage_classification\paper\paper754.jpg,paper
garbage_classification\clothes\clothes1650.jpg,clothes
garbage_classification\shoes\shoes1739.jpg,shoes
garbage_classification\trash\trash109.jpg,trash
garbage_classification\clothes\clothes3085.jpg,clothes
garbage_classification\shoes\shoes1207.jpg,shoes
garbage_classification\battery\battery250.jpg,battery
garbage_classification\clothes\clothes3991.jpg,clothes
garbage_classification\biological\biological925.jpg,biological
garbage_classification\shoes\shoes1129.jpg,shoes
garbage_classification\shoes\shoes16.jpg,shoes
garbage_classification\brown-glass\brown-glass562.jpg,brown-glass
garbage_classification\biological\biological982.jpg,biological
garbage_classification\battery\battery100.jpg,battery
garbage_classification\battery\battery202.jpg,battery
garbage_classification\clothes\clothes1940.jpg,clothes
garbage_classification\biological\biological397.jpg,biological
garbage_classification\shoes\shoes825.jpg,shoes
garbage_classification\metal\metal470.jpg,metal
garbage_classification\clothes\clothes3778.jpg,clothes
garbage_classification\shoes\shoes1238.jpg,shoes
garbage_classification\brown-glass\brown-glass586.jpg,brown-glass
garbage_classification\paper\paper630.jpg,paper
garbage_classification\clothes\clothes1056.jpg,clothes
garbage_classification\paper\paper71.jpg,paper
garbage_classification\green-glass\green-glass410.jpg,green-glass
garbage_classification\white-glass\white-glass666.jpg,white-glass
garbage_classification\trash\trash3.jpg,trash
garbage_classification\clothes\clothes1637.jpg,clothes
garbage_classification\cardboard\cardboard355.jpg,cardboard
garbage_classification\clothes\clothes2769.jpg,clothes
garbage_classification\clothes\clothes4603.jpg,clothes
garbage_classification\biological\biological634.jpg,biological
garbage_classification\shoes\shoes735.jpg,shoes
garbage_classification\clothes\clothes3331.jpg,clothes
garbage_classification\clothes\clothes3125.jpg,clothes
garbage_classification\brown-glass\brown-glass398.jpg,brown-glass
garbage_classification\battery\battery945.jpg,battery
garbage_classification\clothes\clothes68.jpg,clothes
garbage_classification\brown-glass\brown-glass55.jpg,brown-glass
garbage_classification\clothes\clothes2468.jpg,clothes
garbage_classification\biological\biological260.jpg,biological
garbage_classification\plastic\plastic368.jpg,plastic
garbage_classification\clothes\clothes4610.jpg,clothes
garbage_classification\clothes\clothes4820.jpg,clothes
garbage_classification\clothes\clothes4409.jpg,clothes
garbage_classification\clothes\clothes1211.jpg,clothes
garbage_classification\plastic\plastic1.jpg,plastic
garbage_classification\clothes\clothes597.jpg,clothes
garbage_classification\white-glass\white-glass398.jpg,white-glass
garbage_classification\green-glass\green-glass624.jpg,green-glass
garbage_classification\shoes\shoes766.jpg,shoes
garbage_classification\white-glass\white-glass474.jpg,white-glass
garbage_classification\white-glass\white-glass424.jpg,white-glass
garbage_classification\clothes\clothes2122.jpg,clothes
garbage_classification\cardboard\cardboard167.jpg,cardboard
garbage_classification\clothes\clothes1427.jpg,clothes
garbage_classification\biological\biological432.jpg,biological
garbage_classification\shoes\shoes278.jpg,shoes
garbage_classification\clothes\clothes3716.jpg,clothes
garbage_classification\shoes\shoes1040.jpg,shoes
garbage_classification\white-glass\white-glass226.jpg,white-glass
garbage_classification\plastic\plastic258.jpg,plastic
garbage_classification\clothes\clothes2892.jpg,clothes
garbage_classification\battery\battery441.jpg,battery
garbage_classification\clothes\clothes4485.jpg,clothes
garbage_classification\clothes\clothes699.jpg,clothes
garbage_classification\green-glass\green-glass123.jpg,green-glass
garbage_classification\green-glass\green-glass201.jpg,green-glass
garbage_classification\metal\metal491.jpg,metal
garbage_classification\cardboard\cardboard457.jpg,cardboard
garbage_classification\paper\paper114.jpg,paper
garbage_classification\shoes\shoes266.jpg,shoes
garbage_classification\biological\biological298.jpg,biological
garbage_classification\paper\paper767.jpg,paper
garbage_classification\white-glass\white-glass691.jpg,white-glass
garbage_classification\clothes\clothes3287.jpg,clothes
garbage_classification\biological\biological683.jpg,biological
garbage_classification\paper\paper366.jpg,paper
garbage_classification\clothes\clothes5045.jpg,clothes
garbage_classification\shoes\shoes1887.jpg,shoes
garbage_classification\battery\battery85.jpg,battery
garbage_classification\clothes\clothes1826.jpg,clothes
garbage_classification\battery\battery204.jpg,battery
garbage_classification\clothes\clothes2677.jpg,clothes
garbage_classification\green-glass\green-glass214.jpg,green-glass
garbage_classification\cardboard\cardboard469.jpg,cardboard
garbage_classification\paper\paper175.jpg,paper
garbage_classification\trash\trash147.jpg,trash
garbage_classification\shoes\shoes751.jpg,shoes
garbage_classification\clothes\clothes1026.jpg,clothes
garbage_classification\shoes\shoes1078.jpg,shoes
garbage_classification\clothes\clothes4030.jpg,clothes
garbage_classification\battery\battery364.jpg,battery
garbage_classification\clothes\clothes4168.jpg,clothes
garbage_classification\clothes\clothes235.jpg,clothes
garbage_classification\white-glass\white-glass364.jpg,white-glass
garbage_classification\shoes\shoes486.jpg,shoes
garbage_classification\white-glass\white-glass543.jpg,white-glass
garbage_classification\shoes\shoes1817.jpg,shoes
garbage_classification\clothes\clothes1380.jpg,clothes
garbage_classification\clothes\clothes3731.jpg,clothes
garbage_classification\brown-glass\brown-glass534.jpg,brown-glass
garbage_classification\shoes\shoes1682.jpg,shoes
garbage_classification\clothes\clothes2686.jpg,clothes
garbage_classification\plastic\plastic371.jpg,plastic
garbage_classification\cardboard\cardboard823.jpg,cardboard
garbage_classification\clothes\clothes2997.jpg,clothes
garbage_classification\brown-glass\brown-glass24.jpg,brown-glass
garbage_classification\clothes\clothes1001.jpg,clothes
garbage_classification\green-glass\green-glass415.jpg,green-glass
garbage_classification\shoes\shoes955.jpg,shoes
garbage_classification\battery\battery205.jpg,battery
garbage_classification\battery\battery262.jpg,battery
garbage_classification\paper\paper950.jpg,paper
garbage_classification\metal\metal717.jpg,metal
garbage_classification\clothes\clothes295.jpg,clothes
garbage_classification\biological\biological3.jpg,biological
garbage_classification\trash\trash233.jpg,trash
garbage_classification\shoes\shoes515.jpg,shoes
garbage_classification\clothes\clothes798.jpg,clothes
garbage_classification\battery\battery351.jpg,battery
garbage_classification\biological\biological188.jpg,biological
garbage_classification\shoes\shoes398.jpg,shoes
garbage_classification\brown-glass\brown-glass154.jpg,brown-glass
garbage_classification\biological\biological557.jpg,biological
garbage_classification\clothes\clothes4146.jpg,clothes
garbage_classification\clothes\clothes3022.jpg,clothes
garbage_classification\trash\trash340.jpg,trash
garbage_classification\paper\paper1015.jpg,paper
garbage_classification\clothes\clothes1132.jpg,clothes
garbage_classification\brown-glass\brown-glass64.jpg,brown-glass
garbage_classification\plastic\plastic207.jpg,plastic
garbage_classification\white-glass\white-glass715.jpg,white-glass
garbage_classification\clothes\clothes4836.jpg,clothes
garbage_classification\clothes\clothes3493.jpg,clothes
garbage_classification\plastic\plastic800.jpg,plastic
garbage_classification\white-glass\white-glass292.jpg,white-glass
garbage_classification\clothes\clothes1822.jpg,clothes
garbage_classification\white-glass\white-glass291.jpg,white-glass
garbage_classification\plastic\plastic194.jpg,plastic
garbage_classification\shoes\shoes1839.jpg,shoes
garbage_classification\plastic\plastic156.jpg,plastic
garbage_classification\plastic\plastic410.jpg,plastic
garbage_classification\clothes\clothes1269.jpg,clothes
garbage_classification\white-glass\white-glass281.jpg,white-glass
garbage_classification\clothes\clothes2706.jpg,clothes
garbage_classification\white-glass\white-glass536.jpg,white-glass
garbage_classification\paper\paper1040.jpg,paper
garbage_classification\clothes\clothes1085.jpg,clothes
garbage_classification\biological\biological454.jpg,biological
garbage_classification\white-glass\white-glass725.jpg,white-glass
garbage_classification\metal\metal400.jpg,metal
garbage_classification\trash\trash138.jpg,trash
garbage_classification\green-glass\green-glass456.jpg,green-glass
garbage_classification\green-glass\green-glass328.jpg,green-glass
garbage_classification\clothes\clothes4009.jpg,clothes
garbage_classification\biological\biological901.jpg,biological
garbage_classification\clothes\clothes273.jpg,clothes
garbage_classification\plastic\plastic175.jpg,plastic
garbage_classification\paper\paper526.jpg,paper
garbage_classification\metal\metal252.jpg,metal
garbage_classification\clothes\clothes812.jpg,clothes
garbage_classification\clothes\clothes1149.jpg,clothes
garbage_classification\cardboard\cardboard552.jpg,cardboard
garbage_classification\paper\paper381.jpg,paper
garbage_classification\paper\paper333.jpg,paper
garbage_classification\clothes\clothes4921.jpg,clothes
garbage_classification\brown-glass\brown-glass323.jpg,brown-glass
garbage_classification\clothes\clothes4451.jpg,clothes
garbage_classification\clothes\clothes2099.jpg,clothes
garbage_classification\shoes\shoes1130.jpg,shoes
garbage_classification\plastic\plastic702.jpg,plastic
garbage_classification\green-glass\green-glass571.jpg,green-glass
garbage_classification\paper\paper295.jpg,paper
garbage_classification\plastic\plastic171.jpg,plastic
garbage_classification\biological\biological741.jpg,biological
garbage_classification\white-glass\white-glass550.jpg,white-glass
garbage_classification\plastic\plastic372.jpg,plastic
garbage_classification\cardboard\cardboard683.jpg,cardboard
garbage_classification\clothes\clothes1923.jpg,clothes
garbage_classification\paper\paper493.jpg,paper
garbage_classification\clothes\clothes1792.jpg,clothes
garbage_classification\shoes\shoes650.jpg,shoes
garbage_classification\shoes\shoes1005.jpg,shoes
garbage_classification\battery\battery162.jpg,battery
garbage_classification\metal\metal684.jpg,metal
garbage_classification\plastic\plastic779.jpg,plastic
garbage_classification\shoes\shoes121.jpg,shoes
garbage_classification\clothes\clothes345.jpg,clothes
garbage_classification\clothes\clothes5304.jpg,clothes
garbage_classification\plastic\plastic190.jpg,plastic
garbage_classification\white-glass\white-glass505.jpg,white-glass
garbage_classification\shoes\shoes1029.jpg,shoes
garbage_classification\paper\paper686.jpg,paper
garbage_classification\paper\paper997.jpg,paper
garbage_classification\clothes\clothes44.jpg,clothes
garbage_classification\clothes\clothes36.jpg,clothes
garbage_classification\clothes\clothes3546.jpg,clothes
garbage_classification\paper\paper386.jpg,paper
garbage_classification\clothes\clothes1459.jpg,clothes
garbage_classification\clothes\clothes4227.jpg,clothes
garbage_classification\biological\biological947.jpg,biological
garbage_classification\clothes\clothes548.jpg,clothes
garbage_classification\trash\trash226.jpg,trash
garbage_classification\clothes\clothes4354.jpg,clothes
garbage_classification\cardboard\cardboard447.jpg,cardboard
garbage_classification\battery\battery561.jpg,battery
garbage_classification\white-glass\white-glass354.jpg,white-glass
garbage_classification\clothes\clothes3730.jpg,clothes
garbage_classification\white-glass\white-glass107.jpg,white-glass
garbage_classification\clothes\clothes1098.jpg,clothes
garbage_classification\shoes\shoes806.jpg,shoes
garbage_classification\biological\biological510.jpg,biological
garbage_classification\battery\battery225.jpg,battery
garbage_classification\shoes\shoes416.jpg,shoes
garbage_classification\brown-glass\brown-glass536.jpg,brown-glass
garbage_classification\biological\biological640.jpg,biological
garbage_classification\green-glass\green-glass230.jpg,green-glass
garbage_classification\clothes\clothes4344.jpg,clothes
garbage_classification\shoes\shoes714.jpg,shoes
garbage_classification\metal\metal694.jpg,metal
garbage_classification\plastic\plastic116.jpg,plastic
garbage_classification\clothes\clothes2243.jpg,clothes
garbage_classification\clothes\clothes990.jpg,clothes
garbage_classification\plastic\plastic810.jpg,plastic
garbage_classification\clothes\clothes3078.jpg,clothes
garbage_classification\clothes\clothes3020.jpg,clothes
garbage_classification\plastic\plastic838.jpg,plastic
garbage_classification\shoes\shoes842.jpg,shoes
garbage_classification\trash\trash657.jpg,trash
garbage_classification\clothes\clothes967.jpg,clothes
garbage_classification\brown-glass\brown-glass349.jpg,brown-glass
garbage_classification\clothes\clothes2349.jpg,clothes
garbage_classification\biological\biological201.jpg,biological
garbage_classification\clothes\clothes3155.jpg,clothes
garbage_classification\paper\paper253.jpg,paper
garbage_classification\cardboard\cardboard664.jpg,cardboard
garbage_classification\clothes\clothes1352.jpg,clothes
garbage_classification\shoes\shoes210.jpg,shoes
garbage_classification\paper\paper886.jpg,paper
garbage_classification\shoes\shoes1876.jpg,shoes
garbage_classification\trash\trash4.jpg,trash
garbage_classification\shoes\shoes392.jpg,shoes
garbage_classification\cardboard\cardboard691.jpg,cardboard
garbage_classification\clothes\clothes2334.jpg,clothes
garbage_classification\white-glass\white-glass373.jpg,white-glass
garbage_classification\shoes\shoes1468.jpg,shoes
garbage_classification\battery\battery575.jpg,battery
garbage_classification\white-glass\white-glass520.jpg,white-glass
garbage_classification\clothes\clothes4818.jpg,clothes
garbage_classification\white-glass\white-glass400.jpg,white-glass
garbage_classification\clothes\clothes4442.jpg,clothes
garbage_classification\shoes\shoes53.jpg,shoes
garbage_classification\clothes\clothes4213.jpg,clothes
garbage_classification\white-glass\white-glass722.jpg,white-glass
garbage_classification\white-glass\white-glass210.jpg,white-glass
garbage_classification\plastic\plastic401.jpg,plastic
garbage_classification\clothes\clothes2411.jpg,clothes
garbage_classification\shoes\shoes1283.jpg,shoes
garbage_classification\battery\battery844.jpg,battery
garbage_classification\green-glass\green-glass338.jpg,green-glass
garbage_classification\clothes\clothes5246.jpg,clothes
garbage_classification\biological\biological316.jpg,biological
garbage_classification\trash\trash243.jpg,trash
garbage_classification\cardboard\cardboard262.jpg,cardboard
garbage_classification\clothes\clothes4298.jpg,clothes
garbage_classification\paper\paper479.jpg,paper
garbage_classification\clothes\clothes4304.jpg,clothes
garbage_classification\shoes\shoes88.jpg,shoes
garbage_classification\trash\trash108.jpg,trash
garbage_classification\biological\biological642.jpg,biological
garbage_classification\clothes\clothes1949.jpg,clothes
garbage_classification\clothes\clothes2055.jpg,clothes
garbage_classification\metal\metal286.jpg,metal
garbage_classification\shoes\shoes1760.jpg,shoes
garbage_classification\biological\biological629.jpg,biological
garbage_classification\clothes\clothes2784.jpg,clothes
garbage_classification\clothes\clothes1308.jpg,clothes
garbage_classification\shoes\shoes356.jpg,shoes
garbage_classification\clothes\clothes2267.jpg,clothes
garbage_classification\brown-glass\brown-glass478.jpg,brown-glass
garbage_classification\clothes\clothes2357.jpg,clothes
garbage_classification\cardboard\cardboard720.jpg,cardboard
garbage_classification\clothes\clothes1794.jpg,clothes
garbage_classification\brown-glass\brown-glass62.jpg,brown-glass
garbage_classification\clothes\clothes3909.jpg,clothes
garbage_classification\metal\metal19.jpg,metal
garbage_classification\clothes\clothes3410.jpg,clothes
garbage_classification\clothes\clothes3305.jpg,clothes
garbage_classification\green-glass\green-glass243.jpg,green-glass
garbage_classification\white-glass\white-glass423.jpg,white-glass
garbage_classification\white-glass\white-glass189.jpg,white-glass
garbage_classification\plastic\plastic804.jpg,plastic
garbage_classification\clothes\clothes15.jpg,clothes
garbage_classification\biological\biological797.jpg,biological
garbage_classification\metal\metal206.jpg,metal
garbage_classification\paper\paper769.jpg,paper
garbage_classification\clothes\clothes2037.jpg,clothes
garbage_classification\plastic\plastic359.jpg,plastic
garbage_classification\clothes\clothes4737.jpg,clothes
garbage_classification\white-glass\white-glass566.jpg,white-glass
garbage_classification\cardboard\cardboard154.jpg,cardboard
garbage_classification\clothes\clothes511.jpg,clothes
garbage_classification\clothes\clothes2322.jpg,clothes
garbage_classification\green-glass\green-glass249.jpg,green-glass
garbage_classification\clothes\clothes3891.jpg,clothes
garbage_classification\white-glass\white-glass383.jpg,white-glass
garbage_classification\clothes\clothes3609.jpg,clothes
garbage_classification\paper\paper160.jpg,paper
garbage_classification\paper\paper994.jpg,paper
garbage_classification\white-glass\white-glass534.jpg,white-glass
garbage_classification\plastic\plastic219.jpg,plastic
garbage_classification\paper\paper539.jpg,paper
garbage_classification\paper\paper838.jpg,paper
garbage_classification\clothes\clothes4431.jpg,clothes
garbage_classification\trash\trash335.jpg,trash
garbage_classification\clothes\clothes910.jpg,clothes
garbage_classification\clothes\clothes893.jpg,clothes
garbage_classification\clothes\clothes5065.jpg,clothes
garbage_classification\shoes\shoes120.jpg,shoes
garbage_classification\clothes\clothes2248.jpg,clothes
garbage_classification\paper\paper777.jpg,paper
garbage_classification\clothes\clothes587.jpg,clothes
garbage_classification\clothes\clothes3690.jpg,clothes
garbage_classification\battery\battery636.jpg,battery
garbage_classification\clothes\clothes79.jpg,clothes
garbage_classification\metal\metal513.jpg,metal
garbage_classification\battery\battery203.jpg,battery
garbage_classification\clothes\clothes1337.jpg,clothes
garbage_classification\trash\trash697.jpg,trash
garbage_classification\shoes\shoes1007.jpg,shoes
garbage_classification\battery\battery283.jpg,battery
garbage_classification\clothes\clothes737.jpg,clothes
garbage_classification\clothes\clothes3380.jpg,clothes
garbage_classification\clothes\clothes3965.jpg,clothes
garbage_classification\shoes\shoes1398.jpg,shoes
garbage_classification\white-glass\white-glass714.jpg,white-glass
garbage_classification\shoes\shoes1958.jpg,shoes
garbage_classification\trash\trash522.jpg,trash
garbage_classification\paper\paper426.jpg,paper
garbage_classification\battery\battery180.jpg,battery
garbage_classification\shoes\shoes847.jpg,shoes
garbage_classification\plastic\plastic142.jpg,plastic
garbage_classification\paper\paper245.jpg,paper
garbage_classification\clothes\clothes5289.jpg,clothes
garbage_classification\shoes\shoes1846.jpg,shoes
garbage_classification\paper\paper547.jpg,paper
garbage_classification\trash\trash379.jpg,trash
garbage_classification\clothes\clothes4208.jpg,clothes
garbage_classification\clothes\clothes1203.jpg,clothes
garbage_classification\shoes\shoes581.jpg,shoes
garbage_classification\shoes\shoes43.jpg,shoes
garbage_classification\shoes\shoes1489.jpg,shoes
garbage_classification\brown-glass\brown-glass27.jpg,brown-glass
garbage_classification\metal\metal480.jpg,metal
garbage_classification\paper\paper150.jpg,paper
garbage_classification\clothes\clothes2076.jpg,clothes
garbage_classification\green-glass\green-glass52.jpg,green-glass
garbage_classification\trash\trash638.jpg,trash
garbage_classification\shoes\shoes645.jpg,shoes
garbage_classification\clothes\clothes2152.jpg,clothes
garbage_classification\brown-glass\brown-glass261.jpg,brown-glass
garbage_classification\clothes\clothes3916.jpg,clothes
garbage_classification\cardboard\cardboard781.jpg,cardboard
garbage_classification\shoes\shoes1944.jpg,shoes
garbage_classification\cardboard\cardboard647.jpg,cardboard
garbage_classification\metal\metal654.jpg,metal
garbage_classification\clothes\clothes3763.jpg,clothes
garbage_classification\metal\metal607.jpg,metal
garbage_classification\cardboard\cardboard101.jpg,cardboard
garbage_classification\green-glass\green-glass210.jpg,green-glass
garbage_classification\clothes\clothes2434.jpg,clothes
garbage_classification\cardboard\cardboard228.jpg,cardboard
garbage_classification\plastic\plastic281.jpg,plastic
garbage_classification\cardboard\cardboard295.jpg,cardboard
garbage_classification\clothes\clothes4752.jpg,clothes
garbage_classification\biological\biological548.jpg,biological
garbage_classification\biological\biological197.jpg,biological
garbage_classification\clothes\clothes1077.jpg,clothes
garbage_classification\clothes\clothes3356.jpg,clothes
garbage_classification\clothes\clothes2282.jpg,clothes
garbage_classification\plastic\plastic700.jpg,plastic
garbage_classification\clothes\clothes727.jpg,clothes
garbage_classification\battery\battery165.jpg,battery
garbage_classification\clothes\clothes3254.jpg,clothes
garbage_classification\biological\biological238.jpg,biological
garbage_classification\clothes\clothes4350.jpg,clothes
garbage_classification\clothes\clothes2493.jpg,clothes
garbage_classification\cardboard\cardboard885.jpg,cardboard
garbage_classification\green-glass\green-glass589.jpg,green-glass
garbage_classification\shoes\shoes360.jpg,shoes
garbage_classification\clothes\clothes2528.jpg,clothes
garbage_classification\cardboard\cardboard25.jpg,cardboard
garbage_classification\clothes\clothes176.jpg,clothes
garbage_classification\plastic\plastic112.jpg,plastic
garbage_classification\trash\trash121.jpg,trash
garbage_classification\clothes\clothes4185.jpg,clothes
garbage_classification\biological\biological478.jpg,biological
garbage_classification\clothes\clothes4761.jpg,clothes
garbage_classification\shoes\shoes459.jpg,shoes
garbage_classification\white-glass\white-glass513.jpg,white-glass
garbage_classification\trash\trash416.jpg,trash
garbage_classification\trash\trash316.jpg,trash
garbage_classification\brown-glass\brown-glass445.jpg,brown-glass
garbage_classification\metal\metal593.jpg,metal
garbage_classification\white-glass\white-glass235.jpg,white-glass
garbage_classification\white-glass\white-glass200.jpg,white-glass
garbage_classification\biological\biological717.jpg,biological
garbage_classification\shoes\shoes1568.jpg,shoes
garbage_classification\clothes\clothes2884.jpg,clothes
garbage_classification\shoes\shoes462.jpg,shoes
garbage_classification\metal\metal469.jpg,metal
garbage_classification\trash\trash633.jpg,trash
garbage_classification\clothes\clothes3858.jpg,clothes
garbage_classification\clothes\clothes4153.jpg,clothes
garbage_classification\clothes\clothes1690.jpg,clothes
garbage_classification\metal\metal155.jpg,metal
garbage_classification\green-glass\green-glass92.jpg,green-glass
garbage_classification\clothes\clothes5247.jpg,clothes
garbage_classification\shoes\shoes1592.jpg,shoes
garbage_classification\clothes\clothes5133.jpg,clothes
garbage_classification\green-glass\green-glass317.jpg,green-glass
garbage_classification\trash\trash655.jpg,trash
garbage_classification\paper\paper128.jpg,paper
garbage_classification\clothes\clothes2956.jpg,clothes
garbage_classification\white-glass\white-glass205.jpg,white-glass
garbage_classification\clothes\clothes3071.jpg,clothes
garbage_classification\cardboard\cardboard534.jpg,cardboard
garbage_classification\battery\battery759.jpg,battery
garbage_classification\clothes\clothes1055.jpg,clothes
garbage_classification\shoes\shoes1851.jpg,shoes
garbage_classification\battery\battery260.jpg,battery
garbage_classification\battery\battery411.jpg,battery
garbage_classification\trash\trash454.jpg,trash
garbage_classification\shoes\shoes163.jpg,shoes
garbage_classification\paper\paper215.jpg,paper
garbage_classification\cardboard\cardboard708.jpg,cardboard
garbage_classification\plastic\plastic537.jpg,plastic
garbage_classification\metal\metal70.jpg,metal
garbage_classification\clothes\clothes3068.jpg,clothes
garbage_classification\clothes\clothes3426.jpg,clothes
garbage_classification\shoes\shoes1886.jpg,shoes
garbage_classification\clothes\clothes940.jpg,clothes
garbage_classification\clothes\clothes3194.jpg,clothes
garbage_classification\biological\biological351.jpg,biological
garbage_classification\plastic\plastic350.jpg,plastic
garbage_classification\plastic\plastic768.jpg,plastic
garbage_classification\paper\paper1030.jpg,paper
garbage_classification\metal\metal125.jpg,metal
garbage_classification\battery\battery782.jpg,battery
garbage_classification\clothes\clothes5190.jpg,clothes
garbage_classification\biological\biological473.jpg,biological
garbage_classification\clothes\clothes1306.jpg,clothes
garbage_classification\clothes\clothes630.jpg,clothes
garbage_classification\plastic\plastic37.jpg,plastic
garbage_classification\clothes\clothes4113.jpg,clothes
garbage_classification\paper\paper139.jpg,paper
garbage_classification\white-glass\white-glass324.jpg,white-glass
garbage_classification\biological\biological75.jpg,biological
garbage_classification\paper\paper673.jpg,paper
garbage_classification\white-glass\white-glass157.jpg,white-glass
garbage_classification\brown-glass\brown-glass29.jpg,brown-glass
garbage_classification\white-glass\white-glass368.jpg,white-glass
garbage_classification\clothes\clothes5305.jpg,clothes
garbage_classification\paper\paper939.jpg,paper
garbage_classification\clothes\clothes4513.jpg,clothes
garbage_classification\clothes\clothes1357.jpg,clothes
garbage_classification\brown-glass\brown-glass201.jpg,brown-glass
garbage_classification\clothes\clothes3910.jpg,clothes
garbage_classification\paper\paper522.jpg,paper
garbage_classification\clothes\clothes2786.jpg,clothes
garbage_classification\clothes\clothes1091.jpg,clothes
garbage_classification\plastic\plastic769.jpg,plastic
garbage_classification\clothes\clothes3433.jpg,clothes
garbage_classification\shoes\shoes613.jpg,shoes
garbage_classification\plastic\plastic573.jpg,plastic
garbage_classification\plastic\plastic431.jpg,plastic
garbage_classification\clothes\clothes2973.jpg,clothes
garbage_classification\clothes\clothes160.jpg,clothes
garbage_classification\battery\battery366.jpg,battery
garbage_classification\brown-glass\brown-glass570.jpg,brown-glass
garbage_classification\clothes\clothes2134.jpg,clothes
garbage_classification\trash\trash658.jpg,trash
garbage_classification\clothes\clothes4924.jpg,clothes
garbage_classification\clothes\clothes4405.jpg,clothes
garbage_classification\plastic\plastic751.jpg,plastic
garbage_classification\paper\paper956.jpg,paper
garbage_classification\clothes\clothes4183.jpg,clothes
garbage_classification\battery\battery781.jpg,battery
garbage_classification\battery\battery14.jpg,battery
garbage_classification\biological\biological440.jpg,biological
garbage_classification\paper\paper155.jpg,paper
garbage_classification\plastic\plastic145.jpg,plastic
garbage_classification\biological\biological669.jpg,biological
garbage_classification\clothes\clothes1302.jpg,clothes
garbage_classification\shoes\shoes1612.jpg,shoes
garbage_classification\metal\metal713.jpg,metal
garbage_classification\battery\battery207.jpg,battery
garbage_classification\cardboard\cardboard514.jpg,cardboard
garbage_classification\plastic\plastic356.jpg,plastic
garbage_classification\paper\paper13.jpg,paper
garbage_classification\clothes\clothes2619.jpg,clothes
garbage_classification\biological\biological924.jpg,biological
garbage_classification\paper\paper480.jpg,paper
garbage_classification\shoes\shoes1547.jpg,shoes
garbage_classification\clothes\clothes1879.jpg,clothes
garbage_classification\clothes\clothes1397.jpg,clothes
garbage_classification\biological\biological28.jpg,biological
garbage_classification\cardboard\cardboard410.jpg,cardboard
garbage_classification\clothes\clothes4966.jpg,clothes
garbage_classification\brown-glass\brown-glass364.jpg,brown-glass
garbage_classification\white-glass\white-glass245.jpg,white-glass
garbage_classification\clothes\clothes4753.jpg,clothes
garbage_classification\biological\biological652.jpg,biological
garbage_classification\battery\battery805.jpg,battery
garbage_classification\shoes\shoes282.jpg,shoes
garbage_classification\clothes\clothes1829.jpg,clothes
garbage_classification\brown-glass\brown-glass296.jpg,brown-glass
garbage_classification\plastic\plastic556.jpg,plastic
garbage_classification\metal\metal122.jpg,metal
garbage_classification\clothes\clothes4593.jpg,clothes
garbage_classification\plastic\plastic581.jpg,plastic
garbage_classification\cardboard\cardboard643.jpg,cardboard
garbage_classification\metal\metal262.jpg,metal
garbage_classification\battery\battery765.jpg,battery
garbage_classification\white-glass\white-glass202.jpg,white-glass
garbage_classification\clothes\clothes2729.jpg,clothes
garbage_classification\paper\paper546.jpg,paper
garbage_classification\metal\metal666.jpg,metal
garbage_classification\clothes\clothes4258.jpg,clothes
garbage_classification\clothes\clothes1472.jpg,clothes
garbage_classification\green-glass\green-glass293.jpg,green-glass
garbage_classification\clothes\clothes2194.jpg,clothes
garbage_classification\trash\trash134.jpg,trash
garbage_classification\clothes\clothes263.jpg,clothes
garbage_classification\plastic\plastic590.jpg,plastic
garbage_classification\clothes\clothes2925.jpg,clothes
garbage_classification\clothes\clothes1187.jpg,clothes
garbage_classification\trash\trash280.jpg,trash
garbage_classification\paper\paper252.jpg,paper
garbage_classification\paper\paper993.jpg,paper
garbage_classification\biological\biological845.jpg,biological
garbage_classification\cardboard\cardboard486.jpg,cardboard
garbage_classification\biological\biological63.jpg,biological
garbage_classification\brown-glass\brown-glass59.jpg,brown-glass
garbage_classification\plastic\plastic783.jpg,plastic
garbage_classification\clothes\clothes845.jpg,clothes
garbage_classification\white-glass\white-glass696.jpg,white-glass
garbage_classification\paper\paper74.jpg,paper
garbage_classification\green-glass\green-glass192.jpg,green-glass
garbage_classification\biological\biological431.jpg,biological
garbage_classification\plastic\plastic539.jpg,plastic
garbage_classification\green-glass\green-glass360.jpg,green-glass
garbage_classification\metal\metal405.jpg,metal
garbage_classification\biological\biological891.jpg,biological
garbage_classification\clothes\clothes844.jpg,clothes
garbage_classification\white-glass\white-glass307.jpg,white-glass
garbage_classification\clothes\clothes1668.jpg,clothes
garbage_classification\paper\paper835.jpg,paper
garbage_classification\biological\biological434.jpg,biological
garbage_classification\shoes\shoes50.jpg,shoes
garbage_classification\green-glass\green-glass95.jpg,green-glass
garbage_classification\shoes\shoes1756.jpg,shoes
garbage_classification\clothes\clothes5311.jpg,clothes
garbage_classification\clothes\clothes3872.jpg,clothes
garbage_classification\biological\biological619.jpg,biological
garbage_classification\paper\paper440.jpg,paper
garbage_classification\clothes\clothes3145.jpg,clothes
garbage_classification\clothes\clothes3245.jpg,clothes
garbage_classification\plastic\plastic377.jpg,plastic
garbage_classification\paper\paper120.jpg,paper
garbage_classification\clothes\clothes348.jpg,clothes
garbage_classification\biological\biological87.jpg,biological
garbage_classification\clothes\clothes1410.jpg,clothes
garbage_classification\plastic\plastic821.jpg,plastic
garbage_classification\clothes\clothes3786.jpg,clothes
garbage_classification\shoes\shoes1736.jpg,shoes
garbage_classification\battery\battery760.jpg,battery
garbage_classification\metal\metal354.jpg,metal
garbage_classification\brown-glass\brown-glass517.jpg,brown-glass
garbage_classification\clothes\clothes1199.jpg,clothes
garbage_classification\clothes\clothes2554.jpg,clothes
garbage_classification\clothes\clothes4680.jpg,clothes
garbage_classification\trash\trash622.jpg,trash
garbage_classification\white-glass\white-glass172.jpg,white-glass
garbage_classification\metal\metal467.jpg,metal
garbage_classification\clothes\clothes1381.jpg,clothes
garbage_classification\brown-glass\brown-glass152.jpg,brown-glass
garbage_classification\clothes\clothes5276.jpg,clothes
garbage_classification\biological\biological212.jpg,biological
garbage_classification\clothes\clothes1105.jpg,clothes
garbage_classification\clothes\clothes1102.jpg,clothes
garbage_classification\green-glass\green-glass329.jpg,green-glass
garbage_classification\shoes\shoes720.jpg,shoes
garbage_classification\shoes\shoes1795.jpg,shoes
garbage_classification\paper\paper536.jpg,paper
garbage_classification\metal\metal13.jpg,metal
garbage_classification\clothes\clothes2781.jpg,clothes
garbage_classification\trash\trash526.jpg,trash
garbage_classification\paper\paper122.jpg,paper
garbage_classification\trash\trash459.jpg,trash
garbage_classification\metal\metal696.jpg,metal
garbage_classification\battery\battery361.jpg,battery
garbage_classification\biological\biological168.jpg,biological
garbage_classification\clothes\clothes3237.jpg,clothes
garbage_classification\clothes\clothes251.jpg,clothes
garbage_classification\cardboard\cardboard729.jpg,cardboard
garbage_classification\green-glass\green-glass391.jpg,green-glass
garbage_classification\clothes\clothes2992.jpg,clothes
garbage_classification\cardboard\cardboard202.jpg,cardboard
garbage_classification\clothes\clothes4413.jpg,clothes
garbage_classification\clothes\clothes4661.jpg,clothes
garbage_classification\clothes\clothes961.jpg,clothes
garbage_classification\shoes\shoes1872.jpg,shoes
garbage_classification\trash\trash10.jpg,trash
garbage_classification\cardboard\cardboard327.jpg,cardboard
garbage_classification\plastic\plastic287.jpg,plastic
garbage_classification\shoes\shoes424.jpg,shoes
garbage_classification\clothes\clothes3594.jpg,clothes
garbage_classification\clothes\clothes3557.jpg,clothes
garbage_classification\biological\biological852.jpg,biological
garbage_classification\shoes\shoes790.jpg,shoes
garbage_classification\clothes\clothes619.jpg,clothes
garbage_classification\clothes\clothes1948.jpg,clothes
garbage_classification\plastic\plastic613.jpg,plastic
garbage_classification\clothes\clothes941.jpg,clothes
garbage_classification\clothes\clothes331.jpg,clothes
garbage_classification\shoes\shoes753.jpg,shoes
garbage_classification\metal\metal591.jpg,metal
garbage_classification\shoes\shoes1172.jpg,shoes
garbage_classification\shoes\shoes1713.jpg,shoes
garbage_classification\battery\battery121.jpg,battery
garbage_classification\clothes\clothes1266.jpg,clothes
garbage_classification\white-glass\white-glass606.jpg,white-glass
garbage_classification\shoes\shoes675.jpg,shoes
garbage_classification\clothes\clothes5053.jpg,clothes
garbage_classification\paper\paper629.jpg,paper
garbage_classification\plastic\plastic696.jpg,plastic
garbage_classification\clothes\clothes3038.jpg,clothes
garbage_classification\trash\trash679.jpg,trash
garbage_classification\clothes\clothes3368.jpg,clothes
garbage_classification\clothes\clothes1062.jpg,clothes
garbage_classification\plastic\plastic69.jpg,plastic
garbage_classification\clothes\clothes4112.jpg,clothes
garbage_classification\plastic\plastic823.jpg,plastic
garbage_classification\clothes\clothes3839.jpg,clothes
garbage_classification\clothes\clothes63.jpg,clothes
garbage_classification\paper\paper599.jpg,paper
garbage_classification\clothes\clothes1189.jpg,clothes
garbage_classification\shoes\shoes837.jpg,shoes
garbage_classification\battery\battery300.jpg,battery
garbage_classification\clothes\clothes379.jpg,clothes
garbage_classification\battery\battery407.jpg,battery
garbage_classification\plastic\plastic343.jpg,plastic
garbage_classification\clothes\clothes4458.jpg,clothes
garbage_classification\shoes\shoes1866.jpg,shoes
garbage_classification\clothes\clothes2091.jpg,clothes
garbage_classification\biological\biological822.jpg,biological
garbage_classification\plastic\plastic639.jpg,plastic
garbage_classification\clothes\clothes1787.jpg,clothes
garbage_classification\trash\trash285.jpg,trash
garbage_classification\clothes\clothes740.jpg,clothes
garbage_classification\shoes\shoes124.jpg,shoes
garbage_classification\clothes\clothes2542.jpg,clothes
garbage_classification\biological\biological959.jpg,biological
garbage_classification\green-glass\green-glass206.jpg,green-glass
garbage_classification\paper\paper354.jpg,paper
garbage_classification\clothes\clothes865.jpg,clothes
garbage_classification\plastic\plastic234.jpg,plastic
garbage_classification\green-glass\green-glass603.jpg,green-glass
garbage_classification\clothes\clothes1303.jpg,clothes
garbage_classification\clothes\clothes10.jpg,clothes
garbage_classification\clothes\clothes3825.jpg,clothes
garbage_classification\plastic\plastic141.jpg,plastic
garbage_classification\shoes\shoes983.jpg,shoes
garbage_classification\plastic\plastic475.jpg,plastic
garbage_classification\green-glass\green-glass592.jpg,green-glass
garbage_classification\clothes\clothes129.jpg,clothes
garbage_classification\clothes\clothes4490.jpg,clothes
garbage_classification\plastic\plastic818.jpg,plastic
garbage_classification\green-glass\green-glass313.jpg,green-glass
garbage_classification\battery\battery633.jpg,battery
garbage_classification\clothes\clothes4595.jpg,clothes
garbage_classification\brown-glass\brown-glass26.jpg,brown-glass
garbage_classification\clothes\clothes1652.jpg,clothes
garbage_classification\clothes\clothes2487.jpg,clothes
garbage_classification\clothes\clothes627.jpg,clothes
garbage_classification\clothes\clothes4817.jpg,clothes
garbage_classification\trash\trash296.jpg,trash
garbage_classification\trash\trash274.jpg,trash
garbage_classification\clothes\clothes366.jpg,clothes
garbage_classification\battery\battery442.jpg,battery
garbage_classification\shoes\shoes1241.jpg,shoes
garbage_classification\shoes\shoes846.jpg,shoes
garbage_classification\white-glass\white-glass257.jpg,white-glass
garbage_classification\clothes\clothes3126.jpg,clothes
garbage_classification\biological\biological45.jpg,biological
garbage_classification\plastic\plastic482.jpg,plastic
garbage_classification\trash\trash457.jpg,trash
garbage_classification\white-glass\white-glass213.jpg,white-glass
garbage_classification\shoes\shoes1272.jpg,shoes
garbage_classification\clothes\clothes4117.jpg,clothes
garbage_classification\clothes\clothes3780.jpg,clothes
garbage_classification\plastic\plastic257.jpg,plastic
garbage_classification\battery\battery53.jpg,battery
garbage_classification\trash\trash132.jpg,trash
garbage_classification\clothes\clothes4698.jpg,clothes
garbage_classification\biological\biological858.jpg,biological
garbage_classification\biological\biological54.jpg,biological
garbage_classification\clothes\clothes5145.jpg,clothes
garbage_classification\cardboard\cardboard744.jpg,cardboard
garbage_classification\plastic\plastic658.jpg,plastic
garbage_classification\metal\metal511.jpg,metal
garbage_classification\green-glass\green-glass153.jpg,green-glass
garbage_classification\clothes\clothes3338.jpg,clothes
garbage_classification\clothes\clothes4828.jpg,clothes
garbage_classification\clothes\clothes95.jpg,clothes
garbage_classification\green-glass\green-glass478.jpg,green-glass
garbage_classification\brown-glass\brown-glass403.jpg,brown-glass
garbage_classification\trash\trash390.jpg,trash
garbage_classification\clothes\clothes4459.jpg,clothes
garbage_classification\paper\paper861.jpg,paper
garbage_classification\clothes\clothes975.jpg,clothes
garbage_classification\cardboard\cardboard384.jpg,cardboard
garbage_classification\cardboard\cardboard15.jpg,cardboard
garbage_classification\cardboard\cardboard571.jpg,cardboard
garbage_classification\white-glass\white-glass143.jpg,white-glass
garbage_classification\clothes\clothes1670.jpg,clothes
garbage_classification\paper\paper691.jpg,paper
garbage_classification\plastic\plastic722.jpg,plastic
garbage_classification\battery\battery627.jpg,battery
garbage_classification\battery\battery552.jpg,battery
garbage_classification\cardboard\cardboard496.jpg,cardboard
garbage_classification\battery\battery112.jpg,battery
garbage_classification\plastic\plastic560.jpg,plastic
garbage_classification\clothes\clothes4336.jpg,clothes
garbage_classification\cardboard\cardboard484.jpg,cardboard
garbage_classification\metal\metal763.jpg,metal
garbage_classification\green-glass\green-glass450.jpg,green-glass
garbage_classification\white-glass\white-glass2.jpg,white-glass
garbage_classification\white-glass\white-glass332.jpg,white-glass
garbage_classification\green-glass\green-glass75.jpg,green-glass
garbage_classification\clothes\clothes1161.jpg,clothes
garbage_classification\green-glass\green-glass606.jpg,green-glass
garbage_classification\white-glass\white-glass735.jpg,white-glass
garbage_classification\shoes\shoes359.jpg,shoes
garbage_classification\shoes\shoes264.jpg,shoes
garbage_classification\shoes\shoes1244.jpg,shoes
garbage_classification\clothes\clothes4167.jpg,clothes
garbage_classification\clothes\clothes2350.jpg,clothes
garbage_classification\shoes\shoes103.jpg,shoes
garbage_classification\clothes\clothes1671.jpg,clothes
garbage_classification\biological\biological768.jpg,biological
garbage_classification\green-glass\green-glass7.jpg,green-glass
garbage_classification\clothes\clothes1019.jpg,clothes
garbage_classification\clothes\clothes1873.jpg,clothes
garbage_classification\clothes\clothes4281.jpg,clothes
garbage_classification\cardboard\cardboard157.jpg,cardboard
garbage_classification\battery\battery289.jpg,battery
garbage_classification\cardboard\cardboard59.jpg,cardboard
garbage_classification\paper\paper44.jpg,paper
garbage_classification\paper\paper371.jpg,paper
garbage_classification\plastic\plastic269.jpg,plastic
garbage_classification\shoes\shoes123.jpg,shoes
garbage_classification\biological\biological877.jpg,biological
garbage_classification\shoes\shoes377.jpg,shoes
garbage_classification\paper\paper230.jpg,paper
garbage_classification\paper\paper587.jpg,paper
garbage_classification\cardboard\cardboard887.jpg,cardboard
garbage_classification\biological\biological307.jpg,biological
garbage_classification\paper\paper702.jpg,paper
garbage_classification\trash\trash597.jpg,trash
garbage_classification\shoes\shoes477.jpg,shoes
garbage_classification\clothes\clothes2485.jpg,clothes
garbage_classification\battery\battery193.jpg,battery
garbage_classification\shoes\shoes175.jpg,shoes
garbage_classification\clothes\clothes928.jpg,clothes
garbage_classification\clothes\clothes4495.jpg,clothes
garbage_classification\clothes\clothes2376.jpg,clothes
garbage_classification\clothes\clothes5261.jpg,clothes
garbage_classification\white-glass\white-glass201.jpg,white-glass
garbage_classification\clothes\clothes3231.jpg,clothes
garbage_classification\cardboard\cardboard448.jpg,cardboard
garbage_classification\brown-glass\brown-glass599.jpg,brown-glass
garbage_classification\clothes\clothes3800.jpg,clothes
garbage_classification\biological\biological714.jpg,biological
garbage_classification\clothes\clothes1121.jpg,clothes
garbage_classification\white-glass\white-glass583.jpg,white-glass
garbage_classification\metal\metal271.jpg,metal
garbage_classification\green-glass\green-glass444.jpg,green-glass
garbage_classification\plastic\plastic232.jpg,plastic
garbage_classification\plastic\plastic558.jpg,plastic
garbage_classification\battery\battery263.jpg,battery
garbage_classification\plastic\plastic378.jpg,plastic
garbage_classification\trash\trash47.jpg,trash
garbage_classification\white-glass\white-glass401.jpg,white-glass
garbage_classification\trash\trash438.jpg,trash
garbage_classification\clothes\clothes4772.jpg,clothes
garbage_classification\metal\metal371.jpg,metal
garbage_classification\plastic\plastic607.jpg,plastic
garbage_classification\clothes\clothes5058.jpg,clothes
garbage_classification\paper\paper688.jpg,paper
garbage_classification\white-glass\white-glass429.jpg,white-glass
garbage_classification\clothes\clothes5007.jpg,clothes
garbage_classification\clothes\clothes4188.jpg,clothes
garbage_classification\clothes\clothes343.jpg,clothes
garbage_classification\clothes\clothes2776.jpg,clothes
garbage_classification\clothes\clothes5138.jpg,clothes
garbage_classification\shoes\shoes1370.jpg,shoes
garbage_classification\clothes\clothes2659.jpg,clothes
garbage_classification\battery\battery144.jpg,battery
garbage_classification\clothes\clothes4541.jpg,clothes
garbage_classification\biological\biological137.jpg,biological
garbage_classification\biological\biological597.jpg,biological
garbage_classification\paper\paper561.jpg,paper
garbage_classification\paper\paper932.jpg,paper
garbage_classification\paper\paper524.jpg,paper
garbage_classification\clothes\clothes3745.jpg,clothes
garbage_classification\clothes\clothes2586.jpg,clothes
garbage_classification\clothes\clothes1585.jpg,clothes
garbage_classification\brown-glass\brown-glass46.jpg,brown-glass
garbage_classification\brown-glass\brown-glass226.jpg,brown-glass
garbage_classification\clothes\clothes1586.jpg,clothes
garbage_classification\white-glass\white-glass177.jpg,white-glass
garbage_classification\clothes\clothes870.jpg,clothes
garbage_classification\metal\metal730.jpg,metal
garbage_classification\brown-glass\brown-glass457.jpg,brown-glass
garbage_classification\brown-glass\brown-glass416.jpg,brown-glass
garbage_classification\plastic\plastic204.jpg,plastic
garbage_classification\white-glass\white-glass58.jpg,white-glass
garbage_classification\shoes\shoes194.jpg,shoes
garbage_classification\metal\metal152.jpg,metal
garbage_classification\trash\trash489.jpg,trash
garbage_classification\shoes\shoes396.jpg,shoes
garbage_classification\shoes\shoes1378.jpg,shoes
garbage_classification\cardboard\cardboard156.jpg,cardboard
garbage_classification\clothes\clothes1821.jpg,clothes
garbage_classification\green-glass\green-glass258.jpg,green-glass
garbage_classification\clothes\clothes5248.jpg,clothes
garbage_classification\plastic\plastic538.jpg,plastic
garbage_classification\shoes\shoes426.jpg,shoes
garbage_classification\clothes\clothes2119.jpg,clothes
garbage_classification\shoes\shoes938.jpg,shoes
garbage_classification\clothes\clothes321.jpg,clothes
garbage_classification\biological\biological488.jpg,biological
garbage_classification\clothes\clothes2306.jpg,clothes
garbage_classification\clothes\clothes2949.jpg,clothes
garbage_classification\shoes\shoes1620.jpg,shoes
garbage_classification\paper\paper197.jpg,paper
garbage_classification\clothes\clothes606.jpg,clothes
garbage_classification\cardboard\cardboard610.jpg,cardboard
garbage_classification\brown-glass\brown-glass581.jpg,brown-glass
garbage_classification\paper\paper455.jpg,paper
garbage_classification\shoes\shoes1531.jpg,shoes
garbage_classification\shoes\shoes873.jpg,shoes
garbage_classification\cardboard\cardboard76.jpg,cardboard
garbage_classification\brown-glass\brown-glass542.jpg,brown-glass
garbage_classification\plastic\plastic445.jpg,plastic
garbage_classification\clothes\clothes2539.jpg,clothes
garbage_classification\biological\biological945.jpg,biological
garbage_classification\white-glass\white-glass518.jpg,white-glass
garbage_classification\clothes\clothes2952.jpg,clothes
garbage_classification\paper\paper951.jpg,paper
garbage_classification\plastic\plastic53.jpg,plastic
garbage_classification\white-glass\white-glass116.jpg,white-glass
garbage_classification\clothes\clothes2806.jpg,clothes
garbage_classification\clothes\clothes1015.jpg,clothes
garbage_classification\battery\battery4.jpg,battery
garbage_classification\clothes\clothes2160.jpg,clothes
garbage_classification\clothes\clothes2899.jpg,clothes
garbage_classification\clothes\clothes4726.jpg,clothes
garbage_classification\clothes\clothes3842.jpg,clothes
garbage_classification\clothes\clothes1216.jpg,clothes
garbage_classification\cardboard\cardboard481.jpg,cardboard
garbage_classification\shoes\shoes1813.jpg,shoes
garbage_classification\clothes\clothes4780.jpg,clothes
garbage_classification\biological\biological129.jpg,biological
garbage_classification\brown-glass\brown-glass508.jpg,brown-glass
garbage_classification\battery\battery563.jpg,battery
garbage_classification\cardboard\cardboard464.jpg,cardboard
garbage_classification\brown-glass\brown-glass251.jpg,brown-glass
garbage_classification\battery\battery915.jpg,battery
garbage_classification\paper\paper965.jpg,paper
garbage_classification\green-glass\green-glass11.jpg,green-glass
garbage_classification\biological\biological376.jpg,biological
garbage_classification\biological\biological513.jpg,biological
garbage_classification\trash\trash595.jpg,trash
garbage_classification\cardboard\cardboard483.jpg,cardboard
garbage_classification\plastic\plastic446.jpg,plastic
garbage_classification\green-glass\green-glass269.jpg,green-glass
garbage_classification\clothes\clothes1727.jpg,clothes
garbage_classification\shoes\shoes1045.jpg,shoes
garbage_classification\battery\battery198.jpg,battery
garbage_classification\plastic\plastic211.jpg,plastic
garbage_classification\metal\metal110.jpg,metal
garbage_classification\clothes\clothes985.jpg,clothes
garbage_classification\plastic\plastic155.jpg,plastic
garbage_classification\clothes\clothes1383.jpg,clothes
garbage_classification\battery\battery67.jpg,battery
garbage_classification\clothes\clothes2189.jpg,clothes
garbage_classification\battery\battery910.jpg,battery
garbage_classification\clothes\clothes4401.jpg,clothes
garbage_classification\brown-glass\brown-glass407.jpg,brown-glass
garbage_classification\clothes\clothes2834.jpg,clothes
garbage_classification\shoes\shoes1203.jpg,shoes
garbage_classification\trash\trash218.jpg,trash
garbage_classification\white-glass\white-glass453.jpg,white-glass
garbage_classification\clothes\clothes5198.jpg,clothes
garbage_classification\biological\biological869.jpg,biological
garbage_classification\white-glass\white-glass426.jpg,white-glass
garbage_classification\cardboard\cardboard706.jpg,cardboard
garbage_classification\clothes\clothes2442.jpg,clothes
garbage_classification\paper\paper617.jpg,paper
garbage_classification\green-glass\green-glass213.jpg,green-glass
garbage_classification\paper\paper121.jpg,paper
garbage_classification\clothes\clothes3239.jpg,clothes
garbage_classification\clothes\clothes285.jpg,clothes
garbage_classification\clothes\clothes598.jpg,clothes
garbage_classification\clothes\clothes2100.jpg,clothes
garbage_classification\trash\trash269.jpg,trash
garbage_classification\clothes\clothes4821.jpg,clothes
garbage_classification\clothes\clothes3960.jpg,clothes
garbage_classification\shoes\shoes1171.jpg,shoes
garbage_classification\biological\biological176.jpg,biological
garbage_classification\shoes\shoes1104.jpg,shoes
garbage_classification\paper\paper476.jpg,paper
garbage_classification\battery\battery230.jpg,battery
garbage_classification\brown-glass\brown-glass311.jpg,brown-glass
garbage_classification\trash\trash115.jpg,trash
garbage_classification\paper\paper538.jpg,paper
garbage_classification\white-glass\white-glass50.jpg,white-glass
garbage_classification\plastic\plastic631.jpg,plastic
garbage_classification\shoes\shoes1080.jpg,shoes
garbage_classification\paper\paper892.jpg,paper
garbage_classification\clothes\clothes1561.jpg,clothes
garbage_classification\brown-glass\brown-glass250.jpg,brown-glass
garbage_classification\clothes\clothes3603.jpg,clothes
garbage_classification\paper\paper791.jpg,paper
garbage_classification\clothes\clothes3178.jpg,clothes
garbage_classification\biological\biological36.jpg,biological
garbage_classification\cardboard\cardboard265.jpg,cardboard
garbage_classification\cardboard\cardboard455.jpg,cardboard
garbage_classification\shoes\shoes107.jpg,shoes
garbage_classification\biological\biological226.jpg,biological
garbage_classification\shoes\shoes1381.jpg,shoes
garbage_classification\clothes\clothes2106.jpg,clothes
garbage_classification\clothes\clothes2129.jpg,clothes
garbage_classification\plastic\plastic369.jpg,plastic
garbage_classification\shoes\shoes450.jpg,shoes
garbage_classification\metal\metal322.jpg,metal
garbage_classification\clothes\clothes2287.jpg,clothes
garbage_classification\shoes\shoes684.jpg,shoes
garbage_classification\clothes\clothes1750.jpg,clothes
garbage_classification\battery\battery436.jpg,battery
garbage_classification\metal\metal724.jpg,metal
garbage_classification\clothes\clothes264.jpg,clothes
garbage_classification\clothes\clothes3265.jpg,clothes
garbage_classification\clothes\clothes4268.jpg,clothes
garbage_classification\clothes\clothes1970.jpg,clothes
garbage_classification\shoes\shoes312.jpg,shoes
garbage_classification\clothes\clothes2641.jpg,clothes
garbage_classification\battery\battery286.jpg,battery
garbage_classification\biological\biological920.jpg,biological
garbage_classification\white-glass\white-glass568.jpg,white-glass
garbage_classification\trash\trash432.jpg,trash
garbage_classification\shoes\shoes906.jpg,shoes
garbage_classification\brown-glass\brown-glass222.jpg,brown-glass
garbage_classification\shoes\shoes1975.jpg,shoes
garbage_classification\clothes\clothes2041.jpg,clothes
garbage_classification\clothes\clothes2565.jpg,clothes
garbage_classification\metal\metal504.jpg,metal
garbage_classification\clothes\clothes94.jpg,clothes
garbage_classification\paper\paper935.jpg,paper
garbage_classification\clothes\clothes37.jpg,clothes
garbage_classification\clothes\clothes3065.jpg,clothes
garbage_classification\clothes\clothes1118.jpg,clothes
garbage_classification\battery\battery599.jpg,battery
garbage_classification\battery\battery420.jpg,battery
garbage_classification\clothes\clothes4068.jpg,clothes
garbage_classification\trash\trash661.jpg,trash
garbage_classification\paper\paper95.jpg,paper
garbage_classification\clothes\clothes4576.jpg,clothes
garbage_classification\cardboard\cardboard879.jpg,cardboard
garbage_classification\clothes\clothes402.jpg,clothes
garbage_classification\white-glass\white-glass214.jpg,white-glass
garbage_classification\shoes\shoes915.jpg,shoes
garbage_classification\clothes\clothes599.jpg,clothes
garbage_classification\clothes\clothes1363.jpg,clothes
garbage_classification\clothes\clothes4550.jpg,clothes
garbage_classification\trash\trash236.jpg,trash
garbage_classification\clothes\clothes232.jpg,clothes
garbage_classification\shoes\shoes1816.jpg,shoes
garbage_classification\clothes\clothes663.jpg,clothes
garbage_classification\cardboard\cardboard446.jpg,cardboard
garbage_classification\metal\metal662.jpg,metal
garbage_classification\shoes\shoes1920.jpg,shoes
garbage_classification\clothes\clothes2367.jpg,clothes
garbage_classification\shoes\shoes525.jpg,shoes
garbage_classification\metal\metal334.jpg,metal
garbage_classification\clothes\clothes3382.jpg,clothes
garbage_classification\clothes\clothes2848.jpg,clothes
garbage_classification\biological\biological965.jpg,biological
garbage_classification\shoes\shoes1387.jpg,shoes
garbage_classification\clothes\clothes424.jpg,clothes
garbage_classification\clothes\clothes4189.jpg,clothes
garbage_classification\clothes\clothes4688.jpg,clothes
garbage_classification\clothes\clothes374.jpg,clothes
garbage_classification\white-glass\white-glass129.jpg,white-glass
garbage_classification\shoes\shoes1585.jpg,shoes
garbage_classification\white-glass\white-glass98.jpg,white-glass
garbage_classification\paper\paper178.jpg,paper
garbage_classification\metal\metal163.jpg,metal
garbage_classification\metal\metal517.jpg,metal
garbage_classification\clothes\clothes2988.jpg,clothes
garbage_classification\cardboard\cardboard506.jpg,cardboard
garbage_classification\battery\battery145.jpg,battery
garbage_classification\clothes\clothes4363.jpg,clothes
garbage_classification\white-glass\white-glass747.jpg,white-glass
garbage_classification\clothes\clothes3978.jpg,clothes
garbage_classification\clothes\clothes3750.jpg,clothes
garbage_classification\clothes\clothes745.jpg,clothes
garbage_classification\trash\trash483.jpg,trash
garbage_classification\cardboard\cardboard861.jpg,cardboard
garbage_classification\battery\battery192.jpg,battery
garbage_classification\clothes\clothes2509.jpg,clothes
garbage_classification\clothes\clothes3651.jpg,clothes
garbage_classification\clothes\clothes2703.jpg,clothes
garbage_classification\trash\trash415.jpg,trash
garbage_classification\clothes\clothes4887.jpg,clothes
garbage_classification\clothes\clothes4939.jpg,clothes
garbage_classification\metal\metal740.jpg,metal
garbage_classification\cardboard\cardboard631.jpg,cardboard
garbage_classification\clothes\clothes4253.jpg,clothes
garbage_classification\clothes\clothes2553.jpg,clothes
garbage_classification\plastic\plastic108.jpg,plastic
garbage_classification\paper\paper408.jpg,paper
garbage_classification\biological\biological636.jpg,biological
garbage_classification\shoes\shoes1557.jpg,shoes
garbage_classification\clothes\clothes103.jpg,clothes
garbage_classification\biological\biological659.jpg,biological
garbage_classification\battery\battery20.jpg,battery
garbage_classification\clothes\clothes1449.jpg,clothes
garbage_classification\cardboard\cardboard615.jpg,cardboard
garbage_classification\clothes\clothes3258.jpg,clothes
garbage_classification\clothes\clothes3165.jpg,clothes
garbage_classification\trash\trash678.jpg,trash
garbage_classification\battery\battery444.jpg,battery
garbage_classification\trash\trash643.jpg,trash
garbage_classification\clothes\clothes4005.jpg,clothes
garbage_classification\clothes\clothes2404.jpg,clothes
garbage_classification\shoes\shoes1182.jpg,shoes
garbage_classification\trash\trash290.jpg,trash
garbage_classification\shoes\shoes1170.jpg,shoes
garbage_classification\biological\biological242.jpg,biological
garbage_classification\clothes\clothes2774.jpg,clothes
garbage_classification\trash\trash472.jpg,trash
garbage_classification\clothes\clothes5050.jpg,clothes
garbage_classification\clothes\clothes2179.jpg,clothes
garbage_classification\plastic\plastic189.jpg,plastic
garbage_classification\plastic\plastic310.jpg,plastic
garbage_classification\green-glass\green-glass567.jpg,green-glass
garbage_classification\paper\paper943.jpg,paper
garbage_classification\shoes\shoes809.jpg,shoes
garbage_classification\clothes\clothes4178.jpg,clothes
garbage_classification\brown-glass\brown-glass302.jpg,brown-glass
garbage_classification\shoes\shoes303.jpg,shoes
garbage_classification\cardboard\cardboard365.jpg,cardboard
garbage_classification\clothes\clothes5229.jpg,clothes
garbage_classification\white-glass\white-glass732.jpg,white-glass
garbage_classification\clothes\clothes1590.jpg,clothes
garbage_classification\clothes\clothes4156.jpg,clothes
garbage_classification\clothes\clothes375.jpg,clothes
garbage_classification\plastic\plastic772.jpg,plastic
garbage_classification\plastic\plastic542.jpg,plastic
garbage_classification\biological\biological49.jpg,biological
garbage_classification\shoes\shoes1131.jpg,shoes
garbage_classification\clothes\clothes673.jpg,clothes
garbage_classification\metal\metal151.jpg,metal
garbage_classification\shoes\shoes610.jpg,shoes
garbage_classification\shoes\shoes310.jpg,shoes
garbage_classification\clothes\clothes1962.jpg,clothes
garbage_classification\clothes\clothes1021.jpg,clothes
garbage_classification\clothes\clothes437.jpg,clothes
garbage_classification\green-glass\green-glass382.jpg,green-glass
garbage_classification\trash\trash347.jpg,trash
garbage_classification\clothes\clothes3928.jpg,clothes
garbage_classification\clothes\clothes5120.jpg,clothes
garbage_classification\shoes\shoes1160.jpg,shoes
garbage_classification\plastic\plastic582.jpg,plastic
garbage_classification\biological\biological416.jpg,biological
garbage_classification\shoes\shoes991.jpg,shoes
garbage_classification\clothes\clothes2407.jpg,clothes
garbage_classification\green-glass\green-glass195.jpg,green-glass
garbage_classification\clothes\clothes4847.jpg,clothes
garbage_classification\cardboard\cardboard773.jpg,cardboard
garbage_classification\clothes\clothes4970.jpg,clothes
garbage_classification\cardboard\cardboard5.jpg,cardboard
garbage_classification\clothes\clothes3516.jpg,clothes
garbage_classification\clothes\clothes5026.jpg,clothes
garbage_classification\clothes\clothes1116.jpg,clothes
garbage_classification\metal\metal372.jpg,metal
garbage_classification\clothes\clothes1910.jpg,clothes
garbage_classification\metal\metal353.jpg,metal
garbage_classification\clothes\clothes3741.jpg,clothes
garbage_classification\clothes\clothes1846.jpg,clothes
garbage_classification\battery\battery126.jpg,battery
garbage_classification\shoes\shoes465.jpg,shoes
garbage_classification\green-glass\green-glass284.jpg,green-glass
garbage_classification\clothes\clothes1455.jpg,clothes
garbage_classification\shoes\shoes549.jpg,shoes
garbage_classification\clothes\clothes93.jpg,clothes
garbage_classification\shoes\shoes1600.jpg,shoes
garbage_classification\clothes\clothes3007.jpg,clothes
garbage_classification\clothes\clothes2792.jpg,clothes
garbage_classification\plastic\plastic589.jpg,plastic
garbage_classification\clothes\clothes1198.jpg,clothes
garbage_classification\green-glass\green-glass587.jpg,green-glass
garbage_classification\white-glass\white-glass343.jpg,white-glass
garbage_classification\cardboard\cardboard191.jpg,cardboard
garbage_classification\paper\paper375.jpg,paper
garbage_classification\brown-glass\brown-glass63.jpg,brown-glass
garbage_classification\paper\paper1046.jpg,paper
garbage_classification\paper\paper790.jpg,paper
garbage_classification\plastic\plastic200.jpg,plastic
garbage_classification\clothes\clothes5122.jpg,clothes
garbage_classification\white-glass\white-glass687.jpg,white-glass
garbage_classification\battery\battery565.jpg,battery
garbage_classification\trash\trash427.jpg,trash
garbage_classification\clothes\clothes1444.jpg,clothes
garbage_classification\metal\metal707.jpg,metal
garbage_classification\clothes\clothes149.jpg,clothes
garbage_classification\brown-glass\brown-glass56.jpg,brown-glass
garbage_classification\battery\battery426.jpg,battery
garbage_classification\cardboard\cardboard347.jpg,cardboard
garbage_classification\shoes\shoes1532.jpg,shoes
garbage_classification\clothes\clothes2704.jpg,clothes
garbage_classification\metal\metal273.jpg,metal
garbage_classification\paper\paper34.jpg,paper
garbage_classification\metal\metal59.jpg,metal
garbage_classification\clothes\clothes357.jpg,clothes
garbage_classification\clothes\clothes3260.jpg,clothes
garbage_classification\biological\biological22.jpg,biological
garbage_classification\clothes\clothes1738.jpg,clothes
garbage_classification\green-glass\green-glass156.jpg,green-glass
garbage_classification\biological\biological296.jpg,biological
garbage_classification\white-glass\white-glass748.jpg,white-glass
garbage_classification\biological\biological144.jpg,biological
garbage_classification\battery\battery637.jpg,battery
garbage_classification\battery\battery786.jpg,battery
garbage_classification\cardboard\cardboard400.jpg,cardboard
garbage_classification\clothes\clothes5217.jpg,clothes
garbage_classification\shoes\shoes1027.jpg,shoes
garbage_classification\shoes\shoes328.jpg,shoes
garbage_classification\paper\paper553.jpg,paper
garbage_classification\clothes\clothes1694.jpg,clothes
garbage_classification\biological\biological872.jpg,biological
garbage_classification\clothes\clothes3854.jpg,clothes
garbage_classification\plastic\plastic238.jpg,plastic
garbage_classification\battery\battery261.jpg,battery
garbage_classification\white-glass\white-glass175.jpg,white-glass
garbage_classification\cardboard\cardboard451.jpg,cardboard
garbage_classification\clothes\clothes4635.jpg,clothes
garbage_classification\clothes\clothes3606.jpg,clothes
garbage_classification\shoes\shoes1565.jpg,shoes
garbage_classification\clothes\clothes4417.jpg,clothes
garbage_classification\cardboard\cardboard874.jpg,cardboard
garbage_classification\paper\paper453.jpg,paper
garbage_classification\clothes\clothes3900.jpg,clothes
garbage_classification\paper\paper502.jpg,paper
garbage_classification\clothes\clothes594.jpg,clothes
garbage_classification\cardboard\cardboard408.jpg,cardboard
garbage_classification\metal\metal274.jpg,metal
garbage_classification\brown-glass\brown-glass255.jpg,brown-glass
garbage_classification\paper\paper927.jpg,paper
garbage_classification\trash\trash234.jpg,trash
garbage_classification\clothes\clothes5288.jpg,clothes
garbage_classification\brown-glass\brown-glass539.jpg,brown-glass
garbage_classification\metal\metal50.jpg,metal
garbage_classification\battery\battery172.jpg,battery
garbage_classification\shoes\shoes341.jpg,shoes
garbage_classification\trash\trash610.jpg,trash
garbage_classification\clothes\clothes1474.jpg,clothes
garbage_classification\shoes\shoes1583.jpg,shoes
garbage_classification\clothes\clothes5114.jpg,clothes
garbage_classification\shoes\shoes1383.jpg,shoes
garbage_classification\paper\paper955.jpg,paper
garbage_classification\clothes\clothes3400.jpg,clothes
garbage_classification\cardboard\cardboard286.jpg,cardboard
garbage_classification\green-glass\green-glass162.jpg,green-glass
garbage_classification\white-glass\white-glass109.jpg,white-glass
garbage_classification\clothes\clothes4562.jpg,clothes
garbage_classification\cardboard\cardboard352.jpg,cardboard
garbage_classification\battery\battery790.jpg,battery
garbage_classification\clothes\clothes4319.jpg,clothes
garbage_classification\shoes\shoes453.jpg,shoes
garbage_classification\green-glass\green-glass270.jpg,green-glass
garbage_classification\shoes\shoes1656.jpg,shoes
garbage_classification\clothes\clothes3625.jpg,clothes
garbage_classification\brown-glass\brown-glass87.jpg,brown-glass
garbage_classification\clothes\clothes3828.jpg,clothes
garbage_classification\paper\paper902.jpg,paper
garbage_classification\paper\paper232.jpg,paper
garbage_classification\clothes\clothes2354.jpg,clothes
garbage_classification\shoes\shoes1856.jpg,shoes
garbage_classification\clothes\clothes3174.jpg,clothes
garbage_classification\white-glass\white-glass770.jpg,white-glass
garbage_classification\paper\paper700.jpg,paper
garbage_classification\clothes\clothes4453.jpg,clothes
garbage_classification\clothes\clothes3712.jpg,clothes
garbage_classification\shoes\shoes26.jpg,shoes
garbage_classification\battery\battery617.jpg,battery
garbage_classification\battery\battery215.jpg,battery
garbage_classification\clothes\clothes3637.jpg,clothes
garbage_classification\battery\battery685.jpg,battery
garbage_classification\plastic\plastic244.jpg,plastic
garbage_classification\paper\paper335.jpg,paper
garbage_classification\biological\biological493.jpg,biological
garbage_classification\clothes\clothes75.jpg,clothes
garbage_classification\metal\metal14.jpg,metal
garbage_classification\shoes\shoes1265.jpg,shoes
garbage_classification\shoes\shoes1211.jpg,shoes
garbage_classification\plastic\plastic715.jpg,plastic
garbage_classification\biological\biological765.jpg,biological
garbage_classification\shoes\shoes1582.jpg,shoes
garbage_classification\clothes\clothes2976.jpg,clothes
garbage_classification\biological\biological786.jpg,biological
garbage_classification\clothes\clothes5321.jpg,clothes
garbage_classification\metal\metal105.jpg,metal
garbage_classification\clothes\clothes3275.jpg,clothes
garbage_classification\plastic\plastic854.jpg,plastic
garbage_classification\battery\battery495.jpg,battery
garbage_classification\metal\metal294.jpg,metal
garbage_classification\shoes\shoes1651.jpg,shoes
garbage_classification\metal\metal15.jpg,metal
garbage_classification\green-glass\green-glass600.jpg,green-glass
garbage_classification\cardboard\cardboard445.jpg,cardboard
garbage_classification\biological\biological357.jpg,biological
garbage_classification\clothes\clothes1855.jpg,clothes
garbage_classification\shoes\shoes597.jpg,shoes
garbage_classification\brown-glass\brown-glass235.jpg,brown-glass
garbage_classification\clothes\clothes3160.jpg,clothes
garbage_classification\biological\biological900.jpg,biological
garbage_classification\clothes\clothes2891.jpg,clothes
garbage_classification\clothes\clothes4044.jpg,clothes
garbage_classification\battery\battery328.jpg,battery
garbage_classification\clothes\clothes4027.jpg,clothes
garbage_classification\shoes\shoes721.jpg,shoes
garbage_classification\white-glass\white-glass139.jpg,white-glass
garbage_classification\white-glass\white-glass313.jpg,white-glass
garbage_classification\clothes\clothes3902.jpg,clothes
garbage_classification\paper\paper373.jpg,paper
garbage_classification\clothes\clothes1451.jpg,clothes
garbage_classification\paper\paper682.jpg,paper
garbage_classification\clothes\clothes1760.jpg,clothes
garbage_classification\brown-glass\brown-glass85.jpg,brown-glass
garbage_classification\shoes\shoes1243.jpg,shoes
garbage_classification\biological\biological599.jpg,biological
garbage_classification\paper\paper393.jpg,paper
garbage_classification\clothes\clothes4644.jpg,clothes
garbage_classification\clothes\clothes2283.jpg,clothes
garbage_classification\trash\trash618.jpg,trash
garbage_classification\cardboard\cardboard16.jpg,cardboard
garbage_classification\cardboard\cardboard648.jpg,cardboard
garbage_classification\trash\trash58.jpg,trash
garbage_classification\clothes\clothes4721.jpg,clothes
garbage_classification\clothes\clothes667.jpg,clothes
garbage_classification\shoes\shoes1626.jpg,shoes
garbage_classification\clothes\clothes3431.jpg,clothes
garbage_classification\clothes\clothes974.jpg,clothes
garbage_classification\cardboard\cardboard148.jpg,cardboard
garbage_classification\shoes\shoes1811.jpg,shoes
garbage_classification\biological\biological921.jpg,biological
garbage_classification\battery\battery333.jpg,battery
garbage_classification\brown-glass\brown-glass482.jpg,brown-glass
garbage_classification\metal\metal679.jpg,metal
garbage_classification\brown-glass\brown-glass104.jpg,brown-glass
garbage_classification\trash\trash79.jpg,trash
garbage_classification\plastic\plastic733.jpg,plastic
garbage_classification\clothes\clothes1747.jpg,clothes
garbage_classification\clothes\clothes4287.jpg,clothes
garbage_classification\brown-glass\brown-glass61.jpg,brown-glass
garbage_classification\clothes\clothes4524.jpg,clothes
garbage_classification\clothes\clothes4359.jpg,clothes
garbage_classification\clothes\clothes4334.jpg,clothes
garbage_classification\green-glass\green-glass491.jpg,green-glass
garbage_classification\clothes\clothes3760.jpg,clothes
garbage_classification\battery\battery32.jpg,battery
garbage_classification\brown-glass\brown-glass577.jpg,brown-glass
garbage_classification\metal\metal88.jpg,metal
garbage_classification\shoes\shoes1797.jpg,shoes
garbage_classification\shoes\shoes1884.jpg,shoes
garbage_classification\clothes\clothes2135.jpg,clothes
garbage_classification\clothes\clothes1285.jpg,clothes
garbage_classification\clothes\clothes1358.jpg,clothes
garbage_classification\clothes\clothes4889.jpg,clothes
garbage_classification\clothes\clothes2645.jpg,clothes
garbage_classification\cardboard\cardboard826.jpg,cardboard
garbage_classification\metal\metal606.jpg,metal
garbage_classification\battery\battery114.jpg,battery
garbage_classification\battery\battery629.jpg,battery
garbage_classification\paper\paper77.jpg,paper
garbage_classification\shoes\shoes596.jpg,shoes
garbage_classification\cardboard\cardboard871.jpg,cardboard
garbage_classification\white-glass\white-glass479.jpg,white-glass
garbage_classification\clothes\clothes1882.jpg,clothes
garbage_classification\green-glass\green-glass616.jpg,green-glass
garbage_classification\brown-glass\brown-glass493.jpg,brown-glass
garbage_classification\clothes\clothes687.jpg,clothes
garbage_classification\battery\battery363.jpg,battery
garbage_classification\clothes\clothes2157.jpg,clothes
garbage_classification\metal\metal729.jpg,metal
garbage_classification\white-glass\white-glass13.jpg,white-glass
garbage_classification\paper\paper444.jpg,paper
garbage_classification\shoes\shoes55.jpg,shoes
garbage_classification\paper\paper962.jpg,paper
garbage_classification\battery\battery592.jpg,battery
garbage_classification\clothes\clothes4682.jpg,clothes
garbage_classification\white-glass\white-glass643.jpg,white-glass
garbage_classification\battery\battery930.jpg,battery
garbage_classification\white-glass\white-glass32.jpg,white-glass
garbage_classification\shoes\shoes1777.jpg,shoes
garbage_classification\shoes\shoes1599.jpg,shoes
garbage_classification\white-glass\white-glass393.jpg,white-glass
garbage_classification\trash\trash267.jpg,trash
garbage_classification\clothes\clothes2090.jpg,clothes
garbage_classification\biological\biological189.jpg,biological
garbage_classification\clothes\clothes1928.jpg,clothes
garbage_classification\clothes\clothes210.jpg,clothes
garbage_classification\white-glass\white-glass663.jpg,white-glass
garbage_classification\clothes\clothes1022.jpg,clothes
garbage_classification\battery\battery58.jpg,battery
garbage_classification\biological\biological957.jpg,biological
garbage_classification\clothes\clothes4765.jpg,clothes
garbage_classification\clothes\clothes1613.jpg,clothes
garbage_classification\clothes\clothes5166.jpg,clothes
garbage_classification\shoes\shoes812.jpg,shoes
garbage_classification\battery\battery254.jpg,battery
garbage_classification\shoes\shoes1690.jpg,shoes
garbage_classification\paper\paper91.jpg,paper
garbage_classification\metal\metal617.jpg,metal
garbage_classification\clothes\clothes3717.jpg,clothes
garbage_classification\biological\biological866.jpg,biological
garbage_classification\plastic\plastic26.jpg,plastic
garbage_classification\plastic\plastic491.jpg,plastic
garbage_classification\paper\paper368.jpg,paper
garbage_classification\clothes\clothes984.jpg,clothes
garbage_classification\clothes\clothes5021.jpg,clothes
garbage_classification\battery\battery847.jpg,battery
garbage_classification\metal\metal536.jpg,metal
garbage_classification\clothes\clothes2277.jpg,clothes
garbage_classification\clothes\clothes2980.jpg,clothes
garbage_classification\plastic\plastic48.jpg,plastic
garbage_classification\clothes\clothes2558.jpg,clothes
garbage_classification\clothes\clothes4310.jpg,clothes
garbage_classification\trash\trash579.jpg,trash
garbage_classification\clothes\clothes3240.jpg,clothes
garbage_classification\paper\paper79.jpg,paper
garbage_classification\trash\trash458.jpg,trash
garbage_classification\clothes\clothes659.jpg,clothes
garbage_classification\clothes\clothes4036.jpg,clothes
garbage_classification\clothes\clothes4018.jpg,clothes
garbage_classification\battery\battery660.jpg,battery
garbage_classification\shoes\shoes57.jpg,shoes
garbage_classification\brown-glass\brown-glass77.jpg,brown-glass
garbage_classification\shoes\shoes1610.jpg,shoes
garbage_classification\shoes\shoes997.jpg,shoes
garbage_classification\paper\paper425.jpg,paper
garbage_classification\clothes\clothes774.jpg,clothes
garbage_classification\cardboard\cardboard836.jpg,cardboard
garbage_classification\paper\paper349.jpg,paper
garbage_classification\shoes\shoes1169.jpg,shoes
garbage_classification\metal\metal556.jpg,metal
garbage_classification\shoes\shoes129.jpg,shoes
garbage_classification\green-glass\green-glass256.jpg,green-glass
garbage_classification\cardboard\cardboard785.jpg,cardboard
garbage_classification\white-glass\white-glass338.jpg,white-glass
garbage_classification\metal\metal123.jpg,metal
garbage_classification\clothes\clothes968.jpg,clothes
garbage_classification\biological\biological404.jpg,biological
garbage_classification\trash\trash265.jpg,trash
garbage_classification\battery\battery770.jpg,battery
garbage_classification\metal\metal722.jpg,metal
garbage_classification\shoes\shoes1225.jpg,shoes
garbage_classification\metal\metal575.jpg,metal
garbage_classification\shoes\shoes898.jpg,shoes
garbage_classification\trash\trash420.jpg,trash
garbage_classification\battery\battery492.jpg,battery
garbage_classification\cardboard\cardboard293.jpg,cardboard
garbage_classification\clothes\clothes3077.jpg,clothes
garbage_classification\clothes\clothes3954.jpg,clothes
garbage_classification\clothes\clothes2782.jpg,clothes
garbage_classification\shoes\shoes1028.jpg,shoes
garbage_classification\shoes\shoes1894.jpg,shoes
garbage_classification\clothes\clothes943.jpg,clothes
garbage_classification\clothes\clothes2035.jpg,clothes
garbage_classification\biological\biological835.jpg,biological
garbage_classification\cardboard\cardboard171.jpg,cardboard
garbage_classification\plastic\plastic472.jpg,plastic
garbage_classification\clothes\clothes2015.jpg,clothes
garbage_classification\battery\battery699.jpg,battery
garbage_classification\clothes\clothes3883.jpg,clothes
garbage_classification\clothes\clothes1580.jpg,clothes
garbage_classification\clothes\clothes2948.jpg,clothes
garbage_classification\battery\battery744.jpg,battery
garbage_classification\clothes\clothes4728.jpg,clothes
garbage_classification\battery\battery675.jpg,battery
garbage_classification\biological\biological213.jpg,biological
garbage_classification\clothes\clothes4986.jpg,clothes
garbage_classification\paper\paper214.jpg,paper
garbage_classification\clothes\clothes4488.jpg,clothes
garbage_classification\biological\biological343.jpg,biological
garbage_classification\cardboard\cardboard389.jpg,cardboard
garbage_classification\brown-glass\brown-glass219.jpg,brown-glass
garbage_classification\clothes\clothes2043.jpg,clothes
garbage_classification\clothes\clothes4672.jpg,clothes
garbage_classification\clothes\clothes2229.jpg,clothes
garbage_classification\brown-glass\brown-glass38.jpg,brown-glass
garbage_classification\trash\trash369.jpg,trash
garbage_classification\clothes\clothes3136.jpg,clothes
garbage_classification\shoes\shoes957.jpg,shoes
garbage_classification\clothes\clothes4322.jpg,clothes
garbage_classification\battery\battery718.jpg,battery
garbage_classification\clothes\clothes4469.jpg,clothes
garbage_classification\clothes\clothes2607.jpg,clothes
garbage_classification\biological\biological48.jpg,biological
garbage_classification\green-glass\green-glass139.jpg,green-glass
garbage_classification\cardboard\cardboard437.jpg,cardboard
garbage_classification\biological\biological340.jpg,biological
garbage_classification\battery\battery474.jpg,battery
garbage_classification\trash\trash321.jpg,trash
garbage_classification\clothes\clothes3286.jpg,clothes
garbage_classification\clothes\clothes272.jpg,clothes
garbage_classification\clothes\clothes2202.jpg,clothes
garbage_classification\battery\battery882.jpg,battery
garbage_classification\clothes\clothes4777.jpg,clothes
garbage_classification\battery\battery505.jpg,battery
garbage_classification\battery\battery46.jpg,battery
garbage_classification\metal\metal673.jpg,metal
garbage_classification\clothes\clothes4150.jpg,clothes
garbage_classification\biological\biological631.jpg,biological
garbage_classification\clothes\clothes4177.jpg,clothes
garbage_classification\paper\paper759.jpg,paper
garbage_classification\green-glass\green-glass547.jpg,green-glass
garbage_classification\shoes\shoes727.jpg,shoes
garbage_classification\battery\battery693.jpg,battery
garbage_classification\clothes\clothes839.jpg,clothes
garbage_classification\cardboard\cardboard343.jpg,cardboard
garbage_classification\white-glass\white-glass111.jpg,white-glass
garbage_classification\plastic\plastic43.jpg,plastic
garbage_classification\shoes\shoes1896.jpg,shoes
garbage_classification\clothes\clothes91.jpg,clothes
garbage_classification\biological\biological134.jpg,biological
garbage_classification\brown-glass\brown-glass498.jpg,brown-glass
garbage_classification\shoes\shoes139.jpg,shoes
garbage_classification\paper\paper327.jpg,paper
garbage_classification\white-glass\white-glass293.jpg,white-glass
garbage_classification\metal\metal661.jpg,metal
garbage_classification\battery\battery871.jpg,battery
garbage_classification\shoes\shoes625.jpg,shoes
garbage_classification\clothes\clothes2771.jpg,clothes
garbage_classification\white-glass\white-glass567.jpg,white-glass
garbage_classification\shoes\shoes1019.jpg,shoes
garbage_classification\biological\biological922.jpg,biological
garbage_classification\clothes\clothes5074.jpg,clothes
garbage_classification\biological\biological318.jpg,biological
garbage_classification\shoes\shoes1418.jpg,shoes
garbage_classification\biological\biological606.jpg,biological
garbage_classification\clothes\clothes2928.jpg,clothes
garbage_classification\clothes\clothes882.jpg,clothes
garbage_classification\paper\paper1038.jpg,paper
garbage_classification\shoes\shoes1733.jpg,shoes
garbage_classification\clothes\clothes3496.jpg,clothes
garbage_classification\brown-glass\brown-glass69.jpg,brown-glass
garbage_classification\cardboard\cardboard322.jpg,cardboard
garbage_classification\clothes\clothes3895.jpg,clothes
garbage_classification\trash\trash550.jpg,trash
garbage_classification\shoes\shoes732.jpg,shoes
garbage_classification\biological\biological829.jpg,biological
garbage_classification\green-glass\green-glass166.jpg,green-glass
garbage_classification\paper\paper893.jpg,paper
garbage_classification\clothes\clothes2138.jpg,clothes
garbage_classification\clothes\clothes2251.jpg,clothes
garbage_classification\shoes\shoes1877.jpg,shoes
garbage_classification\clothes\clothes407.jpg,clothes
garbage_classification\shoes\shoes517.jpg,shoes
garbage_classification\plastic\plastic805.jpg,plastic
garbage_classification\shoes\shoes1748.jpg,shoes
garbage_classification\biological\biological649.jpg,biological
garbage_classification\battery\battery775.jpg,battery
garbage_classification\biological\biological864.jpg,biological
garbage_classification\clothes\clothes1718.jpg,clothes
garbage_classification\clothes\clothes991.jpg,clothes
garbage_classification\clothes\clothes861.jpg,clothes
garbage_classification\clothes\clothes2200.jpg,clothes
garbage_classification\shoes\shoes719.jpg,shoes
garbage_classification\metal\metal443.jpg,metal
garbage_classification\clothes\clothes471.jpg,clothes
garbage_classification\shoes\shoes600.jpg,shoes
garbage_classification\clothes\clothes1896.jpg,clothes
garbage_classification\shoes\shoes1971.jpg,shoes
garbage_classification\clothes\clothes3357.jpg,clothes
garbage_classification\clothes\clothes1513.jpg,clothes
garbage_classification\shoes\shoes1058.jpg,shoes
garbage_classification\metal\metal613.jpg,metal
garbage_classification\trash\trash101.jpg,trash
garbage_classification\metal\metal311.jpg,metal
garbage_classification\cardboard\cardboard111.jpg,cardboard
garbage_classification\clothes\clothes1978.jpg,clothes
garbage_classification\green-glass\green-glass412.jpg,green-glass
garbage_classification\shoes\shoes792.jpg,shoes
garbage_classification\clothes\clothes3808.jpg,clothes
garbage_classification\shoes\shoes632.jpg,shoes
garbage_classification\clothes\clothes4717.jpg,clothes
garbage_classification\brown-glass\brown-glass528.jpg,brown-glass
garbage_classification\shoes\shoes1911.jpg,shoes
garbage_classification\biological\biological243.jpg,biological
garbage_classification\plastic\plastic313.jpg,plastic
garbage_classification\shoes\shoes185.jpg,shoes
garbage_classification\paper\paper975.jpg,paper
garbage_classification\plastic\plastic229.jpg,plastic
garbage_classification\metal\metal721.jpg,metal
garbage_classification\clothes\clothes467.jpg,clothes
garbage_classification\paper\paper728.jpg,paper
garbage_classification\clothes\clothes1888.jpg,clothes
garbage_classification\battery\battery624.jpg,battery
garbage_classification\clothes\clothes2101.jpg,clothes
garbage_classification\green-glass\green-glass111.jpg,green-glass
garbage_classification\clothes\clothes2415.jpg,clothes
garbage_classification\trash\trash20.jpg,trash
garbage_classification\brown-glass\brown-glass452.jpg,brown-glass
garbage_classification\brown-glass\brown-glass32.jpg,brown-glass
garbage_classification\biological\biological898.jpg,biological
garbage_classification\battery\battery802.jpg,battery
garbage_classification\paper\paper17.jpg,paper
garbage_classification\cardboard\cardboard759.jpg,cardboard
garbage_classification\brown-glass\brown-glass350.jpg,brown-glass
garbage_classification\clothes\clothes40.jpg,clothes
garbage_classification\battery\battery825.jpg,battery
garbage_classification\brown-glass\brown-glass291.jpg,brown-glass
garbage_classification\metal\metal414.jpg,metal
garbage_classification\clothes\clothes3527.jpg,clothes
garbage_classification\shoes\shoes1642.jpg,shoes
garbage_classification\white-glass\white-glass276.jpg,white-glass
garbage_classification\paper\paper423.jpg,paper
garbage_classification\clothes\clothes4477.jpg,clothes
garbage_classification\shoes\shoes1224.jpg,shoes
garbage_classification\shoes\shoes14.jpg,shoes
garbage_classification\cardboard\cardboard135.jpg,cardboard
garbage_classification\shoes\shoes1183.jpg,shoes
garbage_classification\clothes\clothes1576.jpg,clothes
garbage_classification\clothes\clothes2865.jpg,clothes
garbage_classification\biological\biological645.jpg,biological
garbage_classification\white-glass\white-glass490.jpg,white-glass
garbage_classification\cardboard\cardboard332.jpg,cardboard
garbage_classification\clothes\clothes4085.jpg,clothes
garbage_classification\clothes\clothes20.jpg,clothes
garbage_classification\cardboard\cardboard325.jpg,cardboard
garbage_classification\plastic\plastic643.jpg,plastic
garbage_classification\clothes\clothes4530.jpg,clothes
garbage_classification\battery\battery569.jpg,battery
garbage_classification\clothes\clothes3198.jpg,clothes
garbage_classification\metal\metal563.jpg,metal
garbage_classification\clothes\clothes2180.jpg,clothes
garbage_classification\plastic\plastic262.jpg,plastic
garbage_classification\white-glass\white-glass359.jpg,white-glass
garbage_classification\clothes\clothes5005.jpg,clothes
garbage_classification\shoes\shoes1560.jpg,shoes
garbage_classification\clothes\clothes1150.jpg,clothes
garbage_classification\clothes\clothes4559.jpg,clothes
garbage_classification\shoes\shoes1229.jpg,shoes
garbage_classification\battery\battery687.jpg,battery
garbage_classification\biological\biological757.jpg,biological
garbage_classification\shoes\shoes427.jpg,shoes
garbage_classification\shoes\shoes1855.jpg,shoes
garbage_classification\trash\trash499.jpg,trash
garbage_classification\trash\trash6.jpg,trash
garbage_classification\biological\biological464.jpg,biological
garbage_classification\cardboard\cardboard18.jpg,cardboard
garbage_classification\clothes\clothes3827.jpg,clothes
garbage_classification\plastic\plastic177.jpg,plastic
garbage_classification\biological\biological405.jpg,biological
garbage_classification\shoes\shoes1632.jpg,shoes
garbage_classification\paper\paper131.jpg,paper
garbage_classification\shoes\shoes669.jpg,shoes
garbage_classification\clothes\clothes2338.jpg,clothes
garbage_classification\clothes\clothes3156.jpg,clothes
garbage_classification\metal\metal249.jpg,metal
garbage_classification\metal\metal234.jpg,metal
garbage_classification\cardboard\cardboard579.jpg,cardboard
garbage_classification\shoes\shoes131.jpg,shoes
garbage_classification\clothes\clothes5106.jpg,clothes
garbage_classification\brown-glass\brown-glass132.jpg,brown-glass
garbage_classification\paper\paper275.jpg,paper
garbage_classification\green-glass\green-glass319.jpg,green-glass
garbage_classification\trash\trash512.jpg,trash
garbage_classification\biological\biological449.jpg,biological
garbage_classification\brown-glass\brown-glass568.jpg,brown-glass
garbage_classification\clothes\clothes3070.jpg,clothes
garbage_classification\white-glass\white-glass488.jpg,white-glass
garbage_classification\trash\trash453.jpg,trash
garbage_classification\paper\paper942.jpg,paper
garbage_classification\clothes\clothes1323.jpg,clothes
garbage_classification\shoes\shoes694.jpg,shoes
garbage_classification\cardboard\cardboard758.jpg,cardboard
garbage_classification\clothes\clothes372.jpg,clothes
garbage_classification\clothes\clothes2749.jpg,clothes
garbage_classification\white-glass\white-glass355.jpg,white-glass
garbage_classification\clothes\clothes4538.jpg,clothes
garbage_classification\biological\biological15.jpg,biological
garbage_classification\metal\metal176.jpg,metal
garbage_classification\clothes\clothes1017.jpg,clothes
garbage_classification\cardboard\cardboard226.jpg,cardboard
garbage_classification\clothes\clothes4909.jpg,clothes
garbage_classification\clothes\clothes2371.jpg,clothes
garbage_classification\shoes\shoes1521.jpg,shoes
garbage_classification\clothes\clothes2747.jpg,clothes
garbage_classification\cardboard\cardboard866.jpg,cardboard
garbage_classification\metal\metal350.jpg,metal
garbage_classification\clothes\clothes99.jpg,clothes
garbage_classification\clothes\clothes2027.jpg,clothes
garbage_classification\shoes\shoes1254.jpg,shoes
garbage_classification\clothes\clothes3186.jpg,clothes
garbage_classification\shoes\shoes722.jpg,shoes
garbage_classification\clothes\clothes1719.jpg,clothes
garbage_classification\battery\battery932.jpg,battery
garbage_classification\clothes\clothes3644.jpg,clothes
garbage_classification\paper\paper119.jpg,paper
garbage_classification\battery\battery857.jpg,battery
garbage_classification\battery\battery703.jpg,battery
garbage_classification\brown-glass\brown-glass280.jpg,brown-glass
garbage_classification\plastic\plastic464.jpg,plastic
garbage_classification\clothes\clothes4594.jpg,clothes
garbage_classification\trash\trash501.jpg,trash
garbage_classification\clothes\clothes3581.jpg,clothes
garbage_classification\white-glass\white-glass709.jpg,white-glass
garbage_classification\biological\biological531.jpg,biological
garbage_classification\biological\biological771.jpg,biological
garbage_classification\clothes\clothes2288.jpg,clothes
garbage_classification\clothes\clothes1415.jpg,clothes
garbage_classification\green-glass\green-glass376.jpg,green-glass
garbage_classification\trash\trash191.jpg,trash
garbage_classification\metal\metal203.jpg,metal
garbage_classification\white-glass\white-glass85.jpg,white-glass
garbage_classification\battery\battery834.jpg,battery
garbage_classification\shoes\shoes519.jpg,shoes
garbage_classification\plastic\plastic379.jpg,plastic
garbage_classification\clothes\clothes1959.jpg,clothes
garbage_classification\clothes\clothes4579.jpg,clothes
garbage_classification\green-glass\green-glass378.jpg,green-glass
garbage_classification\clothes\clothes2453.jpg,clothes
garbage_classification\clothes\clothes4952.jpg,clothes
garbage_classification\clothes\clothes1934.jpg,clothes
garbage_classification\paper\paper495.jpg,paper
garbage_classification\battery\battery814.jpg,battery
garbage_classification\clothes\clothes1618.jpg,clothes
garbage_classification\paper\paper819.jpg,paper
garbage_classification\battery\battery329.jpg,battery
garbage_classification\clothes\clothes4598.jpg,clothes
garbage_classification\shoes\shoes169.jpg,shoes
garbage_classification\biological\biological731.jpg,biological
garbage_classification\clothes\clothes3675.jpg,clothes
garbage_classification\brown-glass\brown-glass408.jpg,brown-glass
garbage_classification\clothes\clothes3250.jpg,clothes
garbage_classification\clothes\clothes3968.jpg,clothes
garbage_classification\paper\paper499.jpg,paper
garbage_classification\battery\battery732.jpg,battery
garbage_classification\paper\paper56.jpg,paper
garbage_classification\white-glass\white-glass602.jpg,white-glass
garbage_classification\metal\metal683.jpg,metal
garbage_classification\clothes\clothes1130.jpg,clothes
garbage_classification\metal\metal711.jpg,metal
garbage_classification\paper\paper191.jpg,paper
garbage_classification\clothes\clothes3865.jpg,clothes
garbage_classification\white-glass\white-glass389.jpg,white-glass
garbage_classification\cardboard\cardboard421.jpg,cardboard
garbage_classification\clothes\clothes2651.jpg,clothes
garbage_classification\biological\biological430.jpg,biological
garbage_classification\plastic\plastic675.jpg,plastic
garbage_classification\white-glass\white-glass331.jpg,white-glass
garbage_classification\cardboard\cardboard64.jpg,cardboard
garbage_classification\paper\paper1029.jpg,paper
garbage_classification\clothes\clothes5262.jpg,clothes
garbage_classification\biological\biological767.jpg,biological
garbage_classification\paper\paper192.jpg,paper
garbage_classification\clothes\clothes4785.jpg,clothes
garbage_classification\biological\biological373.jpg,biological
garbage_classification\shoes\shoes136.jpg,shoes
garbage_classification\clothes\clothes4683.jpg,clothes
garbage_classification\trash\trash558.jpg,trash
garbage_classification\clothes\clothes26.jpg,clothes
garbage_classification\battery\battery222.jpg,battery
garbage_classification\clothes\clothes3579.jpg,clothes
garbage_classification\clothes\clothes2756.jpg,clothes
garbage_classification\brown-glass\brown-glass605.jpg,brown-glass
garbage_classification\biological\biological248.jpg,biological
garbage_classification\paper\paper1007.jpg,paper
garbage_classification\clothes\clothes1782.jpg,clothes
garbage_classification\clothes\clothes645.jpg,clothes
garbage_classification\white-glass\white-glass659.jpg,white-glass
garbage_classification\metal\metal630.jpg,metal
garbage_classification\battery\battery143.jpg,battery
garbage_classification\shoes\shoes115.jpg,shoes
garbage_classification\cardboard\cardboard791.jpg,cardboard
garbage_classification\shoes\shoes1853.jpg,shoes
garbage_classification\paper\paper19.jpg,paper
garbage_classification\clothes\clothes5231.jpg,clothes
garbage_classification\clothes\clothes1096.jpg,clothes
garbage_classification\plastic\plastic646.jpg,plastic
garbage_classification\clothes\clothes2842.jpg,clothes
garbage_classification\metal\metal159.jpg,metal
garbage_classification\clothes\clothes1808.jpg,clothes
garbage_classification\plastic\plastic104.jpg,plastic
garbage_classification\paper\paper515.jpg,paper
garbage_classification\clothes\clothes5215.jpg,clothes
garbage_classification\trash\trash401.jpg,trash
garbage_classification\metal\metal464.jpg,metal
garbage_classification\brown-glass\brown-glass499.jpg,brown-glass
garbage_classification\clothes\clothes1069.jpg,clothes
garbage_classification\plastic\plastic713.jpg,plastic
garbage_classification\paper\paper785.jpg,paper
garbage_classification\paper\paper798.jpg,paper
garbage_classification\clothes\clothes3811.jpg,clothes
garbage_classification\shoes\shoes1732.jpg,shoes
garbage_classification\clothes\clothes2208.jpg,clothes
garbage_classification\white-glass\white-glass561.jpg,white-glass
garbage_classification\shoes\shoes854.jpg,shoes
garbage_classification\plastic\plastic711.jpg,plastic
garbage_classification\cardboard\cardboard362.jpg,cardboard
garbage_classification\shoes\shoes1878.jpg,shoes
garbage_classification\clothes\clothes2658.jpg,clothes
garbage_classification\shoes\shoes1447.jpg,shoes
garbage_classification\metal\metal672.jpg,metal
garbage_classification\cardboard\cardboard733.jpg,cardboard
garbage_classification\clothes\clothes1532.jpg,clothes
garbage_classification\clothes\clothes4437.jpg,clothes
garbage_classification\white-glass\white-glass769.jpg,white-glass
garbage_classification\metal\metal553.jpg,metal
garbage_classification\plastic\plastic530.jpg,plastic
garbage_classification\clothes\clothes2355.jpg,clothes
garbage_classification\brown-glass\brown-glass507.jpg,brown-glass
garbage_classification\white-glass\white-glass325.jpg,white-glass
garbage_classification\clothes\clothes4247.jpg,clothes
garbage_classification\clothes\clothes276.jpg,clothes
garbage_classification\green-glass\green-glass438.jpg,green-glass
garbage_classification\clothes\clothes3776.jpg,clothes
garbage_classification\plastic\plastic754.jpg,plastic
garbage_classification\clothes\clothes5219.jpg,clothes
garbage_classification\clothes\clothes3278.jpg,clothes
garbage_classification\battery\battery148.jpg,battery
garbage_classification\plastic\plastic549.jpg,plastic
garbage_classification\battery\battery883.jpg,battery
garbage_classification\clothes\clothes811.jpg,clothes
garbage_classification\metal\metal106.jpg,metal
garbage_classification\biological\biological882.jpg,biological
garbage_classification\biological\biological366.jpg,biological
garbage_classification\clothes\clothes863.jpg,clothes
garbage_classification\white-glass\white-glass446.jpg,white-glass
garbage_classification\metal\metal357.jpg,metal
garbage_classification\clothes\clothes517.jpg,clothes
garbage_classification\clothes\clothes3084.jpg,clothes
garbage_classification\clothes\clothes2827.jpg,clothes
garbage_classification\metal\metal111.jpg,metal
garbage_classification\brown-glass\brown-glass285.jpg,brown-glass
garbage_classification\clothes\clothes2506.jpg,clothes
garbage_classification\green-glass\green-glass507.jpg,green-glass
garbage_classification\clothes\clothes1331.jpg,clothes
garbage_classification\clothes\clothes646.jpg,clothes
garbage_classification\clothes\clothes2483.jpg,clothes
garbage_classification\shoes\shoes509.jpg,shoes
garbage_classification\clothes\clothes2858.jpg,clothes
garbage_classification\paper\paper174.jpg,paper
garbage_classification\shoes\shoes1269.jpg,shoes
garbage_classification\biological\biological113.jpg,biological
garbage_classification\clothes\clothes5087.jpg,clothes
garbage_classification\metal\metal628.jpg,metal
garbage_classification\biological\biological528.jpg,biological
garbage_classification\clothes\clothes1471.jpg,clothes
garbage_classification\biological\biological500.jpg,biological
garbage_classification\brown-glass\brown-glass551.jpg,brown-glass
garbage_classification\metal\metal489.jpg,metal
garbage_classification\green-glass\green-glass423.jpg,green-glass
garbage_classification\battery\battery354.jpg,battery
garbage_classification\green-glass\green-glass164.jpg,green-glass
garbage_classification\paper\paper273.jpg,paper
garbage_classification\clothes\clothes1432.jpg,clothes
garbage_classification\clothes\clothes3596.jpg,clothes
garbage_classification\green-glass\green-glass602.jpg,green-glass
garbage_classification\paper\paper748.jpg,paper
garbage_classification\clothes\clothes3904.jpg,clothes
garbage_classification\metal\metal256.jpg,metal
garbage_classification\cardboard\cardboard92.jpg,cardboard
garbage_classification\green-glass\green-glass400.jpg,green-glass
garbage_classification\battery\battery423.jpg,battery
garbage_classification\plastic\plastic651.jpg,plastic
garbage_classification\clothes\clothes2294.jpg,clothes
garbage_classification\trash\trash477.jpg,trash
garbage_classification\cardboard\cardboard833.jpg,cardboard
garbage_classification\clothes\clothes966.jpg,clothes
garbage_classification\paper\paper40.jpg,paper
garbage_classification\clothes\clothes1414.jpg,clothes
garbage_classification\clothes\clothes1640.jpg,clothes
garbage_classification\clothes\clothes3046.jpg,clothes
garbage_classification\clothes\clothes1107.jpg,clothes
garbage_classification\green-glass\green-glass564.jpg,green-glass
garbage_classification\paper\paper839.jpg,paper
garbage_classification\biological\biological841.jpg,biological
garbage_classification\clothes\clothes3801.jpg,clothes
garbage_classification\battery\battery540.jpg,battery
garbage_classification\green-glass\green-glass19.jpg,green-glass
garbage_classification\metal\metal363.jpg,metal
garbage_classification\cardboard\cardboard655.jpg,cardboard
garbage_classification\metal\metal359.jpg,metal
garbage_classification\clothes\clothes1478.jpg,clothes
garbage_classification\shoes\shoes1439.jpg,shoes
garbage_classification\metal\metal129.jpg,metal
garbage_classification\clothes\clothes248.jpg,clothes
garbage_classification\shoes\shoes1440.jpg,shoes
garbage_classification\trash\trash446.jpg,trash
garbage_classification\green-glass\green-glass253.jpg,green-glass
garbage_classification\cardboard\cardboard607.jpg,cardboard
garbage_classification\battery\battery602.jpg,battery
garbage_classification\trash\trash664.jpg,trash
garbage_classification\shoes\shoes1419.jpg,shoes
garbage_classification\clothes\clothes3336.jpg,clothes
garbage_classification\plastic\plastic831.jpg,plastic
garbage_classification\clothes\clothes3442.jpg,clothes
garbage_classification\shoes\shoes548.jpg,shoes
garbage_classification\clothes\clothes4868.jpg,clothes
garbage_classification\trash\trash222.jpg,trash
garbage_classification\metal\metal195.jpg,metal
garbage_classification\paper\paper240.jpg,paper
garbage_classification\biological\biological408.jpg,biological
garbage_classification\battery\battery473.jpg,battery
garbage_classification\battery\battery584.jpg,battery
garbage_classification\paper\paper297.jpg,paper
garbage_classification\plastic\plastic647.jpg,plastic
garbage_classification\trash\trash666.jpg,trash
garbage_classification\clothes\clothes4953.jpg,clothes
garbage_classification\clothes\clothes3435.jpg,clothes
garbage_classification\clothes\clothes1975.jpg,clothes
garbage_classification\clothes\clothes200.jpg,clothes
garbage_classification\clothes\clothes971.jpg,clothes
garbage_classification\paper\paper431.jpg,paper
garbage_classification\clothes\clothes1517.jpg,clothes
garbage_classification\paper\paper497.jpg,paper
garbage_classification\battery\battery547.jpg,battery
garbage_classification\paper\paper1039.jpg,paper
garbage_classification\trash\trash662.jpg,trash
garbage_classification\clothes\clothes2939.jpg,clothes
garbage_classification\clothes\clothes3565.jpg,clothes
garbage_classification\shoes\shoes1699.jpg,shoes
garbage_classification\battery\battery877.jpg,battery
garbage_classification\clothes\clothes5030.jpg,clothes
garbage_classification\clothes\clothes1008.jpg,clothes
garbage_classification\shoes\shoes584.jpg,shoes
garbage_classification\clothes\clothes2709.jpg,clothes
garbage_classification\white-glass\white-glass633.jpg,white-glass
garbage_classification\shoes\shoes507.jpg,shoes
garbage_classification\clothes\clothes989.jpg,clothes
garbage_classification\clothes\clothes489.jpg,clothes
garbage_classification\shoes\shoes716.jpg,shoes
garbage_classification\paper\paper853.jpg,paper
garbage_classification\shoes\shoes1538.jpg,shoes
garbage_classification\clothes\clothes697.jpg,clothes
garbage_classification\brown-glass\brown-glass391.jpg,brown-glass
garbage_classification\white-glass\white-glass363.jpg,white-glass
garbage_classification\battery\battery71.jpg,battery
garbage_classification\white-glass\white-glass89.jpg,white-glass
garbage_classification\clothes\clothes1828.jpg,clothes
garbage_classification\shoes\shoes1681.jpg,shoes
garbage_classification\brown-glass\brown-glass579.jpg,brown-glass
garbage_classification\paper\paper566.jpg,paper
garbage_classification\clothes\clothes4384.jpg,clothes
garbage_classification\shoes\shoes1743.jpg,shoes
garbage_classification\plastic\plastic809.jpg,plastic
garbage_classification\paper\paper511.jpg,paper
garbage_classification\metal\metal291.jpg,metal
garbage_classification\paper\paper221.jpg,paper
garbage_classification\clothes\clothes2583.jpg,clothes
garbage_classification\biological\biological973.jpg,biological
garbage_classification\clothes\clothes735.jpg,clothes
garbage_classification\plastic\plastic816.jpg,plastic
garbage_classification\battery\battery892.jpg,battery
garbage_classification\plastic\plastic448.jpg,plastic
garbage_classification\white-glass\white-glass402.jpg,white-glass
garbage_classification\metal\metal27.jpg,metal
garbage_classification\shoes\shoes1628.jpg,shoes
garbage_classification\cardboard\cardboard120.jpg,cardboard
garbage_classification\plastic\plastic228.jpg,plastic
garbage_classification\clothes\clothes2687.jpg,clothes
garbage_classification\clothes\clothes3343.jpg,clothes
garbage_classification\clothes\clothes987.jpg,clothes
garbage_classification\cardboard\cardboard29.jpg,cardboard
garbage_classification\plastic\plastic739.jpg,plastic
garbage_classification\cardboard\cardboard852.jpg,cardboard
garbage_classification\battery\battery226.jpg,battery
garbage_classification\shoes\shoes986.jpg,shoes
garbage_classification\plastic\plastic172.jpg,plastic
garbage_classification\paper\paper827.jpg,paper
garbage_classification\battery\battery293.jpg,battery
garbage_classification\clothes\clothes2054.jpg,clothes
garbage_classification\brown-glass\brown-glass281.jpg,brown-glass
garbage_classification\battery\battery843.jpg,battery
garbage_classification\plastic\plastic443.jpg,plastic
garbage_classification\white-glass\white-glass262.jpg,white-glass
garbage_classification\battery\battery503.jpg,battery
garbage_classification\metal\metal660.jpg,metal
garbage_classification\biological\biological884.jpg,biological
garbage_classification\cardboard\cardboard526.jpg,cardboard
garbage_classification\trash\trash598.jpg,trash
garbage_classification\paper\paper208.jpg,paper
garbage_classification\trash\trash168.jpg,trash
garbage_classification\cardboard\cardboard550.jpg,cardboard
garbage_classification\shoes\shoes90.jpg,shoes
garbage_classification\clothes\clothes809.jpg,clothes
garbage_classification\clothes\clothes1805.jpg,clothes
garbage_classification\paper\paper816.jpg,paper
garbage_classification\biological\biological783.jpg,biological
garbage_classification\shoes\shoes901.jpg,shoes
garbage_classification\clothes\clothes3821.jpg,clothes
garbage_classification\white-glass\white-glass237.jpg,white-glass
garbage_classification\metal\metal586.jpg,metal
garbage_classification\biological\biological774.jpg,biological
garbage_classification\clothes\clothes2563.jpg,clothes
garbage_classification\clothes\clothes4032.jpg,clothes
garbage_classification\shoes\shoes1479.jpg,shoes
garbage_classification\biological\biological555.jpg,biological
garbage_classification\trash\trash271.jpg,trash
garbage_classification\clothes\clothes2048.jpg,clothes
garbage_classification\shoes\shoes1750.jpg,shoes
garbage_classification\clothes\clothes473.jpg,clothes
garbage_classification\trash\trash624.jpg,trash
garbage_classification\cardboard\cardboard14.jpg,cardboard
garbage_classification\clothes\clothes660.jpg,clothes
garbage_classification\shoes\shoes639.jpg,shoes
garbage_classification\shoes\shoes1202.jpg,shoes
garbage_classification\shoes\shoes1460.jpg,shoes
garbage_classification\battery\battery9.jpg,battery
garbage_classification\clothes\clothes1145.jpg,clothes
garbage_classification\white-glass\white-glass44.jpg,white-glass
garbage_classification\clothes\clothes4522.jpg,clothes
garbage_classification\paper\paper953.jpg,paper
garbage_classification\clothes\clothes3576.jpg,clothes
garbage_classification\clothes\clothes2476.jpg,clothes
garbage_classification\battery\battery80.jpg,battery
garbage_classification\clothes\clothes3790.jpg,clothes
garbage_classification\white-glass\white-glass217.jpg,white-glass
garbage_classification\biological\biological933.jpg,biological
garbage_classification\metal\metal235.jpg,metal
garbage_classification\clothes\clothes461.jpg,clothes
garbage_classification\plastic\plastic395.jpg,plastic
garbage_classification\trash\trash334.jpg,trash
garbage_classification\biological\biological265.jpg,biological
garbage_classification\clothes\clothes4690.jpg,clothes
garbage_classification\white-glass\white-glass240.jpg,white-glass
garbage_classification\white-glass\white-glass376.jpg,white-glass
garbage_classification\paper\paper64.jpg,paper
garbage_classification\shoes\shoes1808.jpg,shoes
garbage_classification\brown-glass\brown-glass254.jpg,brown-glass
garbage_classification\biological\biological124.jpg,biological
garbage_classification\clothes\clothes1354.jpg,clothes
garbage_classification\biological\biological105.jpg,biological
garbage_classification\cardboard\cardboard288.jpg,cardboard
garbage_classification\green-glass\green-glass505.jpg,green-glass
garbage_classification\shoes\shoes1459.jpg,shoes
garbage_classification\clothes\clothes2981.jpg,clothes
garbage_classification\clothes\clothes1243.jpg,clothes
garbage_classification\shoes\shoes39.jpg,shoes
garbage_classification\metal\metal715.jpg,metal
garbage_classification\cardboard\cardboard690.jpg,cardboard
garbage_classification\cardboard\cardboard693.jpg,cardboard
garbage_classification\plastic\plastic402.jpg,plastic
garbage_classification\clothes\clothes3663.jpg,clothes
garbage_classification\trash\trash529.jpg,trash
garbage_classification\clothes\clothes1387.jpg,clothes
garbage_classification\clothes\clothes1643.jpg,clothes
garbage_classification\plastic\plastic444.jpg,plastic
garbage_classification\clothes\clothes4899.jpg,clothes
garbage_classification\paper\paper406.jpg,paper
garbage_classification\shoes\shoes1783.jpg,shoes
garbage_classification\battery\battery42.jpg,battery
garbage_classification\shoes\shoes1829.jpg,shoes
garbage_classification\clothes\clothes1379.jpg,clothes
garbage_classification\paper\paper922.jpg,paper
garbage_classification\shoes\shoes953.jpg,shoes
garbage_classification\shoes\shoes1100.jpg,shoes
garbage_classification\white-glass\white-glass183.jpg,white-glass
garbage_classification\clothes\clothes3039.jpg,clothes
garbage_classification\shoes\shoes415.jpg,shoes
garbage_classification\shoes\shoes296.jpg,shoes
garbage_classification\white-glass\white-glass377.jpg,white-glass
garbage_classification\biological\biological448.jpg,biological
garbage_classification\biological\biological886.jpg,biological
garbage_classification\shoes\shoes807.jpg,shoes
garbage_classification\clothes\clothes2446.jpg,clothes
garbage_classification\green-glass\green-glass112.jpg,green-glass
garbage_classification\white-glass\white-glass57.jpg,white-glass
garbage_classification\clothes\clothes4190.jpg,clothes
garbage_classification\biological\biological482.jpg,biological
garbage_classification\clothes\clothes2599.jpg,clothes
garbage_classification\biological\biological447.jpg,biological
garbage_classification\clothes\clothes3670.jpg,clothes
garbage_classification\plastic\plastic599.jpg,plastic
garbage_classification\shoes\shoes35.jpg,shoes
garbage_classification\shoes\shoes30.jpg,shoes
garbage_classification\cardboard\cardboard602.jpg,cardboard
garbage_classification\clothes\clothes2068.jpg,clothes
garbage_classification\clothes\clothes3001.jpg,clothes
garbage_classification\clothes\clothes1850.jpg,clothes
garbage_classification\clothes\clothes2910.jpg,clothes
garbage_classification\shoes\shoes1145.jpg,shoes
garbage_classification\clothes\clothes860.jpg,clothes
garbage_classification\biological\biological128.jpg,biological
garbage_classification\shoes\shoes698.jpg,shoes
garbage_classification\paper\paper238.jpg,paper
garbage_classification\paper\paper639.jpg,paper
garbage_classification\clothes\clothes4489.jpg,clothes
garbage_classification\clothes\clothes413.jpg,clothes
garbage_classification\white-glass\white-glass415.jpg,white-glass
garbage_classification\clothes\clothes2405.jpg,clothes
garbage_classification\clothes\clothes1470.jpg,clothes
garbage_classification\paper\paper1021.jpg,paper
garbage_classification\battery\battery232.jpg,battery
garbage_classification\clothes\clothes3491.jpg,clothes
garbage_classification\white-glass\white-glass595.jpg,white-glass
garbage_classification\metal\metal186.jpg,metal
garbage_classification\clothes\clothes4493.jpg,clothes
garbage_classification\metal\metal296.jpg,metal
garbage_classification\metal\metal412.jpg,metal
garbage_classification\clothes\clothes5209.jpg,clothes
garbage_classification\plastic\plastic35.jpg,plastic
garbage_classification\battery\battery567.jpg,battery
garbage_classification\plastic\plastic551.jpg,plastic
garbage_classification\clothes\clothes5080.jpg,clothes
garbage_classification\battery\battery199.jpg,battery
garbage_classification\clothes\clothes5167.jpg,clothes
garbage_classification\green-glass\green-glass402.jpg,green-glass
garbage_classification\biological\biological589.jpg,biological
garbage_classification\cardboard\cardboard302.jpg,cardboard
garbage_classification\biological\biological429.jpg,biological
garbage_classification\trash\trash268.jpg,trash
garbage_classification\shoes\shoes249.jpg,shoes
garbage_classification\shoes\shoes419.jpg,shoes
garbage_classification\clothes\clothes3610.jpg,clothes
garbage_classification\clothes\clothes1419.jpg,clothes
garbage_classification\clothes\clothes3998.jpg,clothes
garbage_classification\clothes\clothes1973.jpg,clothes
garbage_classification\paper\paper575.jpg,paper
garbage_classification\brown-glass\brown-glass106.jpg,brown-glass
garbage_classification\plastic\plastic569.jpg,plastic
garbage_classification\clothes\clothes3447.jpg,clothes
garbage_classification\clothes\clothes1264.jpg,clothes
garbage_classification\white-glass\white-glass353.jpg,white-glass
garbage_classification\shoes\shoes1598.jpg,shoes
garbage_classification\clothes\clothes3316.jpg,clothes
garbage_classification\paper\paper910.jpg,paper
garbage_classification\clothes\clothes3851.jpg,clothes
garbage_classification\shoes\shoes1133.jpg,shoes
garbage_classification\shoes\shoes1455.jpg,shoes
garbage_classification\shoes\shoes1622.jpg,shoes
garbage_classification\battery\battery367.jpg,battery
garbage_classification\paper\paper703.jpg,paper
garbage_classification\clothes\clothes828.jpg,clothes
garbage_classification\clothes\clothes4412.jpg,clothes
garbage_classification\clothes\clothes196.jpg,clothes
garbage_classification\trash\trash629.jpg,trash
garbage_classification\battery\battery694.jpg,battery
garbage_classification\battery\battery453.jpg,battery
garbage_classification\metal\metal91.jpg,metal
garbage_classification\shoes\shoes1782.jpg,shoes
garbage_classification\clothes\clothes2913.jpg,clothes
garbage_classification\clothes\clothes4599.jpg,clothes
garbage_classification\clothes\clothes2141.jpg,clothes
garbage_classification\plastic\plastic587.jpg,plastic
garbage_classification\clothes\clothes1518.jpg,clothes
garbage_classification\shoes\shoes1159.jpg,shoes
garbage_classification\paper\paper154.jpg,paper
garbage_classification\shoes\shoes1923.jpg,shoes
garbage_classification\clothes\clothes5249.jpg,clothes
garbage_classification\biological\biological461.jpg,biological
garbage_classification\paper\paper303.jpg,paper
garbage_classification\cardboard\cardboard741.jpg,cardboard
garbage_classification\trash\trash686.jpg,trash
garbage_classification\biological\biological654.jpg,biological
garbage_classification\green-glass\green-glass622.jpg,green-glass
garbage_classification\green-glass\green-glass527.jpg,green-glass
garbage_classification\brown-glass\brown-glass345.jpg,brown-glass
garbage_classification\shoes\shoes833.jpg,shoes
garbage_classification\clothes\clothes1546.jpg,clothes
garbage_classification\clothes\clothes105.jpg,clothes
garbage_classification\plastic\plastic162.jpg,plastic
garbage_classification\biological\biological362.jpg,biological
garbage_classification\green-glass\green-glass561.jpg,green-glass
garbage_classification\shoes\shoes69.jpg,shoes
garbage_classification\white-glass\white-glass651.jpg,white-glass
garbage_classification\clothes\clothes3499.jpg,clothes
garbage_classification\cardboard\cardboard224.jpg,cardboard
garbage_classification\clothes\clothes231.jpg,clothes
garbage_classification\brown-glass\brown-glass137.jpg,brown-glass
garbage_classification\clothes\clothes1353.jpg,clothes
garbage_classification\white-glass\white-glass764.jpg,white-glass
garbage_classification\paper\paper300.jpg,paper
garbage_classification\battery\battery669.jpg,battery
garbage_classification\trash\trash592.jpg,trash
garbage_classification\battery\battery750.jpg,battery
garbage_classification\cardboard\cardboard187.jpg,cardboard
garbage_classification\biological\biological175.jpg,biological
garbage_classification\cardboard\cardboard9.jpg,cardboard
garbage_classification\biological\biological966.jpg,biological
garbage_classification\clothes\clothes581.jpg,clothes
garbage_classification\plastic\plastic604.jpg,plastic
garbage_classification\cardboard\cardboard501.jpg,cardboard
garbage_classification\shoes\shoes1726.jpg,shoes
garbage_classification\battery\battery279.jpg,battery
garbage_classification\clothes\clothes3823.jpg,clothes
garbage_classification\clothes\clothes361.jpg,clothes
garbage_classification\clothes\clothes5266.jpg,clothes
garbage_classification\clothes\clothes616.jpg,clothes
garbage_classification\biological\biological174.jpg,biological
garbage_classification\battery\battery891.jpg,battery
garbage_classification\clothes\clothes3914.jpg,clothes
garbage_classification\brown-glass\brown-glass607.jpg,brown-glass
garbage_classification\clothes\clothes4229.jpg,clothes
garbage_classification\clothes\clothes4365.jpg,clothes
garbage_classification\battery\battery164.jpg,battery
garbage_classification\paper\paper687.jpg,paper
garbage_classification\battery\battery644.jpg,battery
garbage_classification\clothes\clothes5071.jpg,clothes
garbage_classification\green-glass\green-glass405.jpg,green-glass
garbage_classification\trash\trash324.jpg,trash
garbage_classification\clothes\clothes2535.jpg,clothes
garbage_classification\cardboard\cardboard816.jpg,cardboard
garbage_classification\shoes\shoes1289.jpg,shoes
garbage_classification\paper\paper724.jpg,paper
garbage_classification\clothes\clothes1180.jpg,clothes
garbage_classification\trash\trash190.jpg,trash
garbage_classification\shoes\shoes1150.jpg,shoes
garbage_classification\clothes\clothes2851.jpg,clothes
garbage_classification\biological\biological442.jpg,biological
garbage_classification\clothes\clothes470.jpg,clothes
garbage_classification\biological\biological332.jpg,biological
garbage_classification\brown-glass\brown-glass221.jpg,brown-glass
garbage_classification\shoes\shoes388.jpg,shoes
garbage_classification\clothes\clothes4714.jpg,clothes
garbage_classification\green-glass\green-glass124.jpg,green-glass
garbage_classification\biological\biological492.jpg,biological
garbage_classification\plastic\plastic454.jpg,plastic
garbage_classification\clothes\clothes1596.jpg,clothes
garbage_classification\shoes\shoes1403.jpg,shoes
garbage_classification\clothes\clothes1047.jpg,clothes
garbage_classification\metal\metal505.jpg,metal
garbage_classification\white-glass\white-glass164.jpg,white-glass
garbage_classification\plastic\plastic597.jpg,plastic
garbage_classification\trash\trash250.jpg,trash
garbage_classification\metal\metal323.jpg,metal
garbage_classification\shoes\shoes881.jpg,shoes
garbage_classification\battery\battery256.jpg,battery
garbage_classification\clothes\clothes639.jpg,clothes
garbage_classification\green-glass\green-glass72.jpg,green-glass
garbage_classification\clothes\clothes2629.jpg,clothes
garbage_classification\shoes\shoes1417.jpg,shoes
garbage_classification\shoes\shoes871.jpg,shoes
garbage_classification\shoes\shoes1017.jpg,shoes
garbage_classification\clothes\clothes4807.jpg,clothes
garbage_classification\plastic\plastic4.jpg,plastic
garbage_classification\metal\metal242.jpg,metal
garbage_classification\clothes\clothes2061.jpg,clothes
garbage_classification\trash\trash444.jpg,trash
garbage_classification\paper\paper698.jpg,paper
garbage_classification\clothes\clothes4105.jpg,clothes
garbage_classification\brown-glass\brown-glass451.jpg,brown-glass
garbage_classification\white-glass\white-glass593.jpg,white-glass
garbage_classification\clothes\clothes2845.jpg,clothes
garbage_classification\clothes\clothes145.jpg,clothes
garbage_classification\clothes\clothes3413.jpg,clothes
garbage_classification\plastic\plastic786.jpg,plastic
garbage_classification\brown-glass\brown-glass89.jpg,brown-glass
garbage_classification\shoes\shoes1369.jpg,shoes
garbage_classification\metal\metal647.jpg,metal
garbage_classification\shoes\shoes256.jpg,shoes
garbage_classification\clothes\clothes2441.jpg,clothes
garbage_classification\clothes\clothes2668.jpg,clothes
garbage_classification\clothes\clothes5079.jpg,clothes
garbage_classification\battery\battery577.jpg,battery
garbage_classification\cardboard\cardboard775.jpg,cardboard
garbage_classification\green-glass\green-glass110.jpg,green-glass
garbage_classification\plastic\plastic60.jpg,plastic
garbage_classification\brown-glass\brown-glass119.jpg,brown-glass
garbage_classification\plastic\plastic847.jpg,plastic
garbage_classification\clothes\clothes13.jpg,clothes
garbage_classification\biological\biological929.jpg,biological
garbage_classification\metal\metal668.jpg,metal
garbage_classification\shoes\shoes1891.jpg,shoes
garbage_classification\shoes\shoes1645.jpg,shoes
garbage_classification\shoes\shoes1495.jpg,shoes
garbage_classification\clothes\clothes899.jpg,clothes
garbage_classification\white-glass\white-glass562.jpg,white-glass
garbage_classification\clothes\clothes29.jpg,clothes
garbage_classification\biological\biological718.jpg,biological
garbage_classification\metal\metal691.jpg,metal
garbage_classification\shoes\shoes332.jpg,shoes
garbage_classification\trash\trash356.jpg,trash
garbage_classification\clothes\clothes4110.jpg,clothes
garbage_classification\clothes\clothes1117.jpg,clothes
garbage_classification\brown-glass\brown-glass196.jpg,brown-glass
garbage_classification\clothes\clothes1366.jpg,clothes
garbage_classification\cardboard\cardboard793.jpg,cardboard
garbage_classification\shoes\shoes1608.jpg,shoes
garbage_classification\shoes\shoes1870.jpg,shoes
garbage_classification\plastic\plastic220.jpg,plastic
garbage_classification\plastic\plastic365.jpg,plastic
garbage_classification\shoes\shoes470.jpg,shoes
garbage_classification\biological\biological335.jpg,biological
garbage_classification\brown-glass\brown-glass114.jpg,brown-glass
garbage_classification\metal\metal298.jpg,metal
garbage_classification\clothes\clothes970.jpg,clothes
garbage_classification\metal\metal87.jpg,metal
garbage_classification\white-glass\white-glass35.jpg,white-glass
garbage_classification\clothes\clothes1789.jpg,clothes
garbage_classification\clothes\clothes3255.jpg,clothes
garbage_classification\clothes\clothes4574.jpg,clothes
garbage_classification\clothes\clothes3995.jpg,clothes
garbage_classification\biological\biological743.jpg,biological
garbage_classification\clothes\clothes5148.jpg,clothes
garbage_classification\clothes\clothes1729.jpg,clothes
garbage_classification\white-glass\white-glass689.jpg,white-glass
garbage_classification\clothes\clothes2838.jpg,clothes
garbage_classification\metal\metal728.jpg,metal
garbage_classification\metal\metal682.jpg,metal
garbage_classification\plastic\plastic28.jpg,plastic
garbage_classification\battery\battery409.jpg,battery
garbage_classification\clothes\clothes3515.jpg,clothes
garbage_classification\brown-glass\brown-glass99.jpg,brown-glass
garbage_classification\cardboard\cardboard377.jpg,cardboard
garbage_classification\paper\paper889.jpg,paper
garbage_classification\shoes\shoes670.jpg,shoes
garbage_classification\clothes\clothes28.jpg,clothes
garbage_classification\clothes\clothes3848.jpg,clothes
garbage_classification\clothes\clothes1074.jpg,clothes
garbage_classification\biological\biological153.jpg,biological
garbage_classification\clothes\clothes2946.jpg,clothes
garbage_classification\biological\biological60.jpg,biological
garbage_classification\brown-glass\brown-glass401.jpg,brown-glass
garbage_classification\clothes\clothes5057.jpg,clothes
garbage_classification\shoes\shoes1955.jpg,shoes
garbage_classification\biological\biological2.jpg,biological
garbage_classification\battery\battery623.jpg,battery
garbage_classification\paper\paper72.jpg,paper
garbage_classification\plastic\plastic101.jpg,plastic
garbage_classification\plastic\plastic513.jpg,plastic
garbage_classification\biological\biological890.jpg,biological
garbage_classification\clothes\clothes944.jpg,clothes
garbage_classification\shoes\shoes469.jpg,shoes
garbage_classification\metal\metal281.jpg,metal
garbage_classification\cardboard\cardboard700.jpg,cardboard
garbage_classification\plastic\plastic682.jpg,plastic
garbage_classification\paper\paper111.jpg,paper
garbage_classification\clothes\clothes4240.jpg,clothes
garbage_classification\clothes\clothes2922.jpg,clothes
garbage_classification\green-glass\green-glass536.jpg,green-glass
garbage_classification\clothes\clothes406.jpg,clothes
garbage_classification\biological\biological902.jpg,biological
garbage_classification\clothes\clothes795.jpg,clothes
garbage_classification\clothes\clothes611.jpg,clothes
garbage_classification\clothes\clothes4630.jpg,clothes
garbage_classification\trash\trash89.jpg,trash
garbage_classification\clothes\clothes5306.jpg,clothes
garbage_classification\white-glass\white-glass297.jpg,white-glass
garbage_classification\clothes\clothes3893.jpg,clothes
garbage_classification\cardboard\cardboard616.jpg,cardboard
garbage_classification\clothes\clothes142.jpg,clothes
garbage_classification\battery\battery631.jpg,battery
garbage_classification\clothes\clothes5032.jpg,clothes
garbage_classification\brown-glass\brown-glass543.jpg,brown-glass
garbage_classification\shoes\shoes1465.jpg,shoes
garbage_classification\battery\battery255.jpg,battery
garbage_classification\clothes\clothes486.jpg,clothes
garbage_classification\battery\battery382.jpg,battery
garbage_classification\paper\paper417.jpg,paper
garbage_classification\clothes\clothes1437.jpg,clothes
garbage_classification\biological\biological311.jpg,biological
garbage_classification\clothes\clothes370.jpg,clothes
garbage_classification\green-glass\green-glass34.jpg,green-glass
garbage_classification\white-glass\white-glass603.jpg,white-glass
garbage_classification\clothes\clothes1219.jpg,clothes
garbage_classification\clothes\clothes792.jpg,clothes
garbage_classification\clothes\clothes1081.jpg,clothes
garbage_classification\clothes\clothes3350.jpg,clothes
garbage_classification\battery\battery683.jpg,battery
garbage_classification\brown-glass\brown-glass530.jpg,brown-glass
garbage_classification\clothes\clothes4732.jpg,clothes
garbage_classification\trash\trash322.jpg,trash
garbage_classification\green-glass\green-glass226.jpg,green-glass
garbage_classification\paper\paper826.jpg,paper
garbage_classification\clothes\clothes2678.jpg,clothes
garbage_classification\plastic\plastic592.jpg,plastic
garbage_classification\white-glass\white-glass679.jpg,white-glass
garbage_classification\shoes\shoes1143.jpg,shoes
garbage_classification\shoes\shoes1301.jpg,shoes
garbage_classification\shoes\shoes207.jpg,shoes
garbage_classification\cardboard\cardboard62.jpg,cardboard
garbage_classification\metal\metal189.jpg,metal
garbage_classification\shoes\shoes657.jpg,shoes
garbage_classification\metal\metal76.jpg,metal
garbage_classification\metal\metal765.jpg,metal
garbage_classification\shoes\shoes431.jpg,shoes
garbage_classification\metal\metal75.jpg,metal
garbage_classification\white-glass\white-glass573.jpg,white-glass
garbage_classification\biological\biological161.jpg,biological
garbage_classification\plastic\plastic591.jpg,plastic
garbage_classification\trash\trash451.jpg,trash
garbage_classification\battery\battery867.jpg,battery
garbage_classification\battery\battery39.jpg,battery
garbage_classification\clothes\clothes5258.jpg,clothes
garbage_classification\clothes\clothes1409.jpg,clothes
garbage_classification\paper\paper982.jpg,paper
garbage_classification\clothes\clothes3697.jpg,clothes
garbage_classification\biological\biological625.jpg,biological
garbage_classification\clothes\clothes4910.jpg,clothes
garbage_classification\clothes\clothes2511.jpg,clothes
garbage_classification\clothes\clothes4517.jpg,clothes
garbage_classification\clothes\clothes4816.jpg,clothes
garbage_classification\shoes\shoes1223.jpg,shoes
garbage_classification\plastic\plastic525.jpg,plastic
garbage_classification\plastic\plastic275.jpg,plastic
garbage_classification\clothes\clothes1228.jpg,clothes
garbage_classification\cardboard\cardboard257.jpg,cardboard
garbage_classification\biological\biological565.jpg,biological
garbage_classification\battery\battery917.jpg,battery
garbage_classification\brown-glass\brown-glass289.jpg,brown-glass
garbage_classification\shoes\shoes269.jpg,shoes
garbage_classification\clothes\clothes5245.jpg,clothes
garbage_classification\paper\paper424.jpg,paper
garbage_classification\plastic\plastic311.jpg,plastic
garbage_classification\metal\metal267.jpg,metal
garbage_classification\clothes\clothes126.jpg,clothes
garbage_classification\clothes\clothes1569.jpg,clothes
garbage_classification\shoes\shoes1576.jpg,shoes
garbage_classification\clothes\clothes3771.jpg,clothes
garbage_classification\trash\trash42.jpg,trash
garbage_classification\green-glass\green-glass240.jpg,green-glass
garbage_classification\paper\paper740.jpg,paper
garbage_classification\clothes\clothes4224.jpg,clothes
garbage_classification\biological\biological532.jpg,biological
garbage_classification\shoes\shoes6.jpg,shoes
garbage_classification\clothes\clothes401.jpg,clothes
garbage_classification\biological\biological691.jpg,biological
garbage_classification\clothes\clothes4291.jpg,clothes
garbage_classification\battery\battery788.jpg,battery
garbage_classification\clothes\clothes4251.jpg,clothes
garbage_classification\clothes\clothes1154.jpg,clothes
garbage_classification\shoes\shoes410.jpg,shoes
garbage_classification\cardboard\cardboard705.jpg,cardboard
garbage_classification\white-glass\white-glass380.jpg,white-glass
garbage_classification\plastic\plastic859.jpg,plastic
garbage_classification\clothes\clothes600.jpg,clothes
garbage_classification\plastic\plastic860.jpg,plastic
garbage_classification\clothes\clothes2564.jpg,clothes
garbage_classification\clothes\clothes4926.jpg,clothes
garbage_classification\clothes\clothes3448.jpg,clothes
garbage_classification\battery\battery245.jpg,battery
garbage_classification\plastic\plastic118.jpg,plastic
garbage_classification\shoes\shoes472.jpg,shoes
garbage_classification\white-glass\white-glass3.jpg,white-glass
garbage_classification\shoes\shoes723.jpg,shoes
garbage_classification\brown-glass\brown-glass157.jpg,brown-glass
garbage_classification\clothes\clothes2569.jpg,clothes
garbage_classification\trash\trash630.jpg,trash
garbage_classification\clothes\clothes2070.jpg,clothes
garbage_classification\clothes\clothes5060.jpg,clothes
garbage_classification\shoes\shoes1584.jpg,shoes
garbage_classification\shoes\shoes1168.jpg,shoes
garbage_classification\biological\biological232.jpg,biological
garbage_classification\plastic\plastic216.jpg,plastic
garbage_classification\clothes\clothes3761.jpg,clothes
garbage_classification\cardboard\cardboard93.jpg,cardboard
garbage_classification\shoes\shoes45.jpg,shoes
garbage_classification\trash\trash368.jpg,trash
garbage_classification\clothes\clothes121.jpg,clothes
garbage_classification\clothes\clothes1572.jpg,clothes
garbage_classification\clothes\clothes4408.jpg,clothes
garbage_classification\trash\trash153.jpg,trash
garbage_classification\brown-glass\brown-glass565.jpg,brown-glass
garbage_classification\metal\metal524.jpg,metal
garbage_classification\clothes\clothes4929.jpg,clothes
garbage_classification\clothes\clothes1131.jpg,clothes
garbage_classification\paper\paper723.jpg,paper
garbage_classification\cardboard\cardboard613.jpg,cardboard
garbage_classification\paper\paper852.jpg,paper
garbage_classification\clothes\clothes3736.jpg,clothes
garbage_classification\shoes\shoes1580.jpg,shoes
garbage_classification\biological\biological553.jpg,biological
garbage_classification\plastic\plastic63.jpg,plastic
garbage_classification\shoes\shoes935.jpg,shoes
garbage_classification\plastic\plastic117.jpg,plastic
garbage_classification\clothes\clothes3906.jpg,clothes
garbage_classification\biological\biological274.jpg,biological
garbage_classification\shoes\shoes117.jpg,shoes
garbage_classification\clothes\clothes2126.jpg,clothes
garbage_classification\clothes\clothes1390.jpg,clothes
garbage_classification\cardboard\cardboard243.jpg,cardboard
garbage_classification\clothes\clothes2286.jpg,clothes
garbage_classification\brown-glass\brown-glass236.jpg,brown-glass
garbage_classification\biological\biological214.jpg,biological
garbage_classification\clothes\clothes3646.jpg,clothes
garbage_classification\clothes\clothes3740.jpg,clothes
garbage_classification\clothes\clothes2300.jpg,clothes
garbage_classification\clothes\clothes2820.jpg,clothes
garbage_classification\clothes\clothes3376.jpg,clothes
garbage_classification\clothes\clothes2832.jpg,clothes
garbage_classification\clothes\clothes3185.jpg,clothes
garbage_classification\clothes\clothes2379.jpg,clothes
garbage_classification\clothes\clothes3051.jpg,clothes
garbage_classification\biological\biological271.jpg,biological
garbage_classification\metal\metal581.jpg,metal
garbage_classification\clothes\clothes2872.jpg,clothes
garbage_classification\cardboard\cardboard97.jpg,cardboard
garbage_classification\clothes\clothes3379.jpg,clothes
garbage_classification\clothes\clothes4958.jpg,clothes
garbage_classification\plastic\plastic387.jpg,plastic
garbage_classification\white-glass\white-glass88.jpg,white-glass
garbage_classification\shoes\shoes445.jpg,shoes
garbage_classification\battery\battery823.jpg,battery
garbage_classification\clothes\clothes3298.jpg,clothes
garbage_classification\clothes\clothes3430.jpg,clothes
garbage_classification\battery\battery496.jpg,battery
garbage_classification\clothes\clothes977.jpg,clothes
garbage_classification\cardboard\cardboard42.jpg,cardboard
garbage_classification\paper\paper211.jpg,paper
garbage_classification\clothes\clothes1422.jpg,clothes
garbage_classification\clothes\clothes3124.jpg,clothes
garbage_classification\biological\biological446.jpg,biological
garbage_classification\plastic\plastic85.jpg,plastic
garbage_classification\brown-glass\brown-glass198.jpg,brown-glass
garbage_classification\metal\metal712.jpg,metal
garbage_classification\biological\biological791.jpg,biological
garbage_classification\clothes\clothes1110.jpg,clothes
garbage_classification\clothes\clothes1642.jpg,clothes
garbage_classification\clothes\clothes843.jpg,clothes
garbage_classification\clothes\clothes4797.jpg,clothes
garbage_classification\shoes\shoes1149.jpg,shoes
garbage_classification\paper\paper105.jpg,paper
garbage_classification\shoes\shoes1443.jpg,shoes
garbage_classification\battery\battery56.jpg,battery
garbage_classification\white-glass\white-glass425.jpg,white-glass
garbage_classification\trash\trash326.jpg,trash
garbage_classification\biological\biological744.jpg,biological
garbage_classification\white-glass\white-glass238.jpg,white-glass
garbage_classification\clothes\clothes435.jpg,clothes
garbage_classification\green-glass\green-glass579.jpg,green-glass
garbage_classification\clothes\clothes4012.jpg,clothes
garbage_classification\trash\trash505.jpg,trash
garbage_classification\clothes\clothes2114.jpg,clothes
garbage_classification\clothes\clothes3147.jpg,clothes
garbage_classification\shoes\shoes1335.jpg,shoes
garbage_classification\clothes\clothes5264.jpg,clothes
garbage_classification\brown-glass\brown-glass479.jpg,brown-glass
garbage_classification\shoes\shoes305.jpg,shoes
garbage_classification\clothes\clothes2862.jpg,clothes
garbage_classification\shoes\shoes18.jpg,shoes
garbage_classification\clothes\clothes820.jpg,clothes
garbage_classification\trash\trash73.jpg,trash
garbage_classification\battery\battery801.jpg,battery
garbage_classification\clothes\clothes2336.jpg,clothes
garbage_classification\green-glass\green-glass375.jpg,green-glass
garbage_classification\trash\trash80.jpg,trash
garbage_classification\clothes\clothes2219.jpg,clothes
garbage_classification\clothes\clothes591.jpg,clothes
garbage_classification\clothes\clothes2231.jpg,clothes
garbage_classification\paper\paper305.jpg,paper
garbage_classification\clothes\clothes2378.jpg,clothes
garbage_classification\white-glass\white-glass397.jpg,white-glass
garbage_classification\paper\paper635.jpg,paper
garbage_classification\shoes\shoes458.jpg,shoes
garbage_classification\cardboard\cardboard519.jpg,cardboard
garbage_classification\clothes\clothes3120.jpg,clothes
garbage_classification\shoes\shoes942.jpg,shoes
garbage_classification\battery\battery665.jpg,battery
garbage_classification\clothes\clothes2014.jpg,clothes
garbage_classification\plastic\plastic315.jpg,plastic
garbage_classification\shoes\shoes1453.jpg,shoes
garbage_classification\biological\biological857.jpg,biological
garbage_classification\biological\biological245.jpg,biological
garbage_classification\white-glass\white-glass456.jpg,white-glass
garbage_classification\plastic\plastic748.jpg,plastic
garbage_classification\clothes\clothes4741.jpg,clothes
garbage_classification\green-glass\green-glass331.jpg,green-glass
garbage_classification\white-glass\white-glass455.jpg,white-glass
garbage_classification\clothes\clothes2551.jpg,clothes
garbage_classification\clothes\clothes1312.jpg,clothes
garbage_classification\shoes\shoes313.jpg,shoes
garbage_classification\clothes\clothes3003.jpg,clothes
garbage_classification\shoes\shoes1259.jpg,shoes
garbage_classification\plastic\plastic749.jpg,plastic
garbage_classification\clothes\clothes4634.jpg,clothes
garbage_classification\brown-glass\brown-glass149.jpg,brown-glass
garbage_classification\plastic\plastic96.jpg,plastic
garbage_classification\clothes\clothes3849.jpg,clothes
garbage_classification\clothes\clothes526.jpg,clothes
garbage_classification\battery\battery219.jpg,battery
garbage_classification\metal\metal764.jpg,metal
garbage_classification\cardboard\cardboard837.jpg,cardboard
garbage_classification\shoes\shoes1397.jpg,shoes
garbage_classification\biological\biological778.jpg,biological
garbage_classification\clothes\clothes2000.jpg,clothes
garbage_classification\biological\biological83.jpg,biological
garbage_classification\white-glass\white-glass668.jpg,white-glass
garbage_classification\clothes\clothes2644.jpg,clothes
garbage_classification\white-glass\white-glass412.jpg,white-glass
garbage_classification\plastic\plastic679.jpg,plastic
garbage_classification\green-glass\green-glass273.jpg,green-glass
garbage_classification\battery\battery524.jpg,battery
garbage_classification\brown-glass\brown-glass465.jpg,brown-glass
garbage_classification\biological\biological115.jpg,biological
garbage_classification\clothes\clothes1901.jpg,clothes
garbage_classification\brown-glass\brown-glass202.jpg,brown-glass
garbage_classification\biological\biological815.jpg,biological
garbage_classification\clothes\clothes4119.jpg,clothes
garbage_classification\biological\biological821.jpg,biological
garbage_classification\shoes\shoes1412.jpg,shoes
garbage_classification\cardboard\cardboard423.jpg,cardboard
garbage_classification\metal\metal283.jpg,metal
garbage_classification\brown-glass\brown-glass435.jpg,brown-glass
garbage_classification\clothes\clothes1704.jpg,clothes
garbage_classification\clothes\clothes3346.jpg,clothes
garbage_classification\paper\paper8.jpg,paper
garbage_classification\metal\metal332.jpg,metal
garbage_classification\paper\paper528.jpg,paper
garbage_classification\white-glass\white-glass737.jpg,white-glass
garbage_classification\shoes\shoes816.jpg,shoes
garbage_classification\brown-glass\brown-glass327.jpg,brown-glass
garbage_classification\plastic\plastic746.jpg,plastic
garbage_classification\battery\battery733.jpg,battery
garbage_classification\white-glass\white-glass378.jpg,white-glass
garbage_classification\battery\battery343.jpg,battery
garbage_classification\cardboard\cardboard274.jpg,cardboard
garbage_classification\paper\paper913.jpg,paper
garbage_classification\battery\battery405.jpg,battery
garbage_classification\plastic\plastic684.jpg,plastic
garbage_classification\trash\trash110.jpg,trash
garbage_classification\shoes\shoes186.jpg,shoes
garbage_classification\clothes\clothes1345.jpg,clothes
garbage_classification\metal\metal130.jpg,metal
garbage_classification\biological\biological40.jpg,biological
garbage_classification\clothes\clothes4504.jpg,clothes
garbage_classification\biological\biological352.jpg,biological
garbage_classification\brown-glass\brown-glass244.jpg,brown-glass
garbage_classification\paper\paper781.jpg,paper
garbage_classification\metal\metal94.jpg,metal
garbage_classification\clothes\clothes4827.jpg,clothes
garbage_classification\paper\paper421.jpg,paper
garbage_classification\clothes\clothes3738.jpg,clothes
garbage_classification\battery\battery651.jpg,battery
garbage_classification\clothes\clothes3729.jpg,clothes
garbage_classification\brown-glass\brown-glass434.jpg,brown-glass
garbage_classification\clothes\clothes711.jpg,clothes
garbage_classification\shoes\shoes1194.jpg,shoes
garbage_classification\clothes\clothes1533.jpg,clothes
garbage_classification\clothes\clothes4067.jpg,clothes
garbage_classification\clothes\clothes3696.jpg,clothes
garbage_classification\shoes\shoes1461.jpg,shoes
garbage_classification\clothes\clothes1663.jpg,clothes
garbage_classification\white-glass\white-glass317.jpg,white-glass
garbage_classification\clothes\clothes690.jpg,clothes
garbage_classification\paper\paper518.jpg,paper
garbage_classification\metal\metal460.jpg,metal
garbage_classification\plastic\plastic305.jpg,plastic
garbage_classification\biological\biological207.jpg,biological
garbage_classification\paper\paper879.jpg,paper
garbage_classification\white-glass\white-glass685.jpg,white-glass
garbage_classification\metal\metal331.jpg,metal
garbage_classification\paper\paper719.jpg,paper
garbage_classification\clothes\clothes188.jpg,clothes
garbage_classification\shoes\shoes1316.jpg,shoes
garbage_classification\biological\biological154.jpg,biological
garbage_classification\biological\biological712.jpg,biological
garbage_classification\green-glass\green-glass137.jpg,green-glass
garbage_classification\clothes\clothes4912.jpg,clothes
garbage_classification\cardboard\cardboard459.jpg,cardboard
garbage_classification\trash\trash308.jpg,trash
garbage_classification\metal\metal93.jpg,metal
garbage_classification\green-glass\green-glass372.jpg,green-glass
garbage_classification\biological\biological719.jpg,biological
garbage_classification\clothes\clothes2330.jpg,clothes
garbage_classification\brown-glass\brown-glass442.jpg,brown-glass
garbage_classification\paper\paper678.jpg,paper
garbage_classification\shoes\shoes522.jpg,shoes
garbage_classification\clothes\clothes4681.jpg,clothes
garbage_classification\biological\biological268.jpg,biological
garbage_classification\clothes\clothes2356.jpg,clothes
garbage_classification\paper\paper132.jpg,paper
garbage_classification\clothes\clothes654.jpg,clothes
garbage_classification\clothes\clothes4518.jpg,clothes
garbage_classification\brown-glass\brown-glass17.jpg,brown-glass
garbage_classification\biological\biological433.jpg,biological
garbage_classification\clothes\clothes3997.jpg,clothes
garbage_classification\battery\battery257.jpg,battery
garbage_classification\green-glass\green-glass147.jpg,green-glass
garbage_classification\white-glass\white-glass100.jpg,white-glass
garbage_classification\clothes\clothes350.jpg,clothes
garbage_classification\brown-glass\brown-glass232.jpg,brown-glass
garbage_classification\brown-glass\brown-glass603.jpg,brown-glass
garbage_classification\clothes\clothes1749.jpg,clothes
garbage_classification\metal\metal619.jpg,metal
garbage_classification\green-glass\green-glass452.jpg,green-glass
garbage_classification\clothes\clothes3799.jpg,clothes
garbage_classification\green-glass\green-glass387.jpg,green-glass
garbage_classification\cardboard\cardboard825.jpg,cardboard
garbage_classification\biological\biological480.jpg,biological
garbage_classification\clothes\clothes3102.jpg,clothes
garbage_classification\clothes\clothes4622.jpg,clothes
garbage_classification\clothes\clothes2495.jpg,clothes
garbage_classification\clothes\clothes3434.jpg,clothes
garbage_classification\battery\battery783.jpg,battery
garbage_classification\clothes\clothes442.jpg,clothes
garbage_classification\paper\paper63.jpg,paper
garbage_classification\paper\paper343.jpg,paper
garbage_classification\brown-glass\brown-glass419.jpg,brown-glass
garbage_classification\cardboard\cardboard558.jpg,cardboard
garbage_classification\clothes\clothes4689.jpg,clothes
garbage_classification\shoes\shoes1845.jpg,shoes
garbage_classification\clothes\clothes1153.jpg,clothes
garbage_classification\battery\battery417.jpg,battery
garbage_classification\shoes\shoes258.jpg,shoes
garbage_classification\metal\metal89.jpg,metal
garbage_classification\clothes\clothes1863.jpg,clothes
garbage_classification\battery\battery7.jpg,battery
garbage_classification\green-glass\green-glass595.jpg,green-glass
garbage_classification\biological\biological325.jpg,biological
garbage_classification\shoes\shoes1909.jpg,shoes
garbage_classification\trash\trash601.jpg,trash
garbage_classification\green-glass\green-glass43.jpg,green-glass
garbage_classification\metal\metal277.jpg,metal
garbage_classification\clothes\clothes1885.jpg,clothes
garbage_classification\clothes\clothes1225.jpg,clothes
garbage_classification\trash\trash156.jpg,trash
garbage_classification\plastic\plastic99.jpg,plastic
garbage_classification\clothes\clothes2856.jpg,clothes
garbage_classification\clothes\clothes1507.jpg,clothes
garbage_classification\clothes\clothes180.jpg,clothes
garbage_classification\clothes\clothes2923.jpg,clothes
garbage_classification\cardboard\cardboard276.jpg,cardboard
garbage_classification\trash\trash160.jpg,trash
garbage_classification\biological\biological630.jpg,biological
garbage_classification\clothes\clothes4640.jpg,clothes
garbage_classification\brown-glass\brown-glass490.jpg,brown-glass
garbage_classification\shoes\shoes545.jpg,shoes
garbage_classification\shoes\shoes603.jpg,shoes
garbage_classification\biological\biological537.jpg,biological
garbage_classification\battery\battery515.jpg,battery
garbage_classification\plastic\plastic399.jpg,plastic
garbage_classification\clothes\clothes4653.jpg,clothes
garbage_classification\biological\biological710.jpg,biological
garbage_classification\clothes\clothes2264.jpg,clothes
garbage_classification\biological\biological889.jpg,biological
garbage_classification\clothes\clothes2775.jpg,clothes
garbage_classification\shoes\shoes928.jpg,shoes
garbage_classification\shoes\shoes1545.jpg,shoes
garbage_classification\biological\biological622.jpg,biological
garbage_classification\clothes\clothes4239.jpg,clothes
garbage_classification\clothes\clothes1648.jpg,clothes
garbage_classification\clothes\clothes4257.jpg,clothes
garbage_classification\battery\battery585.jpg,battery
garbage_classification\plastic\plastic629.jpg,plastic
garbage_classification\clothes\clothes208.jpg,clothes
garbage_classification\cardboard\cardboard241.jpg,cardboard
garbage_classification\white-glass\white-glass509.jpg,white-glass
garbage_classification\cardboard\cardboard714.jpg,cardboard
garbage_classification\clothes\clothes2095.jpg,clothes
garbage_classification\shoes\shoes393.jpg,shoes
garbage_classification\metal\metal275.jpg,metal
garbage_classification\battery\battery65.jpg,battery
garbage_classification\paper\paper461.jpg,paper
garbage_classification\brown-glass\brown-glass491.jpg,brown-glass
garbage_classification\clothes\clothes2105.jpg,clothes
garbage_classification\shoes\shoes800.jpg,shoes
garbage_classification\clothes\clothes3460.jpg,clothes
garbage_classification\brown-glass\brown-glass317.jpg,brown-glass
garbage_classification\plastic\plastic635.jpg,plastic
garbage_classification\plastic\plastic237.jpg,plastic
garbage_classification\clothes\clothes3652.jpg,clothes
garbage_classification\plastic\plastic690.jpg,plastic
garbage_classification\shoes\shoes1553.jpg,shoes
garbage_classification\cardboard\cardboard283.jpg,cardboard
garbage_classification\clothes\clothes2621.jpg,clothes
garbage_classification\paper\paper2.jpg,paper
garbage_classification\trash\trash242.jpg,trash
garbage_classification\trash\trash311.jpg,trash
garbage_classification\clothes\clothes5204.jpg,clothes
garbage_classification\clothes\clothes4283.jpg,clothes
garbage_classification\clothes\clothes1375.jpg,clothes
garbage_classification\shoes\shoes317.jpg,shoes
garbage_classification\biological\biological190.jpg,biological
garbage_classification\biological\biological145.jpg,biological
garbage_classification\plastic\plastic845.jpg,plastic
garbage_classification\cardboard\cardboard472.jpg,cardboard
garbage_classification\shoes\shoes765.jpg,shoes
garbage_classification\white-glass\white-glass746.jpg,white-glass
garbage_classification\clothes\clothes2185.jpg,clothes
garbage_classification\plastic\plastic103.jpg,plastic
garbage_classification\cardboard\cardboard802.jpg,cardboard
garbage_classification\trash\trash532.jpg,trash
garbage_classification\clothes\clothes310.jpg,clothes
garbage_classification\cardboard\cardboard479.jpg,cardboard
garbage_classification\clothes\clothes4120.jpg,clothes
garbage_classification\brown-glass\brown-glass489.jpg,brown-glass
garbage_classification\cardboard\cardboard227.jpg,cardboard
garbage_classification\metal\metal227.jpg,metal
garbage_classification\metal\metal603.jpg,metal
garbage_classification\clothes\clothes1816.jpg,clothes
garbage_classification\clothes\clothes963.jpg,clothes
garbage_classification\trash\trash341.jpg,trash
garbage_classification\battery\battery601.jpg,battery
garbage_classification\white-glass\white-glass124.jpg,white-glass
garbage_classification\metal\metal537.jpg,metal
garbage_classification\plastic\plastic68.jpg,plastic
garbage_classification\clothes\clothes5092.jpg,clothes
garbage_classification\battery\battery887.jpg,battery
garbage_classification\cardboard\cardboard749.jpg,cardboard
garbage_classification\shoes\shoes74.jpg,shoes
garbage_classification\biological\biological536.jpg,biological
garbage_classification\clothes\clothes3314.jpg,clothes
garbage_classification\paper\paper382.jpg,paper
garbage_classification\clothes\clothes4823.jpg,clothes
garbage_classification\shoes\shoes1899.jpg,shoes
garbage_classification\clothes\clothes3175.jpg,clothes
garbage_classification\trash\trash59.jpg,trash
garbage_classification\trash\trash196.jpg,trash
garbage_classification\clothes\clothes1987.jpg,clothes
garbage_classification\white-glass\white-glass755.jpg,white-glass
garbage_classification\battery\battery544.jpg,battery
garbage_classification\clothes\clothes4904.jpg,clothes
garbage_classification\clothes\clothes2416.jpg,clothes
garbage_classification\trash\trash370.jpg,trash
garbage_classification\green-glass\green-glass131.jpg,green-glass
garbage_classification\cardboard\cardboard26.jpg,cardboard
garbage_classification\clothes\clothes3082.jpg,clothes
garbage_classification\plastic\plastic686.jpg,plastic
garbage_classification\clothes\clothes2394.jpg,clothes
garbage_classification\paper\paper823.jpg,paper
garbage_classification\cardboard\cardboard849.jpg,cardboard
garbage_classification\clothes\clothes1413.jpg,clothes
garbage_classification\clothes\clothes3875.jpg,clothes
garbage_classification\clothes\clothes3013.jpg,clothes
garbage_classification\biological\biological171.jpg,biological
garbage_classification\clothes\clothes4052.jpg,clothes
garbage_classification\clothes\clothes5315.jpg,clothes
garbage_classification\paper\paper926.jpg,paper
garbage_classification\plastic\plastic293.jpg,plastic
garbage_classification\clothes\clothes501.jpg,clothes
garbage_classification\trash\trash288.jpg,trash
garbage_classification\cardboard\cardboard318.jpg,cardboard
garbage_classification\cardboard\cardboard350.jpg,cardboard
garbage_classification\green-glass\green-glass61.jpg,green-glass
garbage_classification\paper\paper876.jpg,paper
garbage_classification\clothes\clothes3319.jpg,clothes
garbage_classification\clothes\clothes5116.jpg,clothes
garbage_classification\green-glass\green-glass345.jpg,green-glass
garbage_classification\clothes\clothes930.jpg,clothes
garbage_classification\shoes\shoes1665.jpg,shoes
garbage_classification\plastic\plastic688.jpg,plastic
garbage_classification\metal\metal386.jpg,metal
garbage_classification\metal\metal657.jpg,metal
garbage_classification\clothes\clothes1755.jpg,clothes
garbage_classification\clothes\clothes306.jpg,clothes
garbage_classification\shoes\shoes832.jpg,shoes
garbage_classification\metal\metal335.jpg,metal
garbage_classification\plastic\plastic481.jpg,plastic
garbage_classification\trash\trash56.jpg,trash
garbage_classification\cardboard\cardboard149.jpg,cardboard
garbage_classification\clothes\clothes4362.jpg,clothes
garbage_classification\clothes\clothes4404.jpg,clothes
garbage_classification\biological\biological43.jpg,biological
garbage_classification\shoes\shoes265.jpg,shoes
garbage_classification\biological\biological249.jpg,biological
garbage_classification\cardboard\cardboard703.jpg,cardboard
garbage_classification\clothes\clothes3310.jpg,clothes
garbage_classification\clothes\clothes4933.jpg,clothes
garbage_classification\shoes\shoes1922.jpg,shoes
garbage_classification\clothes\clothes769.jpg,clothes
garbage_classification\clothes\clothes3669.jpg,clothes
garbage_classification\white-glass\white-glass419.jpg,white-glass
garbage_classification\clothes\clothes5073.jpg,clothes
garbage_classification\clothes\clothes1446.jpg,clothes
garbage_classification\metal\metal102.jpg,metal
garbage_classification\clothes\clothes1845.jpg,clothes
garbage_classification\clothes\clothes2304.jpg,clothes
garbage_classification\cardboard\cardboard891.jpg,cardboard
garbage_classification\metal\metal498.jpg,metal
garbage_classification\clothes\clothes155.jpg,clothes
garbage_classification\shoes\shoes1490.jpg,shoes
garbage_classification\clothes\clothes4246.jpg,clothes
garbage_classification\shoes\shoes1700.jpg,shoes
garbage_classification\white-glass\white-glass188.jpg,white-glass
garbage_classification\clothes\clothes354.jpg,clothes
garbage_classification\clothes\clothes4994.jpg,clothes
garbage_classification\clothes\clothes2216.jpg,clothes
garbage_classification\plastic\plastic61.jpg,plastic
garbage_classification\shoes\shoes777.jpg,shoes
garbage_classification\paper\paper813.jpg,paper
garbage_classification\metal\metal219.jpg,metal
garbage_classification\shoes\shoes1384.jpg,shoes
garbage_classification\clothes\clothes1341.jpg,clothes
garbage_classification\trash\trash24.jpg,trash
garbage_classification\green-glass\green-glass33.jpg,green-glass
garbage_classification\cardboard\cardboard86.jpg,cardboard
garbage_classification\clothes\clothes2077.jpg,clothes
garbage_classification\clothes\clothes1489.jpg,clothes
garbage_classification\trash\trash61.jpg,trash
garbage_classification\shoes\shoes1457.jpg,shoes
garbage_classification\white-glass\white-glass51.jpg,white-glass
garbage_classification\clothes\clothes4716.jpg,clothes
garbage_classification\shoes\shoes1818.jpg,shoes
garbage_classification\clothes\clothes4898.jpg,clothes
garbage_classification\brown-glass\brown-glass156.jpg,brown-glass
garbage_classification\green-glass\green-glass45.jpg,green-glass
garbage_classification\clothes\clothes3261.jpg,clothes
garbage_classification\clothes\clothes5186.jpg,clothes
garbage_classification\shoes\shoes1030.jpg,shoes
garbage_classification\paper\paper909.jpg,paper
garbage_classification\biological\biological234.jpg,biological
garbage_classification\biological\biological633.jpg,biological
garbage_classification\clothes\clothes3773.jpg,clothes
garbage_classification\white-glass\white-glass478.jpg,white-glass
garbage_classification\green-glass\green-glass169.jpg,green-glass
garbage_classification\clothes\clothes4069.jpg,clothes
garbage_classification\shoes\shoes236.jpg,shoes
garbage_classification\plastic\plastic671.jpg,plastic
garbage_classification\brown-glass\brown-glass355.jpg,brown-glass
garbage_classification\clothes\clothes1262.jpg,clothes
garbage_classification\clothes\clothes3784.jpg,clothes
garbage_classification\white-glass\white-glass218.jpg,white-glass
garbage_classification\battery\battery649.jpg,battery
garbage_classification\paper\paper568.jpg,paper
garbage_classification\green-glass\green-glass70.jpg,green-glass
garbage_classification\clothes\clothes3959.jpg,clothes
garbage_classification\clothes\clothes2605.jpg,clothes
garbage_classification\clothes\clothes1677.jpg,clothes
garbage_classification\plastic\plastic504.jpg,plastic
garbage_classification\clothes\clothes1348.jpg,clothes
garbage_classification\biological\biological235.jpg,biological
garbage_classification\trash\trash531.jpg,trash
garbage_classification\battery\battery388.jpg,battery
garbage_classification\cardboard\cardboard712.jpg,cardboard
garbage_classification\clothes\clothes2274.jpg,clothes
garbage_classification\green-glass\green-glass337.jpg,green-glass
garbage_classification\clothes\clothes3463.jpg,clothes
garbage_classification\green-glass\green-glass416.jpg,green-glass
garbage_classification\clothes\clothes3523.jpg,clothes
garbage_classification\metal\metal530.jpg,metal
garbage_classification\metal\metal445.jpg,metal
garbage_classification\clothes\clothes2524.jpg,clothes
garbage_classification\plastic\plastic477.jpg,plastic
garbage_classification\clothes\clothes1890.jpg,clothes
garbage_classification\white-glass\white-glass289.jpg,white-glass
garbage_classification\paper\paper130.jpg,paper
garbage_classification\clothes\clothes4385.jpg,clothes
garbage_classification\paper\paper236.jpg,paper
garbage_classification\shoes\shoes1363.jpg,shoes
garbage_classification\trash\trash287.jpg,trash
garbage_classification\shoes\shoes98.jpg,shoes
garbage_classification\clothes\clothes5250.jpg,clothes
garbage_classification\clothes\clothes3668.jpg,clothes
garbage_classification\metal\metal225.jpg,metal
garbage_classification\cardboard\cardboard404.jpg,cardboard
garbage_classification\clothes\clothes1563.jpg,clothes
garbage_classification\clothes\clothes420.jpg,clothes
garbage_classification\clothes\clothes1184.jpg,clothes
garbage_classification\brown-glass\brown-glass94.jpg,brown-glass
garbage_classification\biological\biological874.jpg,biological
garbage_classification\battery\battery841.jpg,battery
garbage_classification\shoes\shoes1819.jpg,shoes
garbage_classification\clothes\clothes3329.jpg,clothes
garbage_classification\cardboard\cardboard6.jpg,cardboard
garbage_classification\shoes\shoes1158.jpg,shoes
garbage_classification\white-glass\white-glass750.jpg,white-glass
garbage_classification\cardboard\cardboard166.jpg,cardboard
garbage_classification\paper\paper60.jpg,paper
garbage_classification\paper\paper415.jpg,paper
garbage_classification\clothes\clothes1977.jpg,clothes
garbage_classification\clothes\clothes2520.jpg,clothes
garbage_classification\clothes\clothes3227.jpg,clothes
garbage_classification\clothes\clothes4055.jpg,clothes
garbage_classification\shoes\shoes443.jpg,shoes
garbage_classification\battery\battery909.jpg,battery
garbage_classification\clothes\clothes1649.jpg,clothes
garbage_classification\green-glass\green-glass420.jpg,green-glass
garbage_classification\shoes\shoes952.jpg,shoes
garbage_classification\clothes\clothes5237.jpg,clothes
garbage_classification\shoes\shoes1486.jpg,shoes
garbage_classification\clothes\clothes2971.jpg,clothes
garbage_classification\clothes\clothes2881.jpg,clothes
garbage_classification\paper\paper146.jpg,paper
garbage_classification\shoes\shoes1791.jpg,shoes
garbage_classification\cardboard\cardboard626.jpg,cardboard
garbage_classification\clothes\clothes2741.jpg,clothes
garbage_classification\clothes\clothes2533.jpg,clothes
garbage_classification\battery\battery237.jpg,battery
garbage_classification\clothes\clothes856.jpg,clothes
garbage_classification\clothes\clothes2426.jpg,clothes
garbage_classification\clothes\clothes1510.jpg,clothes
garbage_classification\clothes\clothes3234.jpg,clothes
garbage_classification\white-glass\white-glass581.jpg,white-glass
garbage_classification\clothes\clothes773.jpg,clothes
garbage_classification\clothes\clothes1236.jpg,clothes
garbage_classification\biological\biological402.jpg,biological
garbage_classification\white-glass\white-glass422.jpg,white-glass
garbage_classification\cardboard\cardboard382.jpg,cardboard
garbage_classification\shoes\shoes503.jpg,shoes
garbage_classification\paper\paper727.jpg,paper
garbage_classification\cardboard\cardboard60.jpg,cardboard
garbage_classification\cardboard\cardboard89.jpg,cardboard
garbage_classification\cardboard\cardboard399.jpg,cardboard
garbage_classification\cardboard\cardboard335.jpg,cardboard
garbage_classification\shoes\shoes663.jpg,shoes
garbage_classification\green-glass\green-glass138.jpg,green-glass
garbage_classification\shoes\shoes1718.jpg,shoes
garbage_classification\clothes\clothes2233.jpg,clothes
garbage_classification\metal\metal457.jpg,metal
garbage_classification\clothes\clothes61.jpg,clothes
garbage_classification\clothes\clothes3862.jpg,clothes
garbage_classification\plastic\plastic360.jpg,plastic
garbage_classification\biological\biological81.jpg,biological
garbage_classification\biological\biological770.jpg,biological
garbage_classification\clothes\clothes3056.jpg,clothes
garbage_classification\biological\biological632.jpg,biological
garbage_classification\trash\trash372.jpg,trash
garbage_classification\cardboard\cardboard599.jpg,cardboard
garbage_classification\green-glass\green-glass434.jpg,green-glass
garbage_classification\biological\biological713.jpg,biological
garbage_classification\cardboard\cardboard24.jpg,cardboard
garbage_classification\shoes\shoes177.jpg,shoes
garbage_classification\brown-glass\brown-glass292.jpg,brown-glass
garbage_classification\plastic\plastic758.jpg,plastic
garbage_classification\paper\paper906.jpg,paper
garbage_classification\plastic\plastic71.jpg,plastic
garbage_classification\paper\paper954.jpg,paper
garbage_classification\battery\battery705.jpg,battery
garbage_classification\clothes\clothes1559.jpg,clothes
garbage_classification\battery\battery374.jpg,battery
garbage_classification\clothes\clothes5160.jpg,clothes
garbage_classification\paper\paper1035.jpg,paper
garbage_classification\clothes\clothes3879.jpg,clothes
garbage_classification\shoes\shoes652.jpg,shoes
garbage_classification\clothes\clothes3721.jpg,clothes
garbage_classification\clothes\clothes3613.jpg,clothes
garbage_classification\shoes\shoes1695.jpg,shoes
garbage_classification\shoes\shoes1940.jpg,shoes
garbage_classification\shoes\shoes215.jpg,shoes
garbage_classification\battery\battery357.jpg,battery
garbage_classification\plastic\plastic794.jpg,plastic
garbage_classification\paper\paper134.jpg,paper
garbage_classification\cardboard\cardboard216.jpg,cardboard
garbage_classification\shoes\shoes1088.jpg,shoes
garbage_classification\brown-glass\brown-glass443.jpg,brown-glass
garbage_classification\white-glass\white-glass95.jpg,white-glass
garbage_classification\clothes\clothes286.jpg,clothes
garbage_classification\metal\metal641.jpg,metal
garbage_classification\clothes\clothes590.jpg,clothes
garbage_classification\shoes\shoes1049.jpg,shoes
garbage_classification\biological\biological47.jpg,biological
garbage_classification\clothes\clothes2018.jpg,clothes
garbage_classification\white-glass\white-glass482.jpg,white-glass
garbage_classification\biological\biological761.jpg,biological
garbage_classification\clothes\clothes3588.jpg,clothes
garbage_classification\trash\trash470.jpg,trash
garbage_classification\cardboard\cardboard444.jpg,cardboard
garbage_classification\clothes\clothes1395.jpg,clothes
garbage_classification\clothes\clothes1531.jpg,clothes
garbage_classification\battery\battery688.jpg,battery
garbage_classification\clothes\clothes624.jpg,clothes
garbage_classification\biological\biological927.jpg,biological
garbage_classification\plastic\plastic648.jpg,plastic
garbage_classification\shoes\shoes306.jpg,shoes
garbage_classification\clothes\clothes3759.jpg,clothes
garbage_classification\clothes\clothes2026.jpg,clothes
garbage_classification\battery\battery356.jpg,battery
garbage_classification\white-glass\white-glass110.jpg,white-glass
garbage_classification\green-glass\green-glass458.jpg,green-glass
garbage_classification\metal\metal705.jpg,metal
garbage_classification\cardboard\cardboard672.jpg,cardboard
garbage_classification\plastic\plastic87.jpg,plastic
garbage_classification\plastic\plastic357.jpg,plastic
garbage_classification\brown-glass\brown-glass153.jpg,brown-glass
garbage_classification\battery\battery274.jpg,battery
garbage_classification\plastic\plastic554.jpg,plastic
garbage_classification\shoes\shoes159.jpg,shoes
garbage_classification\plastic\plastic730.jpg,plastic
garbage_classification\clothes\clothes2293.jpg,clothes
garbage_classification\trash\trash257.jpg,trash
garbage_classification\metal\metal548.jpg,metal
garbage_classification\cardboard\cardboard96.jpg,cardboard
garbage_classification\clothes\clothes1713.jpg,clothes
garbage_classification\clothes\clothes4383.jpg,clothes
garbage_classification\paper\paper652.jpg,paper
garbage_classification\metal\metal4.jpg,metal
garbage_classification\plastic\plastic500.jpg,plastic
garbage_classification\shoes\shoes1410.jpg,shoes
garbage_classification\shoes\shoes1247.jpg,shoes
garbage_classification\clothes\clothes17.jpg,clothes
garbage_classification\clothes\clothes4464.jpg,clothes
garbage_classification\metal\metal82.jpg,metal
garbage_classification\clothes\clothes2098.jpg,clothes
garbage_classification\biological\biological231.jpg,biological
garbage_classification\clothes\clothes3420.jpg,clothes
garbage_classification\clothes\clothes224.jpg,clothes
garbage_classification\plastic\plastic661.jpg,plastic
garbage_classification\clothes\clothes2970.jpg,clothes
garbage_classification\clothes\clothes620.jpg,clothes
garbage_classification\white-glass\white-glass31.jpg,white-glass
garbage_classification\green-glass\green-glass588.jpg,green-glass
garbage_classification\shoes\shoes461.jpg,shoes
garbage_classification\battery\battery287.jpg,battery
garbage_classification\shoes\shoes442.jpg,shoes
garbage_classification\trash\trash354.jpg,trash
garbage_classification\clothes\clothes1920.jpg,clothes
garbage_classification\brown-glass\brown-glass238.jpg,brown-glass
garbage_classification\clothes\clothes1071.jpg,clothes
garbage_classification\clothes\clothes4859.jpg,clothes
garbage_classification\green-glass\green-glass629.jpg,green-glass
garbage_classification\white-glass\white-glass70.jpg,white-glass
garbage_classification\paper\paper92.jpg,paper
garbage_classification\paper\paper243.jpg,paper
garbage_classification\shoes\shoes614.jpg,shoes
garbage_classification\shoes\shoes1729.jpg,shoes
garbage_classification\paper\paper707.jpg,paper
garbage_classification\clothes\clothes2606.jpg,clothes
garbage_classification\clothes\clothes1567.jpg,clothes
garbage_classification\clothes\clothes3154.jpg,clothes
garbage_classification\plastic\plastic709.jpg,plastic
garbage_classification\trash\trash645.jpg,trash
garbage_classification\shoes\shoes1893.jpg,shoes
garbage_classification\clothes\clothes3162.jpg,clothes
garbage_classification\clothes\clothes3153.jpg,clothes
garbage_classification\clothes\clothes5097.jpg,clothes
garbage_classification\white-glass\white-glass450.jpg,white-glass
garbage_classification\paper\paper165.jpg,paper
garbage_classification\brown-glass\brown-glass472.jpg,brown-glass
garbage_classification\paper\paper123.jpg,paper
garbage_classification\plastic\plastic718.jpg,plastic
garbage_classification\plastic\plastic503.jpg,plastic
garbage_classification\paper\paper435.jpg,paper
garbage_classification\clothes\clothes4418.jpg,clothes
garbage_classification\clothes\clothes827.jpg,clothes
garbage_classification\clothes\clothes4149.jpg,clothes
garbage_classification\clothes\clothes5137.jpg,clothes
garbage_classification\cardboard\cardboard270.jpg,cardboard
garbage_classification\clothes\clothes2410.jpg,clothes
garbage_classification\paper\paper320.jpg,paper
garbage_classification\white-glass\white-glass197.jpg,white-glass
garbage_classification\trash\trash676.jpg,trash
garbage_classification\clothes\clothes197.jpg,clothes
garbage_classification\shoes\shoes890.jpg,shoes
garbage_classification\clothes\clothes3137.jpg,clothes
garbage_classification\clothes\clothes3388.jpg,clothes
garbage_classification\shoes\shoes1478.jpg,shoes
garbage_classification\paper\paper340.jpg,paper
garbage_classification\clothes\clothes618.jpg,clothes
garbage_classification\plastic\plastic277.jpg,plastic
garbage_classification\green-glass\green-glass167.jpg,green-glass
garbage_classification\shoes\shoes1013.jpg,shoes
garbage_classification\biological\biological456.jpg,biological
garbage_classification\clothes\clothes4620.jpg,clothes
garbage_classification\clothes\clothes1433.jpg,clothes
garbage_classification\clothes\clothes1213.jpg,clothes
garbage_classification\metal\metal739.jpg,metal
garbage_classification\shoes\shoes793.jpg,shoes
garbage_classification\clothes\clothes3756.jpg,clothes
garbage_classification\shoes\shoes1151.jpg,shoes
garbage_classification\shoes\shoes1469.jpg,shoes
garbage_classification\cardboard\cardboard153.jpg,cardboard
garbage_classification\biological\biological706.jpg,biological
garbage_classification\green-glass\green-glass32.jpg,green-glass
garbage_classification\trash\trash53.jpg,trash
garbage_classification\battery\battery340.jpg,battery
garbage_classification\clothes\clothes1214.jpg,clothes
garbage_classification\clothes\clothes2767.jpg,clothes
garbage_classification\biological\biological508.jpg,biological
garbage_classification\biological\biological69.jpg,biological
garbage_classification\clothes\clothes163.jpg,clothes
garbage_classification\paper\paper339.jpg,paper
garbage_classification\trash\trash64.jpg,trash
garbage_classification\paper\paper116.jpg,paper
garbage_classification\plastic\plastic221.jpg,plastic
garbage_classification\clothes\clothes4711.jpg,clothes
garbage_classification\paper\paper137.jpg,paper
garbage_classification\clothes\clothes1577.jpg,clothes
garbage_classification\clothes\clothes3994.jpg,clothes
garbage_classification\shoes\shoes245.jpg,shoes
garbage_classification\paper\paper1008.jpg,paper
garbage_classification\shoes\shoes836.jpg,shoes
garbage_classification\shoes\shoes796.jpg,shoes
garbage_classification\clothes\clothes2173.jpg,clothes
garbage_classification\clothes\clothes962.jpg,clothes
garbage_classification\shoes\shoes1749.jpg,shoes
garbage_classification\paper\paper931.jpg,paper
garbage_classification\clothes\clothes4321.jpg,clothes
garbage_classification\green-glass\green-glass174.jpg,green-glass
garbage_classification\paper\paper251.jpg,paper
garbage_classification\shoes\shoes599.jpg,shoes
garbage_classification\shoes\shoes407.jpg,shoes
garbage_classification\clothes\clothes691.jpg,clothes
garbage_classification\cardboard\cardboard559.jpg,cardboard
garbage_classification\clothes\clothes534.jpg,clothes
garbage_classification\clothes\clothes4781.jpg,clothes
garbage_classification\shoes\shoes251.jpg,shoes
garbage_classification\battery\battery182.jpg,battery
garbage_classification\biological\biological82.jpg,biological
garbage_classification\metal\metal588.jpg,metal
garbage_classification\clothes\clothes3161.jpg,clothes
garbage_classification\shoes\shoes211.jpg,shoes
garbage_classification\battery\battery797.jpg,battery
garbage_classification\battery\battery707.jpg,battery
garbage_classification\green-glass\green-glass358.jpg,green-glass
garbage_classification\green-glass\green-glass186.jpg,green-glass
garbage_classification\clothes\clothes2020.jpg,clothes
garbage_classification\clothes\clothes4880.jpg,clothes
garbage_classification\cardboard\cardboard872.jpg,cardboard
garbage_classification\clothes\clothes777.jpg,clothes
garbage_classification\metal\metal543.jpg,metal
garbage_classification\clothes\clothes866.jpg,clothes
garbage_classification\plastic\plastic47.jpg,plastic
garbage_classification\paper\paper219.jpg,paper
garbage_classification\battery\battery213.jpg,battery
garbage_classification\shoes\shoes1765.jpg,shoes
garbage_classification\clothes\clothes3785.jpg,clothes
garbage_classification\shoes\shoes835.jpg,shoes
garbage_classification\clothes\clothes1315.jpg,clothes
garbage_classification\shoes\shoes1355.jpg,shoes
garbage_classification\clothes\clothes1114.jpg,clothes
garbage_classification\green-glass\green-glass613.jpg,green-glass
garbage_classification\trash\trash434.jpg,trash
garbage_classification\paper\paper374.jpg,paper
garbage_classification\shoes\shoes1516.jpg,shoes
garbage_classification\plastic\plastic543.jpg,plastic
garbage_classification\clothes\clothes399.jpg,clothes
garbage_classification\clothes\clothes5069.jpg,clothes
garbage_classification\battery\battery362.jpg,battery
garbage_classification\shoes\shoes1267.jpg,shoes
garbage_classification\metal\metal325.jpg,metal
garbage_classification\cardboard\cardboard642.jpg,cardboard
garbage_classification\white-glass\white-glass248.jpg,white-glass
garbage_classification\cardboard\cardboard247.jpg,cardboard
garbage_classification\clothes\clothes1871.jpg,clothes
garbage_classification\brown-glass\brown-glass126.jpg,brown-glass
garbage_classification\plastic\plastic490.jpg,plastic
garbage_classification\plastic\plastic181.jpg,plastic
garbage_classification\paper\paper442.jpg,paper
garbage_classification\shoes\shoes439.jpg,shoes
garbage_classification\shoes\shoes861.jpg,shoes
garbage_classification\brown-glass\brown-glass212.jpg,brown-glass
garbage_classification\clothes\clothes2649.jpg,clothes
garbage_classification\brown-glass\brown-glass147.jpg,brown-glass
garbage_classification\clothes\clothes81.jpg,clothes
garbage_classification\clothes\clothes4941.jpg,clothes
garbage_classification\brown-glass\brown-glass130.jpg,brown-glass
garbage_classification\paper\paper432.jpg,paper
garbage_classification\biological\biological504.jpg,biological
garbage_classification\plastic\plastic820.jpg,plastic
garbage_classification\white-glass\white-glass216.jpg,white-glass
garbage_classification\brown-glass\brown-glass378.jpg,brown-glass
garbage_classification\clothes\clothes1231.jpg,clothes
garbage_classification\clothes\clothes725.jpg,clothes
garbage_classification\trash\trash605.jpg,trash
garbage_classification\cardboard\cardboard129.jpg,cardboard
garbage_classification\clothes\clothes1549.jpg,clothes
garbage_classification\cardboard\cardboard574.jpg,cardboard
garbage_classification\clothes\clothes335.jpg,clothes
garbage_classification\biological\biological515.jpg,biological
garbage_classification\paper\paper609.jpg,paper
garbage_classification\clothes\clothes426.jpg,clothes
garbage_classification\clothes\clothes2993.jpg,clothes
garbage_classification\trash\trash175.jpg,trash
garbage_classification\cardboard\cardboard185.jpg,cardboard
garbage_classification\cardboard\cardboard354.jpg,cardboard
garbage_classification\shoes\shoes784.jpg,shoes
garbage_classification\shoes\shoes500.jpg,shoes
garbage_classification\clothes\clothes1716.jpg,clothes
garbage_classification\brown-glass\brown-glass596.jpg,brown-glass
garbage_classification\paper\paper802.jpg,paper
garbage_classification\clothes\clothes3971.jpg,clothes
garbage_classification\biological\biological547.jpg,biological
garbage_classification\cardboard\cardboard743.jpg,cardboard
garbage_classification\clothes\clothes4950.jpg,clothes
garbage_classification\shoes\shoes82.jpg,shoes
garbage_classification\paper\paper1004.jpg,paper
garbage_classification\shoes\shoes529.jpg,shoes
garbage_classification\plastic\plastic745.jpg,plastic
garbage_classification\trash\trash659.jpg,trash
garbage_classification\paper\paper189.jpg,paper
garbage_classification\clothes\clothes4389.jpg,clothes
garbage_classification\cardboard\cardboard848.jpg,cardboard
garbage_classification\shoes\shoes1892.jpg,shoes
garbage_classification\clothes\clothes2344.jpg,clothes
garbage_classification\clothes\clothes4754.jpg,clothes
garbage_classification\trash\trash650.jpg,trash
garbage_classification\clothes\clothes211.jpg,clothes
garbage_classification\shoes\shoes1217.jpg,shoes
garbage_classification\clothes\clothes3332.jpg,clothes
garbage_classification\clothes\clothes1016.jpg,clothes
garbage_classification\clothes\clothes1048.jpg,clothes
garbage_classification\paper\paper734.jpg,paper
garbage_classification\metal\metal196.jpg,metal
garbage_classification\metal\metal210.jpg,metal
garbage_classification\battery\battery84.jpg,battery
garbage_classification\plastic\plastic353.jpg,plastic
garbage_classification\clothes\clothes4056.jpg,clothes
garbage_classification\clothes\clothes1686.jpg,clothes
garbage_classification\clothes\clothes1272.jpg,clothes
garbage_classification\cardboard\cardboard282.jpg,cardboard
garbage_classification\shoes\shoes1959.jpg,shoes
garbage_classification\clothes\clothes3642.jpg,clothes
garbage_classification\clothes\clothes934.jpg,clothes
garbage_classification\paper\paper636.jpg,paper
garbage_classification\metal\metal497.jpg,metal
garbage_classification\shoes\shoes1094.jpg,shoes
garbage_classification\clothes\clothes190.jpg,clothes
garbage_classification\clothes\clothes4308.jpg,clothes
garbage_classification\clothes\clothes2321.jpg,clothes
garbage_classification\plastic\plastic611.jpg,plastic
garbage_classification\shoes\shoes1389.jpg,shoes
garbage_classification\clothes\clothes1971.jpg,clothes
garbage_classification\trash\trash540.jpg,trash
garbage_classification\clothes\clothes1941.jpg,clothes
garbage_classification\white-glass\white-glass348.jpg,white-glass
garbage_classification\brown-glass\brown-glass165.jpg,brown-glass
garbage_classification\trash\trash118.jpg,trash
garbage_classification\trash\trash314.jpg,trash
garbage_classification\biological\biological810.jpg,biological
garbage_classification\brown-glass\brown-glass67.jpg,brown-glass
garbage_classification\green-glass\green-glass241.jpg,green-glass
garbage_classification\clothes\clothes3117.jpg,clothes
garbage_classification\white-glass\white-glass739.jpg,white-glass
garbage_classification\shoes\shoes1069.jpg,shoes
garbage_classification\clothes\clothes1866.jpg,clothes
garbage_classification\plastic\plastic577.jpg,plastic
garbage_classification\trash\trash648.jpg,trash
garbage_classification\cardboard\cardboard170.jpg,cardboard
garbage_classification\metal\metal486.jpg,metal
garbage_classification\clothes\clothes2664.jpg,clothes
garbage_classification\clothes\clothes4204.jpg,clothes
garbage_classification\clothes\clothes1436.jpg,clothes
garbage_classification\clothes\clothes2466.jpg,clothes
garbage_classification\clothes\clothes2744.jpg,clothes
garbage_classification\plastic\plastic21.jpg,plastic
garbage_classification\paper\paper701.jpg,paper
garbage_classification\clothes\clothes2548.jpg,clothes
garbage_classification\clothes\clothes4001.jpg,clothes
garbage_classification\biological\biological912.jpg,biological
garbage_classification\clothes\clothes4200.jpg,clothes
garbage_classification\cardboard\cardboard634.jpg,cardboard
garbage_classification\clothes\clothes1094.jpg,clothes
garbage_classification\clothes\clothes4675.jpg,clothes
garbage_classification\shoes\shoes1031.jpg,shoes
garbage_classification\plastic\plastic132.jpg,plastic
garbage_classification\shoes\shoes354.jpg,shoes
garbage_classification\plastic\plastic160.jpg,plastic
garbage_classification\paper\paper389.jpg,paper
garbage_classification\clothes\clothes2924.jpg,clothes
garbage_classification\paper\paper135.jpg,paper
garbage_classification\biological\biological545.jpg,biological
garbage_classification\clothes\clothes5165.jpg,clothes
garbage_classification\shoes\shoes1242.jpg,shoes
garbage_classification\biological\biological916.jpg,biological
garbage_classification\clothes\clothes3221.jpg,clothes
garbage_classification\plastic\plastic58.jpg,plastic
garbage_classification\clothes\clothes1491.jpg,clothes
garbage_classification\shoes\shoes755.jpg,shoes
garbage_classification\shoes\shoes1416.jpg,shoes
garbage_classification\clothes\clothes72.jpg,clothes
garbage_classification\shoes\shoes1376.jpg,shoes
garbage_classification\clothes\clothes3401.jpg,clothes
garbage_classification\white-glass\white-glass167.jpg,white-glass
garbage_classification\white-glass\white-glass260.jpg,white-glass
garbage_classification\shoes\shoes869.jpg,shoes
garbage_classification\clothes\clothes1254.jpg,clothes
garbage_classification\clothes\clothes3019.jpg,clothes
garbage_classification\shoes\shoes134.jpg,shoes
garbage_classification\paper\paper248.jpg,paper
garbage_classification\white-glass\white-glass63.jpg,white-glass
garbage_classification\green-glass\green-glass125.jpg,green-glass
garbage_classification\shoes\shoes1867.jpg,shoes
garbage_classification\biological\biological292.jpg,biological
garbage_classification\clothes\clothes3481.jpg,clothes
garbage_classification\biological\biological299.jpg,biological
garbage_classification\clothes\clothes1516.jpg,clothes
garbage_classification\green-glass\green-glass234.jpg,green-glass
garbage_classification\clothes\clothes1018.jpg,clothes
garbage_classification\battery\battery170.jpg,battery
garbage_classification\metal\metal287.jpg,metal
garbage_classification\biological\biological647.jpg,biological
garbage_classification\clothes\clothes2198.jpg,clothes
garbage_classification\plastic\plastic489.jpg,plastic
garbage_classification\metal\metal568.jpg,metal
garbage_classification\clothes\clothes3383.jpg,clothes
garbage_classification\biological\biological393.jpg,biological
garbage_classification\paper\paper794.jpg,paper
garbage_classification\shoes\shoes823.jpg,shoes
garbage_classification\battery\battery150.jpg,battery
garbage_classification\clothes\clothes1950.jpg,clothes
garbage_classification\clothes\clothes1852.jpg,clothes
garbage_classification\shoes\shoes1604.jpg,shoes
garbage_classification\battery\battery618.jpg,battery
garbage_classification\clothes\clothes392.jpg,clothes
garbage_classification\cardboard\cardboard39.jpg,cardboard
garbage_classification\clothes\clothes3537.jpg,clothes
garbage_classification\shoes\shoes680.jpg,shoes
garbage_classification\brown-glass\brown-glass549.jpg,brown-glass
garbage_classification\brown-glass\brown-glass166.jpg,brown-glass
garbage_classification\brown-glass\brown-glass383.jpg,brown-glass
garbage_classification\shoes\shoes302.jpg,shoes
garbage_classification\cardboard\cardboard334.jpg,cardboard
garbage_classification\metal\metal165.jpg,metal
garbage_classification\plastic\plastic701.jpg,plastic
garbage_classification\shoes\shoes456.jpg,shoes
garbage_classification\shoes\shoes1371.jpg,shoes
garbage_classification\biological\biological346.jpg,biological
garbage_classification\shoes\shoes118.jpg,shoes
garbage_classification\clothes\clothes3457.jpg,clothes
garbage_classification\clothes\clothes761.jpg,clothes
garbage_classification\clothes\clothes2628.jpg,clothes
garbage_classification\green-glass\green-glass489.jpg,green-glass
garbage_classification\clothes\clothes3341.jpg,clothes
garbage_classification\biological\biological399.jpg,biological
garbage_classification\green-glass\green-glass390.jpg,green-glass
garbage_classification\clothes\clothes5061.jpg,clothes
garbage_classification\clothes\clothes2045.jpg,clothes
garbage_classification\clothes\clothes3097.jpg,clothes
garbage_classification\clothes\clothes1152.jpg,clothes
garbage_classification\clothes\clothes1408.jpg,clothes
garbage_classification\green-glass\green-glass211.jpg,green-glass
garbage_classification\clothes\clothes1322.jpg,clothes
garbage_classification\battery\battery648.jpg,battery
garbage_classification\brown-glass\brown-glass500.jpg,brown-glass
garbage_classification\clothes\clothes1600.jpg,clothes
garbage_classification\trash\trash297.jpg,trash
garbage_classification\cardboard\cardboard441.jpg,cardboard
garbage_classification\clothes\clothes4435.jpg,clothes
garbage_classification\clothes\clothes549.jpg,clothes
garbage_classification\clothes\clothes2255.jpg,clothes
garbage_classification\paper\paper628.jpg,paper
garbage_classification\clothes\clothes1309.jpg,clothes
garbage_classification\paper\paper509.jpg,paper
garbage_classification\clothes\clothes4845.jpg,clothes
garbage_classification\clothes\clothes683.jpg,clothes
garbage_classification\clothes\clothes756.jpg,clothes
garbage_classification\green-glass\green-glass151.jpg,green-glass
garbage_classification\biological\biological210.jpg,biological
garbage_classification\clothes\clothes2932.jpg,clothes
garbage_classification\green-glass\green-glass413.jpg,green-glass
garbage_classification\paper\paper856.jpg,paper
garbage_classification\clothes\clothes2852.jpg,clothes
garbage_classification\clothes\clothes4053.jpg,clothes
garbage_classification\shoes\shoes637.jpg,shoes
garbage_classification\clothes\clothes1954.jpg,clothes
garbage_classification\white-glass\white-glass60.jpg,white-glass
garbage_classification\clothes\clothes3297.jpg,clothes
garbage_classification\green-glass\green-glass485.jpg,green-glass
garbage_classification\white-glass\white-glass466.jpg,white-glass
garbage_classification\green-glass\green-glass291.jpg,green-glass
garbage_classification\clothes\clothes1786.jpg,clothes
garbage_classification\green-glass\green-glass117.jpg,green-glass
garbage_classification\cardboard\cardboard782.jpg,cardboard
garbage_classification\shoes\shoes642.jpg,shoes
garbage_classification\battery\battery709.jpg,battery
garbage_classification\plastic\plastic295.jpg,plastic
garbage_classification\metal\metal731.jpg,metal
garbage_classification\cardboard\cardboard47.jpg,cardboard
garbage_classification\shoes\shoes1409.jpg,shoes
garbage_classification\plastic\plastic825.jpg,plastic
garbage_classification\green-glass\green-glass165.jpg,green-glass
garbage_classification\biological\biological596.jpg,biological
garbage_classification\metal\metal574.jpg,metal
garbage_classification\biological\biological401.jpg,biological
garbage_classification\paper\paper606.jpg,paper
garbage_classification\cardboard\cardboard4.jpg,cardboard
garbage_classification\plastic\plastic300.jpg,plastic
garbage_classification\trash\trash382.jpg,trash
garbage_classification\trash\trash125.jpg,trash
garbage_classification\green-glass\green-glass597.jpg,green-glass
garbage_classification\battery\battery456.jpg,battery
garbage_classification\shoes\shoes1287.jpg,shoes
garbage_classification\plastic\plastic324.jpg,plastic
garbage_classification\trash\trash336.jpg,trash
garbage_classification\battery\battery931.jpg,battery
garbage_classification\battery\battery31.jpg,battery
garbage_classification\clothes\clothes4039.jpg,clothes
garbage_classification\biological\biological946.jpg,biological
garbage_classification\battery\battery331.jpg,battery
garbage_classification\battery\battery646.jpg,battery
garbage_classification\paper\paper578.jpg,paper
garbage_classification\plastic\plastic527.jpg,plastic
garbage_classification\clothes\clothes1631.jpg,clothes
garbage_classification\clothes\clothes4636.jpg,clothes
garbage_classification\clothes\clothes2154.jpg,clothes
garbage_classification\clothes\clothes4054.jpg,clothes
garbage_classification\white-glass\white-glass628.jpg,white-glass
garbage_classification\clothes\clothes2515.jpg,clothes
garbage_classification\trash\trash306.jpg,trash
garbage_classification\battery\battery725.jpg,battery
garbage_classification\clothes\clothes298.jpg,clothes
garbage_classification\paper\paper795.jpg,paper
garbage_classification\battery\battery336.jpg,battery
garbage_classification\clothes\clothes2059.jpg,clothes
garbage_classification\white-glass\white-glass283.jpg,white-glass
garbage_classification\clothes\clothes2258.jpg,clothes
garbage_classification\clothes\clothes409.jpg,clothes
garbage_classification\shoes\shoes543.jpg,shoes
garbage_classification\biological\biological732.jpg,biological
garbage_classification\white-glass\white-glass69.jpg,white-glass
garbage_classification\clothes\clothes3939.jpg,clothes
garbage_classification\biological\biological729.jpg,biological
garbage_classification\clothes\clothes4370.jpg,clothes
garbage_classification\plastic\plastic93.jpg,plastic
garbage_classification\battery\battery304.jpg,battery
garbage_classification\clothes\clothes4686.jpg,clothes
garbage_classification\cardboard\cardboard820.jpg,cardboard
garbage_classification\white-glass\white-glass431.jpg,white-glass
garbage_classification\biological\biological336.jpg,biological
garbage_classification\clothes\clothes993.jpg,clothes
garbage_classification\clothes\clothes3119.jpg,clothes
garbage_classification\clothes\clothes1558.jpg,clothes
garbage_classification\clothes\clothes3946.jpg,clothes
garbage_classification\clothes\clothes696.jpg,clothes
garbage_classification\shoes\shoes49.jpg,shoes
garbage_classification\shoes\shoes905.jpg,shoes
garbage_classification\biological\biological789.jpg,biological
garbage_classification\shoes\shoes870.jpg,shoes
garbage_classification\white-glass\white-glass531.jpg,white-glass
garbage_classification\battery\battery905.jpg,battery
garbage_classification\clothes\clothes5168.jpg,clothes
garbage_classification\battery\battery132.jpg,battery
garbage_classification\clothes\clothes4624.jpg,clothes
garbage_classification\battery\battery516.jpg,battery
garbage_classification\battery\battery640.jpg,battery
garbage_classification\clothes\clothes4461.jpg,clothes
garbage_classification\clothes\clothes2437.jpg,clothes
garbage_classification\green-glass\green-glass247.jpg,green-glass
garbage_classification\biological\biological639.jpg,biological
garbage_classification\brown-glass\brown-glass566.jpg,brown-glass
garbage_classification\clothes\clothes1768.jpg,clothes
garbage_classification\clothes\clothes3149.jpg,clothes
garbage_classification\clothes\clothes212.jpg,clothes
garbage_classification\cardboard\cardboard618.jpg,cardboard
garbage_classification\plastic\plastic466.jpg,plastic
garbage_classification\clothes\clothes3441.jpg,clothes
garbage_classification\white-glass\white-glass36.jpg,white-glass
garbage_classification\green-glass\green-glass91.jpg,green-glass
garbage_classification\clothes\clothes5314.jpg,clothes
garbage_classification\white-glass\white-glass381.jpg,white-glass
garbage_classification\green-glass\green-glass254.jpg,green-glass
garbage_classification\clothes\clothes1002.jpg,clothes
garbage_classification\paper\paper708.jpg,paper
garbage_classification\shoes\shoes1498.jpg,shoes
garbage_classification\shoes\shoes1360.jpg,shoes
garbage_classification\white-glass\white-glass749.jpg,white-glass
garbage_classification\shoes\shoes1054.jpg,shoes
garbage_classification\shoes\shoes1324.jpg,shoes
garbage_classification\cardboard\cardboard320.jpg,cardboard
garbage_classification\clothes\clothes2753.jpg,clothes
garbage_classification\clothes\clothes553.jpg,clothes
garbage_classification\metal\metal55.jpg,metal
garbage_classification\brown-glass\brown-glass583.jpg,brown-glass
garbage_classification\shoes\shoes1415.jpg,shoes
garbage_classification\metal\metal224.jpg,metal
garbage_classification\cardboard\cardboard83.jpg,cardboard
garbage_classification\metal\metal182.jpg,metal
garbage_classification\metal\metal180.jpg,metal
garbage_classification\clothes\clothes2417.jpg,clothes
garbage_classification\paper\paper365.jpg,paper
garbage_classification\brown-glass\brown-glass278.jpg,brown-glass
garbage_classification\clothes\clothes3157.jpg,clothes
garbage_classification\clothes\clothes3184.jpg,clothes
garbage_classification\clothes\clothes1256.jpg,clothes
garbage_classification\biological\biological419.jpg,biological
garbage_classification\white-glass\white-glass608.jpg,white-glass
garbage_classification\plastic\plastic52.jpg,plastic
garbage_classification\white-glass\white-glass316.jpg,white-glass
garbage_classification\shoes\shoes810.jpg,shoes
garbage_classification\paper\paper744.jpg,paper
garbage_classification\metal\metal456.jpg,metal
garbage_classification\battery\battery889.jpg,battery
garbage_classification\shoes\shoes1372.jpg,shoes
garbage_classification\plastic\plastic568.jpg,plastic
garbage_classification\shoes\shoes224.jpg,shoes
garbage_classification\shoes\shoes1943.jpg,shoes
garbage_classification\plastic\plastic84.jpg,plastic
garbage_classification\clothes\clothes1010.jpg,clothes
garbage_classification\shoes\shoes1523.jpg,shoes
garbage_classification\biological\biological163.jpg,biological
garbage_classification\clothes\clothes32.jpg,clothes
garbage_classification\shoes\shoes817.jpg,shoes
garbage_classification\white-glass\white-glass135.jpg,white-glass
garbage_classification\cardboard\cardboard267.jpg,cardboard
garbage_classification\paper\paper53.jpg,paper
garbage_classification\shoes\shoes1339.jpg,shoes
garbage_classification\green-glass\green-glass199.jpg,green-glass
garbage_classification\shoes\shoes1578.jpg,shoes
garbage_classification\metal\metal214.jpg,metal
garbage_classification\paper\paper395.jpg,paper
garbage_classification\paper\paper276.jpg,paper
garbage_classification\clothes\clothes4914.jpg,clothes
garbage_classification\clothes\clothes2868.jpg,clothes
garbage_classification\shoes\shoes745.jpg,shoes
garbage_classification\cardboard\cardboard173.jpg,cardboard
garbage_classification\battery\battery916.jpg,battery
garbage_classification\trash\trash466.jpg,trash
garbage_classification\cardboard\cardboard32.jpg,cardboard
garbage_classification\brown-glass\brown-glass460.jpg,brown-glass
garbage_classification\clothes\clothes2057.jpg,clothes
garbage_classification\white-glass\white-glass483.jpg,white-glass
garbage_classification\clothes\clothes1169.jpg,clothes
garbage_classification\shoes\shoes1199.jpg,shoes
garbage_classification\clothes\clothes2071.jpg,clothes
garbage_classification\clothes\clothes3966.jpg,clothes
garbage_classification\clothes\clothes2673.jpg,clothes
garbage_classification\clothes\clothes1157.jpg,clothes
garbage_classification\clothes\clothes3977.jpg,clothes
garbage_classification\battery\battery233.jpg,battery
garbage_classification\cardboard\cardboard165.jpg,cardboard
garbage_classification\paper\paper873.jpg,paper
garbage_classification\clothes\clothes4111.jpg,clothes
garbage_classification\green-glass\green-glass518.jpg,green-glass
garbage_classification\cardboard\cardboard854.jpg,cardboard
garbage_classification\clothes\clothes5303.jpg,clothes
garbage_classification\trash\trash471.jpg,trash
garbage_classification\brown-glass\brown-glass143.jpg,brown-glass
garbage_classification\biological\biological283.jpg,biological
garbage_classification\clothes\clothes2459.jpg,clothes
garbage_classification\battery\battery940.jpg,battery
garbage_classification\biological\biological251.jpg,biological
garbage_classification\shoes\shoes1413.jpg,shoes
garbage_classification\clothes\clothes2998.jpg,clothes
garbage_classification\green-glass\green-glass184.jpg,green-glass
garbage_classification\cardboard\cardboard346.jpg,cardboard
garbage_classification\white-glass\white-glass241.jpg,white-glass
garbage_classification\metal\metal168.jpg,metal
garbage_classification\shoes\shoes154.jpg,shoes
garbage_classification\plastic\plastic806.jpg,plastic
garbage_classification\biological\biological588.jpg,biological
garbage_classification\clothes\clothes1823.jpg,clothes
garbage_classification\clothes\clothes2501.jpg,clothes
garbage_classification\green-glass\green-glass355.jpg,green-glass
garbage_classification\clothes\clothes1411.jpg,clothes
garbage_classification\biological\biological413.jpg,biological
garbage_classification\metal\metal449.jpg,metal
garbage_classification\brown-glass\brown-glass34.jpg,brown-glass
garbage_classification\biological\biological868.jpg,biological
garbage_classification\trash\trash75.jpg,trash
garbage_classification\green-glass\green-glass304.jpg,green-glass
garbage_classification\paper\paper487.jpg,paper
garbage_classification\shoes\shoes406.jpg,shoes
garbage_classification\metal\metal21.jpg,metal
garbage_classification\clothes\clothes228.jpg,clothes
garbage_classification\clothes\clothes4655.jpg,clothes
garbage_classification\clothes\clothes2589.jpg,clothes
garbage_classification\biological\biological152.jpg,biological
garbage_classification\paper\paper42.jpg,paper
garbage_classification\paper\paper722.jpg,paper
garbage_classification\trash\trash687.jpg,trash
garbage_classification\green-glass\green-glass266.jpg,green-glass
garbage_classification\paper\paper3.jpg,paper
garbage_classification\shoes\shoes965.jpg,shoes
garbage_classification\clothes\clothes2381.jpg,clothes
garbage_classification\battery\battery371.jpg,battery
garbage_classification\trash\trash609.jpg,trash
garbage_classification\paper\paper325.jpg,paper
garbage_classification\clothes\clothes708.jpg,clothes
garbage_classification\biological\biological495.jpg,biological
garbage_classification\brown-glass\brown-glass184.jpg,brown-glass
garbage_classification\brown-glass\brown-glass369.jpg,brown-glass
garbage_classification\clothes\clothes835.jpg,clothes
garbage_classification\brown-glass\brown-glass334.jpg,brown-glass
garbage_classification\plastic\plastic747.jpg,plastic
garbage_classification\brown-glass\brown-glass545.jpg,brown-glass
garbage_classification\biological\biological525.jpg,biological
garbage_classification\plastic\plastic829.jpg,plastic
garbage_classification\biological\biological330.jpg,biological
garbage_classification\trash\trash337.jpg,trash
garbage_classification\paper\paper645.jpg,paper
garbage_classification\brown-glass\brown-glass148.jpg,brown-glass
garbage_classification\battery\battery241.jpg,battery
garbage_classification\battery\battery394.jpg,battery
garbage_classification\battery\battery136.jpg,battery
garbage_classification\clothes\clothes4814.jpg,clothes
garbage_classification\biological\biological287.jpg,biological
garbage_classification\trash\trash204.jpg,trash
garbage_classification\clothes\clothes3025.jpg,clothes
garbage_classification\cardboard\cardboard855.jpg,cardboard
garbage_classification\clothes\clothes2406.jpg,clothes
garbage_classification\clothes\clothes568.jpg,clothes
garbage_classification\clothes\clothes2737.jpg,clothes
garbage_classification\clothes\clothes853.jpg,clothes
garbage_classification\battery\battery908.jpg,battery
garbage_classification\clothes\clothes3735.jpg,clothes
garbage_classification\shoes\shoes1596.jpg,shoes
garbage_classification\cardboard\cardboard345.jpg,cardboard
garbage_classification\brown-glass\brown-glass163.jpg,brown-glass
garbage_classification\clothes\clothes3540.jpg,clothes
garbage_classification\plastic\plastic777.jpg,plastic
garbage_classification\clothes\clothes2530.jpg,clothes
garbage_classification\paper\paper460.jpg,paper
garbage_classification\biological\biological165.jpg,biological
garbage_classification\trash\trash90.jpg,trash
garbage_classification\brown-glass\brown-glass584.jpg,brown-glass
garbage_classification\paper\paper277.jpg,paper
garbage_classification\clothes\clothes3538.jpg,clothes
garbage_classification\clothes\clothes1009.jpg,clothes
garbage_classification\metal\metal670.jpg,metal
garbage_classification\clothes\clothes134.jpg,clothes
garbage_classification\shoes\shoes1805.jpg,shoes
garbage_classification\brown-glass\brown-glass569.jpg,brown-glass
garbage_classification\shoes\shoes1644.jpg,shoes
garbage_classification\paper\paper103.jpg,paper
garbage_classification\clothes\clothes1208.jpg,clothes
garbage_classification\plastic\plastic704.jpg,plastic
garbage_classification\clothes\clothes3415.jpg,clothes
garbage_classification\shoes\shoes1303.jpg,shoes
garbage_classification\battery\battery534.jpg,battery
garbage_classification\battery\battery321.jpg,battery
garbage_classification\trash\trash338.jpg,trash
garbage_classification\white-glass\white-glass153.jpg,white-glass
garbage_classification\clothes\clothes3815.jpg,clothes
garbage_classification\trash\trash19.jpg,trash
garbage_classification\clothes\clothes1881.jpg,clothes
garbage_classification\brown-glass\brown-glass318.jpg,brown-glass
garbage_classification\battery\battery468.jpg,battery
garbage_classification\clothes\clothes476.jpg,clothes
garbage_classification\plastic\plastic30.jpg,plastic
garbage_classification\shoes\shoes487.jpg,shoes
garbage_classification\clothes\clothes288.jpg,clothes
garbage_classification\clothes\clothes3720.jpg,clothes
garbage_classification\white-glass\white-glass499.jpg,white-glass
garbage_classification\clothes\clothes832.jpg,clothes
garbage_classification\paper\paper467.jpg,paper
garbage_classification\green-glass\green-glass501.jpg,green-glass
garbage_classification\clothes\clothes3197.jpg,clothes
garbage_classification\paper\paper446.jpg,paper
garbage_classification\green-glass\green-glass90.jpg,green-glass
garbage_classification\trash\trash660.jpg,trash
garbage_classification\paper\paper201.jpg,paper
garbage_classification\clothes\clothes4176.jpg,clothes
garbage_classification\shoes\shoes429.jpg,shoes
garbage_classification\cardboard\cardboard557.jpg,cardboard
garbage_classification\battery\battery691.jpg,battery
garbage_classification\white-glass\white-glass605.jpg,white-glass
garbage_classification\clothes\clothes5132.jpg,clothes
garbage_classification\clothes\clothes3822.jpg,clothes
garbage_classification\clothes\clothes48.jpg,clothes
garbage_classification\metal\metal522.jpg,metal
garbage_classification\white-glass\white-glass558.jpg,white-glass
garbage_classification\metal\metal278.jpg,metal
garbage_classification\biological\biological816.jpg,biological
garbage_classification\shoes\shoes181.jpg,shoes
garbage_classification\clothes\clothes2260.jpg,clothes
garbage_classification\clothes\clothes2295.jpg,clothes
garbage_classification\clothes\clothes2269.jpg,clothes
garbage_classification\trash\trash344.jpg,trash
garbage_classification\cardboard\cardboard831.jpg,cardboard
garbage_classification\battery\battery676.jpg,battery
garbage_classification\cardboard\cardboard128.jpg,cardboard
garbage_classification\clothes\clothes1003.jpg,clothes
garbage_classification\plastic\plastic329.jpg,plastic
garbage_classification\biological\biological702.jpg,biological
garbage_classification\trash\trash45.jpg,trash
garbage_classification\clothes\clothes1146.jpg,clothes
garbage_classification\biological\biological178.jpg,biological
garbage_classification\clothes\clothes999.jpg,clothes
garbage_classification\shoes\shoes270.jpg,shoes
garbage_classification\brown-glass\brown-glass404.jpg,brown-glass
garbage_classification\clothes\clothes4274.jpg,clothes
garbage_classification\brown-glass\brown-glass388.jpg,brown-glass
garbage_classification\clothes\clothes4424.jpg,clothes
garbage_classification\green-glass\green-glass407.jpg,green-glass
garbage_classification\paper\paper268.jpg,paper
garbage_classification\clothes\clothes1382.jpg,clothes
garbage_classification\clothes\clothes1662.jpg,clothes
garbage_classification\trash\trash319.jpg,trash
garbage_classification\biological\biological355.jpg,biological
garbage_classification\clothes\clothes681.jpg,clothes
garbage_classification\clothes\clothes4629.jpg,clothes
garbage_classification\clothes\clothes5015.jpg,clothes
garbage_classification\biological\biological590.jpg,biological
garbage_classification\shoes\shoes1126.jpg,shoes
garbage_classification\shoes\shoes46.jpg,shoes
garbage_classification\shoes\shoes25.jpg,shoes
garbage_classification\clothes\clothes3438.jpg,clothes
garbage_classification\white-glass\white-glass178.jpg,white-glass
garbage_classification\clothes\clothes4278.jpg,clothes
garbage_classification\biological\biological13.jpg,biological
garbage_classification\metal\metal364.jpg,metal
garbage_classification\clothes\clothes1090.jpg,clothes
garbage_classification\clothes\clothes30.jpg,clothes
garbage_classification\clothes\clothes268.jpg,clothes
garbage_classification\battery\battery610.jpg,battery
garbage_classification\plastic\plastic57.jpg,plastic
garbage_classification\plastic\plastic765.jpg,plastic
garbage_classification\brown-glass\brown-glass414.jpg,brown-glass
garbage_classification\cardboard\cardboard529.jpg,cardboard
garbage_classification\paper\paper78.jpg,paper
garbage_classification\battery\battery626.jpg,battery
garbage_classification\clothes\clothes3589.jpg,clothes
garbage_classification\clothes\clothes463.jpg,clothes
garbage_classification\clothes\clothes315.jpg,clothes
garbage_classification\trash\trash178.jpg,trash
garbage_classification\brown-glass\brown-glass83.jpg,brown-glass
garbage_classification\biological\biological809.jpg,biological
garbage_classification\brown-glass\brown-glass421.jpg,brown-glass
garbage_classification\paper\paper581.jpg,paper
garbage_classification\battery\battery864.jpg,battery
garbage_classification\biological\biological427.jpg,biological
garbage_classification\metal\metal8.jpg,metal
garbage_classification\clothes\clothes1998.jpg,clothes
garbage_classification\clothes\clothes4407.jpg,clothes
garbage_classification\clothes\clothes4549.jpg,clothes
garbage_classification\clothes\clothes2671.jpg,clothes
garbage_classification\clothes\clothes4948.jpg,clothes
garbage_classification\trash\trash411.jpg,trash
garbage_classification\paper\paper949.jpg,paper
garbage_classification\plastic\plastic124.jpg,plastic
garbage_classification\clothes\clothes1246.jpg,clothes
garbage_classification\clothes\clothes1362.jpg,clothes
garbage_classification\paper\paper413.jpg,paper
garbage_classification\clothes\clothes3545.jpg,clothes
garbage_classification\shoes\shoes606.jpg,shoes
garbage_classification\green-glass\green-glass531.jpg,green-glass
garbage_classification\shoes\shoes1052.jpg,shoes
garbage_classification\clothes\clothes3838.jpg,clothes
garbage_classification\clothes\clothes833.jpg,clothes
garbage_classification\white-glass\white-glass394.jpg,white-glass
garbage_classification\cardboard\cardboard162.jpg,cardboard
garbage_classification\trash\trash171.jpg,trash
garbage_classification\paper\paper187.jpg,paper
garbage_classification\white-glass\white-glass694.jpg,white-glass
garbage_classification\shoes\shoes1125.jpg,shoes
garbage_classification\biological\biological349.jpg,biological
garbage_classification\battery\battery253.jpg,battery
garbage_classification\clothes\clothes3268.jpg,clothes
garbage_classification\paper\paper1017.jpg,paper
garbage_classification\white-glass\white-glass10.jpg,white-glass
garbage_classification\cardboard\cardboard732.jpg,cardboard
garbage_classification\clothes\clothes2490.jpg,clothes
garbage_classification\paper\paper773.jpg,paper
garbage_classification\shoes\shoes220.jpg,shoes
garbage_classification\paper\paper577.jpg,paper
garbage_classification\metal\metal10.jpg,metal
garbage_classification\clothes\clothes5158.jpg,clothes
garbage_classification\brown-glass\brown-glass564.jpg,brown-glass
garbage_classification\clothes\clothes5286.jpg,clothes
garbage_classification\plastic\plastic506.jpg,plastic
garbage_classification\cardboard\cardboard22.jpg,cardboard
garbage_classification\clothes\clothes2060.jpg,clothes
garbage_classification\plastic\plastic526.jpg,plastic
garbage_classification\clothes\clothes1807.jpg,clothes
garbage_classification\clothes\clothes3229.jpg,clothes
garbage_classification\plastic\plastic803.jpg,plastic
garbage_classification\biological\biological323.jpg,biological
garbage_classification\biological\biological209.jpg,biological
garbage_classification\clothes\clothes3955.jpg,clothes
garbage_classification\shoes\shoes1095.jpg,shoes
garbage_classification\shoes\shoes1763.jpg,shoes
garbage_classification\plastic\plastic122.jpg,plastic
garbage_classification\shoes\shoes474.jpg,shoes
garbage_classification\metal\metal472.jpg,metal
garbage_classification\paper\paper771.jpg,paper
garbage_classification\brown-glass\brown-glass274.jpg,brown-glass
garbage_classification\biological\biological182.jpg,biological
garbage_classification\shoes\shoes764.jpg,shoes
garbage_classification\green-glass\green-glass352.jpg,green-glass
garbage_classification\trash\trash154.jpg,trash
garbage_classification\clothes\clothes2739.jpg,clothes
garbage_classification\cardboard\cardboard754.jpg,cardboard
garbage_classification\clothes\clothes238.jpg,clothes
garbage_classification\clothes\clothes2617.jpg,clothes
garbage_classification\clothes\clothes2502.jpg,clothes
garbage_classification\plastic\plastic594.jpg,plastic
garbage_classification\green-glass\green-glass129.jpg,green-glass
garbage_classification\trash\trash40.jpg,trash
garbage_classification\trash\trash482.jpg,trash
garbage_classification\clothes\clothes1448.jpg,clothes
garbage_classification\cardboard\cardboard160.jpg,cardboard
garbage_classification\plastic\plastic830.jpg,plastic
garbage_classification\clothes\clothes4521.jpg,clothes
garbage_classification\clothes\clothes806.jpg,clothes
garbage_classification\cardboard\cardboard601.jpg,cardboard
garbage_classification\clothes\clothes4733.jpg,clothes
garbage_classification\shoes\shoes1912.jpg,shoes
garbage_classification\paper\paper172.jpg,paper
garbage_classification\plastic\plastic689.jpg,plastic
garbage_classification\clothes\clothes3619.jpg,clothes
garbage_classification\green-glass\green-glass532.jpg,green-glass
garbage_classification\shoes\shoes889.jpg,shoes
garbage_classification\cardboard\cardboard94.jpg,cardboard
garbage_classification\cardboard\cardboard592.jpg,cardboard
garbage_classification\battery\battery645.jpg,battery
garbage_classification\battery\battery668.jpg,battery
garbage_classification\shoes\shoes1257.jpg,shoes
garbage_classification\metal\metal495.jpg,metal
garbage_classification\clothes\clothes565.jpg,clothes
garbage_classification\clothes\clothes1386.jpg,clothes
garbage_classification\battery\battery224.jpg,battery
garbage_classification\metal\metal369.jpg,metal
garbage_classification\paper\paper279.jpg,paper
garbage_classification\shoes\shoes950.jpg,shoes
garbage_classification\clothes\clothes2461.jpg,clothes
garbage_classification\shoes\shoes1154.jpg,shoes
garbage_classification\shoes\shoes1195.jpg,shoes
garbage_classification\cardboard\cardboard385.jpg,cardboard
garbage_classification\battery\battery849.jpg,battery
garbage_classification\clothes\clothes2631.jpg,clothes
garbage_classification\clothes\clothes1537.jpg,clothes
garbage_classification\biological\biological570.jpg,biological
garbage_classification\trash\trash642.jpg,trash
garbage_classification\clothes\clothes664.jpg,clothes
garbage_classification\clothes\clothes2329.jpg,clothes
garbage_classification\green-glass\green-glass120.jpg,green-glass
garbage_classification\white-glass\white-glass306.jpg,white-glass
garbage_classification\clothes\clothes1842.jpg,clothes
garbage_classification\clothes\clothes3892.jpg,clothes
garbage_classification\battery\battery380.jpg,battery
garbage_classification\white-glass\white-glass718.jpg,white-glass
garbage_classification\plastic\plastic55.jpg,plastic
garbage_classification\brown-glass\brown-glass593.jpg,brown-glass
garbage_classification\white-glass\white-glass198.jpg,white-glass
garbage_classification\brown-glass\brown-glass325.jpg,brown-glass
garbage_classification\paper\paper1031.jpg,paper
garbage_classification\clothes\clothes290.jpg,clothes
garbage_classification\clothes\clothes602.jpg,clothes
garbage_classification\white-glass\white-glass187.jpg,white-glass
garbage_classification\paper\paper260.jpg,paper
garbage_classification\shoes\shoes907.jpg,shoes
garbage_classification\battery\battery220.jpg,battery
garbage_classification\clothes\clothes1461.jpg,clothes
garbage_classification\metal\metal576.jpg,metal
garbage_classification\clothes\clothes3676.jpg,clothes
garbage_classification\metal\metal65.jpg,metal
garbage_classification\clothes\clothes2905.jpg,clothes
garbage_classification\battery\battery472.jpg,battery
garbage_classification\white-glass\white-glass320.jpg,white-glass
garbage_classification\paper\paper864.jpg,paper
garbage_classification\green-glass\green-glass321.jpg,green-glass
garbage_classification\shoes\shoes508.jpg,shoes
garbage_classification\clothes\clothes1945.jpg,clothes
garbage_classification\clothes\clothes1543.jpg,clothes
garbage_classification\biological\biological367.jpg,biological
garbage_classification\shoes\shoes1032.jpg,shoes
garbage_classification\biological\biological191.jpg,biological
garbage_classification\shoes\shoes1000.jpg,shoes
garbage_classification\battery\battery69.jpg,battery
garbage_classification\trash\trash318.jpg,trash
garbage_classification\clothes\clothes3864.jpg,clothes
garbage_classification\shoes\shoes1227.jpg,shoes
garbage_classification\shoes\shoes589.jpg,shoes
garbage_classification\clothes\clothes1707.jpg,clothes
garbage_classification\shoes\shoes33.jpg,shoes
garbage_classification\green-glass\green-glass194.jpg,green-glass
garbage_classification\plastic\plastic213.jpg,plastic
garbage_classification\clothes\clothes1754.jpg,clothes
garbage_classification\shoes\shoes802.jpg,shoes
garbage_classification\clothes\clothes732.jpg,clothes
garbage_classification\white-glass\white-glass146.jpg,white-glass
garbage_classification\shoes\shoes808.jpg,shoes
garbage_classification\green-glass\green-glass68.jpg,green-glass
garbage_classification\clothes\clothes4796.jpg,clothes
garbage_classification\clothes\clothes1251.jpg,clothes
garbage_classification\clothes\clothes3752.jpg,clothes
garbage_classification\clothes\clothes1612.jpg,clothes
garbage_classification\brown-glass\brown-glass11.jpg,brown-glass
garbage_classification\clothes\clothes2368.jpg,clothes
garbage_classification\clothes\clothes364.jpg,clothes
garbage_classification\cardboard\cardboard889.jpg,cardboard
garbage_classification\shoes\shoes729.jpg,shoes
garbage_classification\shoes\shoes162.jpg,shoes
garbage_classification\trash\trash95.jpg,trash
garbage_classification\trash\trash366.jpg,trash
garbage_classification\plastic\plastic478.jpg,plastic
garbage_classification\clothes\clothes1708.jpg,clothes
garbage_classification\clothes\clothes679.jpg,clothes
garbage_classification\clothes\clothes5139.jpg,clothes
garbage_classification\clothes\clothes2148.jpg,clothes
garbage_classification\green-glass\green-glass303.jpg,green-glass
garbage_classification\shoes\shoes1450.jpg,shoes
garbage_classification\white-glass\white-glass719.jpg,white-glass
garbage_classification\clothes\clothes3934.jpg,clothes
garbage_classification\shoes\shoes868.jpg,shoes
garbage_classification\paper\paper416.jpg,paper
garbage_classification\plastic\plastic630.jpg,plastic
garbage_classification\white-glass\white-glass615.jpg,white-glass
garbage_classification\cardboard\cardboard41.jpg,cardboard
garbage_classification\white-glass\white-glass405.jpg,white-glass
garbage_classification\clothes\clothes2694.jpg,clothes
garbage_classification\clothes\clothes1732.jpg,clothes
garbage_classification\biological\biological400.jpg,biological
garbage_classification\paper\paper452.jpg,paper
garbage_classification\clothes\clothes2933.jpg,clothes
garbage_classification\white-glass\white-glass362.jpg,white-glass
garbage_classification\battery\battery926.jpg,battery
garbage_classification\shoes\shoes1190.jpg,shoes
garbage_classification\clothes\clothes2204.jpg,clothes
garbage_classification\shoes\shoes1550.jpg,shoes
garbage_classification\shoes\shoes497.jpg,shoes
garbage_classification\clothes\clothes1124.jpg,clothes
garbage_classification\shoes\shoes583.jpg,shoes
garbage_classification\shoes\shoes1392.jpg,shoes
garbage_classification\clothes\clothes1151.jpg,clothes
garbage_classification\clothes\clothes1554.jpg,clothes
garbage_classification\clothes\clothes2039.jpg,clothes
garbage_classification\brown-glass\brown-glass297.jpg,brown-glass
garbage_classification\shoes\shoes1386.jpg,shoes
garbage_classification\clothes\clothes2149.jpg,clothes
garbage_classification\cardboard\cardboard183.jpg,cardboard
garbage_classification\clothes\clothes2585.jpg,clothes
garbage_classification\clothes\clothes3573.jpg,clothes
garbage_classification\clothes\clothes1257.jpg,clothes
garbage_classification\shoes\shoes1006.jpg,shoes
garbage_classification\cardboard\cardboard595.jpg,cardboard
garbage_classification\clothes\clothes1328.jpg,clothes
garbage_classification\green-glass\green-glass163.jpg,green-glass
garbage_classification\clothes\clothes1265.jpg,clothes
garbage_classification\clothes\clothes4643.jpg,clothes
garbage_classification\plastic\plastic95.jpg,plastic
garbage_classification\biological\biological915.jpg,biological
garbage_classification\battery\battery59.jpg,battery
garbage_classification\brown-glass\brown-glass98.jpg,brown-glass
garbage_classification\clothes\clothes3525.jpg,clothes
garbage_classification\battery\battery657.jpg,battery
garbage_classification\brown-glass\brown-glass233.jpg,brown-glass
garbage_classification\trash\trash343.jpg,trash
garbage_classification\cardboard\cardboard536.jpg,cardboard
garbage_classification\clothes\clothes1682.jpg,clothes
garbage_classification\clothes\clothes4501.jpg,clothes
garbage_classification\biological\biological944.jpg,biological
garbage_classification\clothes\clothes3041.jpg,clothes
garbage_classification\plastic\plastic170.jpg,plastic
garbage_classification\white-glass\white-glass726.jpg,white-glass
garbage_classification\paper\paper543.jpg,paper
garbage_classification\shoes\shoes1571.jpg,shoes
garbage_classification\clothes\clothes1374.jpg,clothes
garbage_classification\metal\metal452.jpg,metal
garbage_classification\clothes\clothes4351.jpg,clothes
garbage_classification\shoes\shoes1201.jpg,shoes
garbage_classification\green-glass\green-glass318.jpg,green-glass
garbage_classification\clothes\clothes721.jpg,clothes
garbage_classification\battery\battery187.jpg,battery
garbage_classification\metal\metal174.jpg,metal
garbage_classification\clothes\clothes3069.jpg,clothes
garbage_classification\clothes\clothes106.jpg,clothes
garbage_classification\clothes\clothes4778.jpg,clothes
garbage_classification\clothes\clothes4699.jpg,clothes
garbage_classification\shoes\shoes969.jpg,shoes
garbage_classification\paper\paper337.jpg,paper
garbage_classification\clothes\clothes5070.jpg,clothes
garbage_classification\brown-glass\brown-glass111.jpg,brown-glass
garbage_classification\clothes\clothes439.jpg,clothes
garbage_classification\battery\battery267.jpg,battery
garbage_classification\plastic\plastic235.jpg,plastic
garbage_classification\clothes\clothes3283.jpg,clothes
garbage_classification\clothes\clothes1856.jpg,clothes
garbage_classification\clothes\clothes4794.jpg,clothes
garbage_classification\plastic\plastic272.jpg,plastic
garbage_classification\clothes\clothes3963.jpg,clothes
garbage_classification\shoes\shoes996.jpg,shoes
garbage_classification\paper\paper637.jpg,paper
garbage_classification\green-glass\green-glass221.jpg,green-glass
garbage_classification\clothes\clothes4917.jpg,clothes
garbage_classification\shoes\shoes481.jpg,shoes
garbage_classification\metal\metal285.jpg,metal
garbage_classification\clothes\clothes3116.jpg,clothes
garbage_classification\clothes\clothes3200.jpg,clothes
garbage_classification\paper\paper157.jpg,paper
garbage_classification\battery\battery614.jpg,battery
garbage_classification\plastic\plastic708.jpg,plastic
garbage_classification\clothes\clothes240.jpg,clothes
garbage_classification\clothes\clothes2132.jpg,clothes
garbage_classification\clothes\clothes3681.jpg,clothes
garbage_classification\clothes\clothes1361.jpg,clothes
garbage_classification\clothes\clothes3256.jpg,clothes
garbage_classification\clothes\clothes3787.jpg,clothes
garbage_classification\biological\biological33.jpg,biological
garbage_classification\shoes\shoes878.jpg,shoes
garbage_classification\clothes\clothes381.jpg,clothes
garbage_classification\metal\metal389.jpg,metal
garbage_classification\trash\trash461.jpg,trash
garbage_classification\cardboard\cardboard528.jpg,cardboard
garbage_classification\clothes\clothes3826.jpg,clothes
garbage_classification\shoes\shoes281.jpg,shoes
garbage_classification\cardboard\cardboard48.jpg,cardboard
garbage_classification\trash\trash57.jpg,trash
garbage_classification\clothes\clothes2052.jpg,clothes
garbage_classification\biological\biological820.jpg,biological
garbage_classification\clothes\clothes1512.jpg,clothes
garbage_classification\clothes\clothes66.jpg,clothes
garbage_classification\clothes\clothes626.jpg,clothes
garbage_classification\clothes\clothes4243.jpg,clothes
garbage_classification\metal\metal134.jpg,metal
garbage_classification\brown-glass\brown-glass601.jpg,brown-glass
garbage_classification\trash\trash641.jpg,trash
garbage_classification\clothes\clothes3294.jpg,clothes
garbage_classification\clothes\clothes5068.jpg,clothes
garbage_classification\battery\battery745.jpg,battery
garbage_classification\trash\trash563.jpg,trash
garbage_classification\cardboard\cardboard668.jpg,cardboard
garbage_classification\clothes\clothes2604.jpg,clothes
garbage_classification\clothes\clothes3028.jpg,clothes
garbage_classification\plastic\plastic520.jpg,plastic
garbage_classification\clothes\clothes1297.jpg,clothes
garbage_classification\plastic\plastic603.jpg,plastic
garbage_classification\shoes\shoes425.jpg,shoes
garbage_classification\clothes\clothes1310.jpg,clothes
garbage_classification\white-glass\white-glass675.jpg,white-glass
garbage_classification\clothes\clothes2151.jpg,clothes
garbage_classification\shoes\shoes1625.jpg,shoes
garbage_classification\cardboard\cardboard186.jpg,cardboard
garbage_classification\clothes\clothes4225.jpg,clothes
garbage_classification\clothes\clothes2284.jpg,clothes
garbage_classification\shoes\shoes1347.jpg,shoes
garbage_classification\shoes\shoes1951.jpg,shoes
garbage_classification\shoes\shoes1977.jpg,shoes
garbage_classification\clothes\clothes3984.jpg,clothes
garbage_classification\plastic\plastic856.jpg,plastic
garbage_classification\white-glass\white-glass366.jpg,white-glass
garbage_classification\metal\metal519.jpg,metal
garbage_classification\clothes\clothes3477.jpg,clothes
garbage_classification\biological\biological411.jpg,biological
garbage_classification\trash\trash621.jpg,trash
garbage_classification\clothes\clothes1376.jpg,clothes
garbage_classification\biological\biological582.jpg,biological
garbage_classification\shoes\shoes672.jpg,shoes
garbage_classification\paper\paper653.jpg,paper
garbage_classification\clothes\clothes4763.jpg,clothes
garbage_classification\clothes\clothes415.jpg,clothes
garbage_classification\clothes\clothes4491.jpg,clothes
garbage_classification\clothes\clothes168.jpg,clothes
garbage_classification\brown-glass\brown-glass227.jpg,brown-glass
garbage_classification\biological\biological494.jpg,biological
garbage_classification\clothes\clothes2982.jpg,clothes
garbage_classification\metal\metal348.jpg,metal
garbage_classification\clothes\clothes2755.jpg,clothes
garbage_classification\green-glass\green-glass285.jpg,green-glass
garbage_classification\shoes\shoes205.jpg,shoes
garbage_classification\green-glass\green-glass108.jpg,green-glass
garbage_classification\biological\biological71.jpg,biological
garbage_classification\paper\paper970.jpg,paper
garbage_classification\paper\paper418.jpg,paper
garbage_classification\biological\biological985.jpg,biological
garbage_classification\green-glass\green-glass212.jpg,green-glass
garbage_classification\battery\battery2.jpg,battery
garbage_classification\plastic\plastic666.jpg,plastic
garbage_classification\clothes\clothes945.jpg,clothes
garbage_classification\biological\biological607.jpg,biological
garbage_classification\clothes\clothes4402.jpg,clothes
garbage_classification\shoes\shoes1715.jpg,shoes
garbage_classification\shoes\shoes1575.jpg,shoes
garbage_classification\shoes\shoes558.jpg,shoes
garbage_classification\clothes\clothes2033.jpg,clothes
garbage_classification\battery\battery119.jpg,battery
garbage_classification\biological\biological562.jpg,biological
garbage_classification\clothes\clothes3502.jpg,clothes
garbage_classification\biological\biological497.jpg,biological
garbage_classification\biological\biological708.jpg,biological
garbage_classification\metal\metal507.jpg,metal
garbage_classification\metal\metal231.jpg,metal
garbage_classification\clothes\clothes5077.jpg,clothes
garbage_classification\white-glass\white-glass688.jpg,white-glass
garbage_classification\metal\metal297.jpg,metal
garbage_classification\cardboard\cardboard692.jpg,cardboard
garbage_classification\clothes\clothes4199.jpg,clothes
garbage_classification\clothes\clothes1067.jpg,clothes
garbage_classification\biological\biological312.jpg,biological
garbage_classification\paper\paper912.jpg,paper
garbage_classification\clothes\clothes655.jpg,clothes
garbage_classification\plastic\plastic209.jpg,plastic
garbage_classification\paper\paper388.jpg,paper
garbage_classification\clothes\clothes2742.jpg,clothes
garbage_classification\clothes\clothes4700.jpg,clothes
garbage_classification\metal\metal127.jpg,metal
garbage_classification\shoes\shoes758.jpg,shoes
garbage_classification\metal\metal500.jpg,metal
garbage_classification\paper\paper1006.jpg,paper
garbage_classification\white-glass\white-glass618.jpg,white-glass
garbage_classification\clothes\clothes1617.jpg,clothes
garbage_classification\plastic\plastic578.jpg,plastic
garbage_classification\battery\battery868.jpg,battery
garbage_classification\white-glass\white-glass30.jpg,white-glass
garbage_classification\green-glass\green-glass265.jpg,green-glass
garbage_classification\white-glass\white-glass190.jpg,white-glass
garbage_classification\brown-glass\brown-glass393.jpg,brown-glass
garbage_classification\biological\biological252.jpg,biological
garbage_classification\clothes\clothes3631.jpg,clothes
garbage_classification\cardboard\cardboard38.jpg,cardboard
garbage_classification\clothes\clothes1492.jpg,clothes
garbage_classification\clothes\clothes4099.jpg,clothes
garbage_classification\battery\battery774.jpg,battery
garbage_classification\clothes\clothes748.jpg,clothes
garbage_classification\clothes\clothes5024.jpg,clothes
garbage_classification\cardboard\cardboard821.jpg,cardboard
garbage_classification\clothes\clothes4613.jpg,clothes
garbage_classification\biological\biological726.jpg,biological
garbage_classification\clothes\clothes4219.jpg,clothes
garbage_classification\white-glass\white-glass195.jpg,white-glass
garbage_classification\clothes\clothes2954.jpg,clothes
garbage_classification\cardboard\cardboard402.jpg,cardboard
garbage_classification\clothes\clothes1115.jpg,clothes
garbage_classification\clothes\clothes1035.jpg,clothes
garbage_classification\cardboard\cardboard799.jpg,cardboard
garbage_classification\clothes\clothes3835.jpg,clothes
garbage_classification\clothes\clothes876.jpg,clothes
garbage_classification\shoes\shoes622.jpg,shoes
garbage_classification\shoes\shoes208.jpg,shoes
garbage_classification\metal\metal264.jpg,metal
garbage_classification\biological\biological187.jpg,biological
garbage_classification\clothes\clothes2104.jpg,clothes
garbage_classification\metal\metal260.jpg,metal
garbage_classification\clothes\clothes4434.jpg,clothes
garbage_classification\clothes\clothes3824.jpg,clothes
garbage_classification\clothes\clothes3636.jpg,clothes
garbage_classification\clothes\clothes25.jpg,clothes
garbage_classification\trash\trash491.jpg,trash
garbage_classification\paper\paper326.jpg,paper
garbage_classification\metal\metal226.jpg,metal
garbage_classification\shoes\shoes798.jpg,shoes
garbage_classification\shoes\shoes1352.jpg,shoes
garbage_classification\battery\battery722.jpg,battery
garbage_classification\clothes\clothes3597.jpg,clothes
garbage_classification\clothes\clothes693.jpg,clothes
garbage_classification\cardboard\cardboard582.jpg,cardboard
garbage_classification\metal\metal436.jpg,metal
garbage_classification\shoes\shoes1385.jpg,shoes
garbage_classification\clothes\clothes3769.jpg,clothes
garbage_classification\plastic\plastic480.jpg,plastic
garbage_classification\shoes\shoes1200.jpg,shoes
garbage_classification\trash\trash479.jpg,trash
garbage_classification\clothes\clothes5136.jpg,clothes
garbage_classification\clothes\clothes1298.jpg,clothes
garbage_classification\trash\trash695.jpg,trash
garbage_classification\clothes\clothes3181.jpg,clothes
garbage_classification\battery\battery482.jpg,battery
garbage_classification\battery\battery212.jpg,battery
garbage_classification\green-glass\green-glass299.jpg,green-glass
garbage_classification\clothes\clothes1220.jpg,clothes
garbage_classification\white-glass\white-glass295.jpg,white-glass
garbage_classification\clothes\clothes2343.jpg,clothes
garbage_classification\clothes\clothes1581.jpg,clothes
garbage_classification\shoes\shoes1214.jpg,shoes
garbage_classification\cardboard\cardboard747.jpg,cardboard
garbage_classification\clothes\clothes262.jpg,clothes
garbage_classification\green-glass\green-glass356.jpg,green-glass
garbage_classification\white-glass\white-glass577.jpg,white-glass
garbage_classification\clothes\clothes4004.jpg,clothes
garbage_classification\clothes\clothes2270.jpg,clothes
garbage_classification\biological\biological29.jpg,biological
garbage_classification\biological\biological602.jpg,biological
garbage_classification\shoes\shoes769.jpg,shoes
garbage_classification\clothes\clothes236.jpg,clothes
garbage_classification\paper\paper914.jpg,paper
garbage_classification\shoes\shoes437.jpg,shoes
garbage_classification\clothes\clothes456.jpg,clothes
garbage_classification\clothes\clothes4400.jpg,clothes
garbage_classification\shoes\shoes140.jpg,shoes
garbage_classification\clothes\clothes1900.jpg,clothes
garbage_classification\battery\battery449.jpg,battery
garbage_classification\shoes\shoes1901.jpg,shoes
garbage_classification\clothes\clothes1536.jpg,clothes
garbage_classification\paper\paper227.jpg,paper
garbage_classification\shoes\shoes149.jpg,shoes
garbage_classification\biological\biological324.jpg,biological
garbage_classification\biological\biological383.jpg,biological
garbage_classification\paper\paper573.jpg,paper
garbage_classification\battery\battery353.jpg,battery
garbage_classification\plastic\plastic264.jpg,plastic
garbage_classification\clothes\clothes621.jpg,clothes
garbage_classification\paper\paper690.jpg,paper
garbage_classification\clothes\clothes2588.jpg,clothes
garbage_classification\clothes\clothes1765.jpg,clothes
garbage_classification\trash\trash524.jpg,trash
garbage_classification\trash\trash450.jpg,trash
garbage_classification\shoes\shoes772.jpg,shoes
garbage_classification\shoes\shoes1059.jpg,shoes
garbage_classification\clothes\clothes1435.jpg,clothes
garbage_classification\plastic\plastic403.jpg,plastic
garbage_classification\brown-glass\brown-glass48.jpg,brown-glass
garbage_classification\trash\trash560.jpg,trash
garbage_classification\clothes\clothes2009.jpg,clothes
garbage_classification\clothes\clothes935.jpg,clothes
garbage_classification\clothes\clothes2166.jpg,clothes
garbage_classification\clothes\clothes140.jpg,clothes
garbage_classification\metal\metal623.jpg,metal
garbage_classification\metal\metal726.jpg,metal
garbage_classification\green-glass\green-glass620.jpg,green-glass
garbage_classification\biological\biological475.jpg,biological
garbage_classification\clothes\clothes2696.jpg,clothes
garbage_classification\clothes\clothes635.jpg,clothes
garbage_classification\battery\battery831.jpg,battery
garbage_classification\metal\metal525.jpg,metal
garbage_classification\clothes\clothes3276.jpg,clothes
garbage_classification\clothes\clothes3943.jpg,clothes
garbage_classification\clothes\clothes430.jpg,clothes
garbage_classification\biological\biological956.jpg,biological
garbage_classification\clothes\clothes4776.jpg,clothes
garbage_classification\shoes\shoes665.jpg,shoes
garbage_classification\brown-glass\brown-glass547.jpg,brown-glass
garbage_classification\trash\trash431.jpg,trash
garbage_classification\clothes\clothes2474.jpg,clothes
garbage_classification\clothes\clothes3639.jpg,clothes
garbage_classification\metal\metal112.jpg,metal
garbage_classification\battery\battery464.jpg,battery
garbage_classification\trash\trash521.jpg,trash
garbage_classification\cardboard\cardboard578.jpg,cardboard
garbage_classification\clothes\clothes482.jpg,clothes
garbage_classification\clothes\clothes4758.jpg,clothes
garbage_classification\white-glass\white-glass530.jpg,white-glass
garbage_classification\brown-glass\brown-glass540.jpg,brown-glass
garbage_classification\cardboard\cardboard139.jpg,cardboard
garbage_classification\clothes\clothes1884.jpg,clothes
garbage_classification\clothes\clothes2078.jpg,clothes
garbage_classification\plastic\plastic565.jpg,plastic
garbage_classification\battery\battery75.jpg,battery
garbage_classification\trash\trash360.jpg,trash
garbage_classification\white-glass\white-glass128.jpg,white-glass
garbage_classification\battery\battery810.jpg,battery
garbage_classification\shoes\shoes834.jpg,shoes
garbage_classification\clothes\clothes2700.jpg,clothes
garbage_classification\white-glass\white-glass427.jpg,white-glass
garbage_classification\clothes\clothes5078.jpg,clothes
garbage_classification\clothes\clothes5282.jpg,clothes
garbage_classification\clothes\clothes2315.jpg,clothes
garbage_classification\clothes\clothes2399.jpg,clothes
garbage_classification\shoes\shoes989.jpg,shoes
garbage_classification\paper\paper544.jpg,paper
garbage_classification\plastic\plastic609.jpg,plastic
garbage_classification\biological\biological70.jpg,biological
garbage_classification\green-glass\green-glass78.jpg,green-glass
garbage_classification\metal\metal423.jpg,metal
garbage_classification\clothes\clothes3559.jpg,clothes
garbage_classification\clothes\clothes2470.jpg,clothes
garbage_classification\white-glass\white-glass186.jpg,white-glass
garbage_classification\clothes\clothes2778.jpg,clothes
garbage_classification\plastic\plastic78.jpg,plastic
garbage_classification\battery\battery330.jpg,battery
garbage_classification\shoes\shoes1405.jpg,shoes
garbage_classification\battery\battery828.jpg,battery
garbage_classification\shoes\shoes347.jpg,shoes
garbage_classification\battery\battery154.jpg,battery
garbage_classification\green-glass\green-glass22.jpg,green-glass
garbage_classification\clothes\clothes729.jpg,clothes
garbage_classification\cardboard\cardboard368.jpg,cardboard
garbage_classification\clothes\clothes237.jpg,clothes
garbage_classification\paper\paper233.jpg,paper
garbage_classification\battery\battery727.jpg,battery
garbage_classification\clothes\clothes3831.jpg,clothes
garbage_classification\shoes\shoes399.jpg,shoes
garbage_classification\clothes\clothes4090.jpg,clothes
garbage_classification\shoes\shoes634.jpg,shoes
garbage_classification\battery\battery78.jpg,battery
garbage_classification\metal\metal358.jpg,metal
garbage_classification\cardboard\cardboard52.jpg,cardboard
garbage_classification\metal\metal618.jpg,metal
garbage_classification\cardboard\cardboard292.jpg,cardboard
garbage_classification\paper\paper836.jpg,paper
garbage_classification\trash\trash94.jpg,trash
garbage_classification\brown-glass\brown-glass447.jpg,brown-glass
garbage_classification\clothes\clothes608.jpg,clothes
garbage_classification\clothes\clothes4449.jpg,clothes
garbage_classification\clothes\clothes3685.jpg,clothes
garbage_classification\clothes\clothes434.jpg,clothes
garbage_classification\brown-glass\brown-glass384.jpg,brown-glass
garbage_classification\metal\metal748.jpg,metal
garbage_classification\metal\metal109.jpg,metal
garbage_classification\clothes\clothes1820.jpg,clothes
garbage_classification\brown-glass\brown-glass216.jpg,brown-glass
garbage_classification\clothes\clothes2213.jpg,clothes
garbage_classification\clothes\clothes2853.jpg,clothes
garbage_classification\clothes\clothes246.jpg,clothes
garbage_classification\clothes\clothes2819.jpg,clothes
garbage_classification\white-glass\white-glass221.jpg,white-glass
garbage_classification\clothes\clothes4803.jpg,clothes
garbage_classification\clothes\clothes4079.jpg,clothes
garbage_classification\green-glass\green-glass544.jpg,green-glass
garbage_classification\shoes\shoes668.jpg,shoes
garbage_classification\cardboard\cardboard614.jpg,cardboard
garbage_classification\clothes\clothes4379.jpg,clothes
garbage_classification\battery\battery77.jpg,battery
garbage_classification\clothes\clothes5183.jpg,clothes
garbage_classification\metal\metal648.jpg,metal
garbage_classification\trash\trash403.jpg,trash
garbage_classification\battery\battery101.jpg,battery
garbage_classification\shoes\shoes20.jpg,shoes
garbage_classification\cardboard\cardboard396.jpg,cardboard
garbage_classification\clothes\clothes3190.jpg,clothes
garbage_classification\battery\battery589.jpg,battery
garbage_classification\clothes\clothes1025.jpg,clothes
garbage_classification\battery\battery129.jpg,battery
garbage_classification\trash\trash276.jpg,trash
garbage_classification\paper\paper531.jpg,paper
garbage_classification\clothes\clothes4940.jpg,clothes
garbage_classification\shoes\shoes1341.jpg,shoes
garbage_classification\clothes\clothes3886.jpg,clothes
garbage_classification\brown-glass\brown-glass481.jpg,brown-glass
garbage_classification\paper\paper450.jpg,paper
garbage_classification\white-glass\white-glass302.jpg,white-glass
garbage_classification\cardboard\cardboard434.jpg,cardboard
garbage_classification\clothes\clothes2207.jpg,clothes
garbage_classification\clothes\clothes5201.jpg,clothes
garbage_classification\shoes\shoes178.jpg,shoes
garbage_classification\shoes\shoes279.jpg,shoes
garbage_classification\plastic\plastic230.jpg,plastic
garbage_classification\metal\metal113.jpg,metal
garbage_classification\clothes\clothes488.jpg,clothes
garbage_classification\green-glass\green-glass5.jpg,green-glass
garbage_classification\shoes\shoes198.jpg,shoes
garbage_classification\battery\battery658.jpg,battery
garbage_classification\shoes\shoes41.jpg,shoes
garbage_classification\plastic\plastic723.jpg,plastic
garbage_classification\clothes\clothes1488.jpg,clothes
garbage_classification\paper\paper749.jpg,paper
garbage_classification\shoes\shoes536.jpg,shoes
garbage_classification\clothes\clothes807.jpg,clothes
garbage_classification\shoes\shoes1184.jpg,shoes
garbage_classification\clothes\clothes3751.jpg,clothes
garbage_classification\white-glass\white-glass208.jpg,white-glass
garbage_classification\paper\paper548.jpg,paper
garbage_classification\biological\biological624.jpg,biological
garbage_classification\clothes\clothes3688.jpg,clothes
garbage_classification\clothes\clothes3113.jpg,clothes
garbage_classification\clothes\clothes2847.jpg,clothes
garbage_classification\metal\metal485.jpg,metal
garbage_classification\trash\trash240.jpg,trash
garbage_classification\clothes\clothes1324.jpg,clothes
garbage_classification\shoes\shoes192.jpg,shoes
garbage_classification\biological\biological321.jpg,biological
garbage_classification\battery\battery98.jpg,battery
garbage_classification\clothes\clothes4738.jpg,clothes
garbage_classification\clothes\clothes2513.jpg,clothes
garbage_classification\green-glass\green-glass545.jpg,green-glass
garbage_classification\shoes\shoes577.jpg,shoes
garbage_classification\paper\paper304.jpg,paper
garbage_classification\biological\biological936.jpg,biological
garbage_classification\clothes\clothes3791.jpg,clothes
garbage_classification\shoes\shoes246.jpg,shoes
garbage_classification\clothes\clothes2870.jpg,clothes
garbage_classification\clothes\clothes5235.jpg,clothes
garbage_classification\clothes\clothes5272.jpg,clothes
garbage_classification\clothes\clothes1602.jpg,clothes
garbage_classification\clothes\clothes5147.jpg,clothes
garbage_classification\clothes\clothes2377.jpg,clothes
garbage_classification\shoes\shoes1930.jpg,shoes
garbage_classification\clothes\clothes3320.jpg,clothes
garbage_classification\white-glass\white-glass743.jpg,white-glass
garbage_classification\biological\biological538.jpg,biological
garbage_classification\clothes\clothes1756.jpg,clothes
garbage_classification\trash\trash410.jpg,trash
garbage_classification\clothes\clothes2403.jpg,clothes
garbage_classification\metal\metal741.jpg,metal
garbage_classification\clothes\clothes1350.jpg,clothes
garbage_classification\clothes\clothes3662.jpg,clothes
garbage_classification\cardboard\cardboard838.jpg,cardboard
garbage_classification\clothes\clothes902.jpg,clothes
garbage_classification\metal\metal693.jpg,metal
garbage_classification\clothes\clothes2573.jpg,clothes
garbage_classification\clothes\clothes919.jpg,clothes
garbage_classification\clothes\clothes3104.jpg,clothes
garbage_classification\plastic\plastic212.jpg,plastic
garbage_classification\shoes\shoes841.jpg,shoes
garbage_classification\shoes\shoes1562.jpg,shoes
garbage_classification\shoes\shoes479.jpg,shoes
garbage_classification\paper\paper266.jpg,paper
garbage_classification\paper\paper194.jpg,paper
garbage_classification\clothes\clothes1261.jpg,clothes
garbage_classification\plastic\plastic236.jpg,plastic
garbage_classification\cardboard\cardboard503.jpg,cardboard
garbage_classification\white-glass\white-glass708.jpg,white-glass
garbage_classification\green-glass\green-glass10.jpg,green-glass
garbage_classification\white-glass\white-glass162.jpg,white-glass
garbage_classification\shoes\shoes1477.jpg,shoes
garbage_classification\paper\paper102.jpg,paper
garbage_classification\clothes\clothes3569.jpg,clothes
garbage_classification\biological\biological149.jpg,biological
garbage_classification\brown-glass\brown-glass224.jpg,brown-glass
garbage_classification\clothes\clothes3506.jpg,clothes
garbage_classification\shoes\shoes1606.jpg,shoes
garbage_classification\plastic\plastic731.jpg,plastic
garbage_classification\clothes\clothes4095.jpg,clothes
garbage_classification\clothes\clothes156.jpg,clothes
garbage_classification\paper\paper729.jpg,paper
garbage_classification\trash\trash239.jpg,trash
garbage_classification\plastic\plastic852.jpg,plastic
garbage_classification\shoes\shoes394.jpg,shoes
garbage_classification\shoes\shoes1672.jpg,shoes
garbage_classification\clothes\clothes946.jpg,clothes
garbage_classification\battery\battery447.jpg,battery
garbage_classification\trash\trash383.jpg,trash
garbage_classification\shoes\shoes1623.jpg,shoes
garbage_classification\white-glass\white-glass404.jpg,white-glass
garbage_classification\shoes\shoes1462.jpg,shoes
garbage_classification\shoes\shoes1186.jpg,shoes
garbage_classification\clothes\clothes2184.jpg,clothes
garbage_classification\metal\metal669.jpg,metal
garbage_classification\clothes\clothes818.jpg,clothes
garbage_classification\battery\battery211.jpg,battery
garbage_classification\clothes\clothes3869.jpg,clothes
garbage_classification\clothes\clothes5236.jpg,clothes
garbage_classification\shoes\shoes1573.jpg,shoes
garbage_classification\metal\metal554.jpg,metal
garbage_classification\clothes\clothes2989.jpg,clothes
garbage_classification\biological\biological438.jpg,biological
garbage_classification\brown-glass\brown-glass339.jpg,brown-glass
garbage_classification\plastic\plastic598.jpg,plastic
garbage_classification\green-glass\green-glass481.jpg,green-glass
garbage_classification\clothes\clothes3919.jpg,clothes
garbage_classification\white-glass\white-glass67.jpg,white-glass
garbage_classification\metal\metal610.jpg,metal
garbage_classification\clothes\clothes1726.jpg,clothes
garbage_classification\trash\trash608.jpg,trash
garbage_classification\shoes\shoes275.jpg,shoes
garbage_classification\metal\metal42.jpg,metal
garbage_classification\biological\biological787.jpg,biological
garbage_classification\paper\paper558.jpg,paper
garbage_classification\plastic\plastic824.jpg,plastic
garbage_classification\biological\biological459.jpg,biological
garbage_classification\trash\trash99.jpg,trash
garbage_classification\battery\battery107.jpg,battery
garbage_classification\shoes\shoes1563.jpg,shoes
garbage_classification\shoes\shoes1725.jpg,shoes
garbage_classification\clothes\clothes4484.jpg,clothes
garbage_classification\clothes\clothes3700.jpg,clothes
garbage_classification\battery\battery835.jpg,battery
garbage_classification\biological\biological76.jpg,biological
garbage_classification\plastic\plastic255.jpg,plastic
garbage_classification\brown-glass\brown-glass412.jpg,brown-glass
garbage_classification\clothes\clothes2188.jpg,clothes
garbage_classification\clothes\clothes4476.jpg,clothes
garbage_classification\clothes\clothes4220.jpg,clothes
garbage_classification\clothes\clothes3575.jpg,clothes
garbage_classification\clothes\clothes410.jpg,clothes
garbage_classification\green-glass\green-glass20.jpg,green-glass
garbage_classification\clothes\clothes3889.jpg,clothes
garbage_classification\metal\metal466.jpg,metal
garbage_classification\brown-glass\brown-glass290.jpg,brown-glass
garbage_classification\biological\biological527.jpg,biological
garbage_classification\paper\paper204.jpg,paper
garbage_classification\plastic\plastic608.jpg,plastic
garbage_classification\green-glass\green-glass219.jpg,green-glass
garbage_classification\clothes\clothes3277.jpg,clothes
garbage_classification\clothes\clothes2643.jpg,clothes
garbage_classification\shoes\shoes160.jpg,shoes
garbage_classification\clothes\clothes797.jpg,clothes
garbage_classification\green-glass\green-glass519.jpg,green-glass
garbage_classification\clothes\clothes2698.jpg,clothes
garbage_classification\green-glass\green-glass315.jpg,green-glass
garbage_classification\battery\battery686.jpg,battery
garbage_classification\plastic\plastic149.jpg,plastic
garbage_classification\cardboard\cardboard591.jpg,cardboard
garbage_classification\clothes\clothes2210.jpg,clothes
garbage_classification\paper\paper316.jpg,paper
garbage_classification\brown-glass\brown-glass514.jpg,brown-glass
garbage_classification\cardboard\cardboard482.jpg,cardboard
garbage_classification\clothes\clothes4878.jpg,clothes
garbage_classification\brown-glass\brown-glass183.jpg,brown-glass
garbage_classification\trash\trash167.jpg,trash
garbage_classification\shoes\shoes1751.jpg,shoes
garbage_classification\clothes\clothes4142.jpg,clothes
garbage_classification\shoes\shoes1250.jpg,shoes
garbage_classification\brown-glass\brown-glass286.jpg,brown-glass
garbage_classification\biological\biological462.jpg,biological
garbage_classification\cardboard\cardboard175.jpg,cardboard
garbage_classification\metal\metal171.jpg,metal
garbage_classification\clothes\clothes717.jpg,clothes
garbage_classification\plastic\plastic486.jpg,plastic
garbage_classification\shoes\shoes1780.jpg,shoes
garbage_classification\plastic\plastic206.jpg,plastic
garbage_classification\metal\metal316.jpg,metal
garbage_classification\white-glass\white-glass610.jpg,white-glass
garbage_classification\clothes\clothes4374.jpg,clothes
garbage_classification\biological\biological130.jpg,biological
garbage_classification\cardboard\cardboard259.jpg,cardboard
garbage_classification\clothes\clothes2218.jpg,clothes
garbage_classification\clothes\clothes4987.jpg,clothes
garbage_classification\clothes\clothes4617.jpg,clothes
garbage_classification\shoes\shoes1919.jpg,shoes
garbage_classification\battery\battery344.jpg,battery
garbage_classification\battery\battery70.jpg,battery
garbage_classification\metal\metal426.jpg,metal
garbage_classification\cardboard\cardboard598.jpg,cardboard
garbage_classification\clothes\clothes960.jpg,clothes
garbage_classification\paper\paper969.jpg,paper
garbage_classification\shoes\shoes1475.jpg,shoes
garbage_classification\cardboard\cardboard753.jpg,cardboard
garbage_classification\clothes\clothes1457.jpg,clothes
garbage_classification\clothes\clothes1736.jpg,clothes
garbage_classification\metal\metal31.jpg,metal
garbage_classification\battery\battery778.jpg,battery
garbage_classification\cardboard\cardboard449.jpg,cardboard
garbage_classification\plastic\plastic414.jpg,plastic
garbage_classification\green-glass\green-glass364.jpg,green-glass
garbage_classification\green-glass\green-glass259.jpg,green-glass
garbage_classification\shoes\shoes308.jpg,shoes
garbage_classification\paper\paper1036.jpg,paper
garbage_classification\green-glass\green-glass370.jpg,green-glass
garbage_classification\clothes\clothes4908.jpg,clothes
garbage_classification\clothes\clothes4121.jpg,clothes
garbage_classification\shoes\shoes1676.jpg,shoes
garbage_classification\battery\battery735.jpg,battery
garbage_classification\clothes\clothes684.jpg,clothes
garbage_classification\green-glass\green-glass383.jpg,green-glass
garbage_classification\clothes\clothes3528.jpg,clothes
garbage_classification\metal\metal18.jpg,metal
garbage_classification\clothes\clothes1500.jpg,clothes
garbage_classification\clothes\clothes2618.jpg,clothes
garbage_classification\paper\paper924.jpg,paper
garbage_classification\paper\paper648.jpg,paper
garbage_classification\clothes\clothes4040.jpg,clothes
garbage_classification\cardboard\cardboard777.jpg,cardboard
garbage_classification\white-glass\white-glass150.jpg,white-glass
garbage_classification\clothes\clothes2943.jpg,clothes
garbage_classification\clothes\clothes49.jpg,clothes
garbage_classification\shoes\shoes1105.jpg,shoes
garbage_classification\clothes\clothes1480.jpg,clothes
garbage_classification\shoes\shoes1941.jpg,shoes
garbage_classification\biological\biological457.jpg,biological
garbage_classification\green-glass\green-glass523.jpg,green-glass
garbage_classification\plastic\plastic187.jpg,plastic
garbage_classification\clothes\clothes3961.jpg,clothes
garbage_classification\shoes\shoes715.jpg,shoes
garbage_classification\clothes\clothes2879.jpg,clothes
garbage_classification\cardboard\cardboard142.jpg,cardboard
garbage_classification\clothes\clothes1614.jpg,clothes
garbage_classification\clothes\clothes700.jpg,clothes
garbage_classification\battery\battery566.jpg,battery
garbage_classification\biological\biological92.jpg,biological
garbage_classification\cardboard\cardboard236.jpg,cardboard
garbage_classification\paper\paper841.jpg,paper
garbage_classification\clothes\clothes5179.jpg,clothes
garbage_classification\plastic\plastic44.jpg,plastic
garbage_classification\battery\battery153.jpg,battery
garbage_classification\brown-glass\brown-glass506.jpg,brown-glass
garbage_classification\battery\battery299.jpg,battery
garbage_classification\clothes\clothes4215.jpg,clothes
garbage_classification\shoes\shoes502.jpg,shoes
garbage_classification\cardboard\cardboard141.jpg,cardboard
garbage_classification\clothes\clothes2224.jpg,clothes
garbage_classification\clothes\clothes4019.jpg,clothes
garbage_classification\green-glass\green-glass73.jpg,green-glass
garbage_classification\shoes\shoes153.jpg,shoes
garbage_classification\shoes\shoes1913.jpg,shoes
garbage_classification\white-glass\white-glass704.jpg,white-glass
garbage_classification\biological\biological970.jpg,biological
garbage_classification\clothes\clothes4228.jpg,clothes
garbage_classification\clothes\clothes446.jpg,clothes
garbage_classification\biological\biological752.jpg,biological
garbage_classification\clothes\clothes245.jpg,clothes
garbage_classification\paper\paper972.jpg,paper
garbage_classification\clothes\clothes3812.jpg,clothes
garbage_classification\clothes\clothes2934.jpg,clothes
garbage_classification\clothes\clothes329.jpg,clothes
garbage_classification\white-glass\white-glass753.jpg,white-glass
garbage_classification\clothes\clothes3985.jpg,clothes
garbage_classification\clothes\clothes2902.jpg,clothes
garbage_classification\white-glass\white-glass460.jpg,white-glass
garbage_classification\battery\battery467.jpg,battery
garbage_classification\shoes\shoes326.jpg,shoes
garbage_classification\white-glass\white-glass290.jpg,white-glass
garbage_classification\brown-glass\brown-glass120.jpg,brown-glass
garbage_classification\clothes\clothes4901.jpg,clothes
garbage_classification\white-glass\white-glass371.jpg,white-glass
garbage_classification\green-glass\green-glass517.jpg,green-glass
garbage_classification\metal\metal441.jpg,metal
garbage_classification\trash\trash76.jpg,trash
garbage_classification\cardboard\cardboard564.jpg,cardboard
garbage_classification\shoes\shoes1784.jpg,shoes
garbage_classification\biological\biological157.jpg,biological
garbage_classification\shoes\shoes541.jpg,shoes
garbage_classification\paper\paper451.jpg,paper
garbage_classification\clothes\clothes1700.jpg,clothes
garbage_classification\clothes\clothes2556.jpg,clothes
garbage_classification\green-glass\green-glass563.jpg,green-glass
garbage_classification\clothes\clothes1522.jpg,clothes
garbage_classification\clothes\clothes2760.jpg,clothes
garbage_classification\clothes\clothes4850.jpg,clothes
garbage_classification\clothes\clothes307.jpg,clothes
garbage_classification\clothes\clothes4013.jpg,clothes
garbage_classification\biological\biological91.jpg,biological
garbage_classification\clothes\clothes574.jpg,clothes
garbage_classification\shoes\shoes188.jpg,shoes
garbage_classification\trash\trash469.jpg,trash
garbage_classification\clothes\clothes3809.jpg,clothes
garbage_classification\battery\battery109.jpg,battery
garbage_classification\brown-glass\brown-glass340.jpg,brown-glass
garbage_classification\shoes\shoes922.jpg,shoes
garbage_classification\clothes\clothes2745.jpg,clothes
garbage_classification\plastic\plastic75.jpg,plastic
garbage_classification\clothes\clothes901.jpg,clothes
garbage_classification\white-glass\white-glass158.jpg,white-glass
garbage_classification\clothes\clothes1334.jpg,clothes
garbage_classification\trash\trash33.jpg,trash
garbage_classification\clothes\clothes2488.jpg,clothes
garbage_classification\cardboard\cardboard811.jpg,cardboard
garbage_classification\clothes\clothes2245.jpg,clothes
garbage_classification\white-glass\white-glass662.jpg,white-glass
garbage_classification\cardboard\cardboard223.jpg,cardboard
garbage_classification\battery\battery919.jpg,battery
garbage_classification\clothes\clothes1079.jpg,clothes
garbage_classification\green-glass\green-glass113.jpg,green-glass
garbage_classification\paper\paper784.jpg,paper
garbage_classification\clothes\clothes2123.jpg,clothes
garbage_classification\clothes\clothes3533.jpg,clothes
garbage_classification\battery\battery642.jpg,battery
garbage_classification\trash\trash345.jpg,trash
garbage_classification\paper\paper336.jpg,paper
garbage_classification\clothes\clothes2826.jpg,clothes
garbage_classification\shoes\shoes1119.jpg,shoes
garbage_classification\paper\paper990.jpg,paper
garbage_classification\clothes\clothes3951.jpg,clothes
garbage_classification\clothes\clothes181.jpg,clothes
garbage_classification\shoes\shoes620.jpg,shoes
garbage_classification\clothes\clothes2190.jpg,clothes
garbage_classification\cardboard\cardboard617.jpg,cardboard
garbage_classification\plastic\plastic726.jpg,plastic
garbage_classification\clothes\clothes2316.jpg,clothes
garbage_classification\shoes\shoes390.jpg,shoes
garbage_classification\trash\trash304.jpg,trash
garbage_classification\shoes\shoes1883.jpg,shoes
garbage_classification\paper\paper292.jpg,paper
garbage_classification\clothes\clothes871.jpg,clothes
garbage_classification\battery\battery613.jpg,battery
garbage_classification\clothes\clothes3952.jpg,clothes
garbage_classification\metal\metal29.jpg,metal
garbage_classification\metal\metal339.jpg,metal
garbage_classification\plastic\plastic376.jpg,plastic
garbage_classification\clothes\clothes4695.jpg,clothes
garbage_classification\clothes\clothes1912.jpg,clothes
garbage_classification\shoes\shoes238.jpg,shoes
garbage_classification\shoes\shoes1779.jpg,shoes
garbage_classification\plastic\plastic476.jpg,plastic
garbage_classification\clothes\clothes2285.jpg,clothes
garbage_classification\clothes\clothes4023.jpg,clothes
garbage_classification\metal\metal103.jpg,metal
garbage_classification\paper\paper831.jpg,paper
garbage_classification\cardboard\cardboard311.jpg,cardboard
garbage_classification\shoes\shoes626.jpg,shoes
garbage_classification\shoes\shoes1222.jpg,shoes
garbage_classification\biological\biological177.jpg,biological
garbage_classification\clothes\clothes3418.jpg,clothes
garbage_classification\green-glass\green-glass490.jpg,green-glass
garbage_classification\biological\biological833.jpg,biological
garbage_classification\white-glass\white-glass528.jpg,white-glass
garbage_classification\clothes\clothes4186.jpg,clothes
garbage_classification\clothes\clothes2518.jpg,clothes
garbage_classification\battery\battery813.jpg,battery
garbage_classification\biological\biological97.jpg,biological
garbage_classification\green-glass\green-glass599.jpg,green-glass
garbage_classification\shoes\shoes1046.jpg,shoes
garbage_classification\cardboard\cardboard876.jpg,cardboard
garbage_classification\clothes\clothes2296.jpg,clothes
garbage_classification\clothes\clothes3818.jpg,clothes
garbage_classification\shoes\shoes1711.jpg,shoes
garbage_classification\shoes\shoes1483.jpg,shoes
garbage_classification\biological\biological363.jpg,biological
garbage_classification\shoes\shoes1976.jpg,shoes
garbage_classification\paper\paper196.jpg,paper
garbage_classification\shoes\shoes1271.jpg,shoes
garbage_classification\trash\trash414.jpg,trash
garbage_classification\plastic\plastic346.jpg,plastic
garbage_classification\shoes\shoes1.jpg,shoes
garbage_classification\brown-glass\brown-glass58.jpg,brown-glass
garbage_classification\paper\paper434.jpg,paper
garbage_classification\shoes\shoes1661.jpg,shoes
garbage_classification\plastic\plastic815.jpg,plastic
garbage_classification\white-glass\white-glass684.jpg,white-glass
garbage_classification\shoes\shoes378.jpg,shoes
garbage_classification\clothes\clothes3143.jpg,clothes
garbage_classification\clothes\clothes42.jpg,clothes
garbage_classification\paper\paper294.jpg,paper
garbage_classification\clothes\clothes1083.jpg,clothes
garbage_classification\clothes\clothes3469.jpg,clothes
garbage_classification\battery\battery612.jpg,battery
garbage_classification\clothes\clothes632.jpg,clothes
garbage_classification\plastic\plastic38.jpg,plastic
garbage_classification\clothes\clothes330.jpg,clothes
garbage_classification\white-glass\white-glass553.jpg,white-glass
garbage_classification\clothes\clothes5221.jpg,clothes
garbage_classification\plastic\plastic743.jpg,plastic
garbage_classification\clothes\clothes576.jpg,clothes
garbage_classification\clothes\clothes337.jpg,clothes
garbage_classification\clothes\clothes4957.jpg,clothes
garbage_classification\clothes\clothes557.jpg,clothes
garbage_classification\green-glass\green-glass63.jpg,green-glass
garbage_classification\shoes\shoes1209.jpg,shoes
garbage_classification\clothes\clothes1550.jpg,clothes
garbage_classification\clothes\clothes1545.jpg,clothes
garbage_classification\plastic\plastic15.jpg,plastic
garbage_classification\trash\trash215.jpg,trash
garbage_classification\clothes\clothes3284.jpg,clothes
garbage_classification\plastic\plastic76.jpg,plastic
garbage_classification\paper\paper69.jpg,paper
garbage_classification\clothes\clothes3008.jpg,clothes
garbage_classification\shoes\shoes271.jpg,shoes
garbage_classification\brown-glass\brown-glass125.jpg,brown-glass
garbage_classification\paper\paper869.jpg,paper
garbage_classification\clothes\clothes5003.jpg,clothes
garbage_classification\biological\biological407.jpg,biological
garbage_classification\shoes\shoes607.jpg,shoes
garbage_classification\metal\metal377.jpg,metal
garbage_classification\cardboard\cardboard341.jpg,cardboard
garbage_classification\metal\metal502.jpg,metal
garbage_classification\cardboard\cardboard734.jpg,cardboard
garbage_classification\clothes\clothes3555.jpg,clothes
garbage_classification\clothes\clothes4735.jpg,clothes
garbage_classification\shoes\shoes1970.jpg,shoes
garbage_classification\clothes\clothes2889.jpg,clothes
garbage_classification\cardboard\cardboard797.jpg,cardboard
garbage_classification\clothes\clothes4311.jpg,clothes
garbage_classification\clothes\clothes2195.jpg,clothes
garbage_classification\shoes\shoes588.jpg,shoes
garbage_classification\battery\battery861.jpg,battery
garbage_classification\biological\biological660.jpg,biological
garbage_classification\paper\paper198.jpg,paper
garbage_classification\clothes\clothes4271.jpg,clothes
garbage_classification\shoes\shoes904.jpg,shoes
garbage_classification\cardboard\cardboard556.jpg,cardboard
garbage_classification\clothes\clothes524.jpg,clothes
garbage_classification\biological\biological788.jpg,biological
garbage_classification\shoes\shoes1448.jpg,shoes
garbage_classification\clothes\clothes4938.jpg,clothes
garbage_classification\cardboard\cardboard525.jpg,cardboard
garbage_classification\paper\paper364.jpg,paper
garbage_classification\battery\battery290.jpg,battery
garbage_classification\biological\biological883.jpg,biological
garbage_classification\clothes\clothes4979.jpg,clothes
garbage_classification\trash\trash259.jpg,trash
garbage_classification\clothes\clothes4608.jpg,clothes
garbage_classification\green-glass\green-glass573.jpg,green-glass
garbage_classification\clothes\clothes3478.jpg,clothes
garbage_classification\green-glass\green-glass448.jpg,green-glass
garbage_classification\green-glass\green-glass276.jpg,green-glass
garbage_classification\brown-glass\brown-glass248.jpg,brown-glass
garbage_classification\biological\biological949.jpg,biological
garbage_classification\clothes\clothes1080.jpg,clothes
garbage_classification\trash\trash333.jpg,trash
garbage_classification\clothes\clothes2900.jpg,clothes
garbage_classification\green-glass\green-glass594.jpg,green-glass
garbage_classification\clothes\clothes3748.jpg,clothes
garbage_classification\clothes\clothes5312.jpg,clothes
garbage_classification\battery\battery395.jpg,battery
garbage_classification\clothes\clothes3362.jpg,clothes
garbage_classification\shoes\shoes73.jpg,shoes
garbage_classification\metal\metal496.jpg,metal
garbage_classification\clothes\clothes3396.jpg,clothes
garbage_classification\green-glass\green-glass550.jpg,green-glass
garbage_classification\shoes\shoes1835.jpg,shoes
garbage_classification\trash\trash246.jpg,trash
garbage_classification\paper\paper737.jpg,paper
garbage_classification\clothes\clothes73.jpg,clothes
garbage_classification\biological\biological313.jpg,biological
garbage_classification\paper\paper51.jpg,paper
garbage_classification\clothes\clothes3621.jpg,clothes
garbage_classification\cardboard\cardboard776.jpg,cardboard
garbage_classification\green-glass\green-glass54.jpg,green-glass
garbage_classification\biological\biological931.jpg,biological
garbage_classification\battery\battery914.jpg,battery
garbage_classification\battery\battery375.jpg,battery
garbage_classification\clothes\clothes1496.jpg,clothes
garbage_classification\paper\paper608.jpg,paper
garbage_classification\green-glass\green-glass568.jpg,green-glass
garbage_classification\clothes\clothes2023.jpg,clothes
garbage_classification\plastic\plastic752.jpg,plastic
garbage_classification\clothes\clothes3941.jpg,clothes
garbage_classification\plastic\plastic146.jpg,plastic
garbage_classification\clothes\clothes3901.jpg,clothes
garbage_classification\clothes\clothes4038.jpg,clothes
garbage_classification\clothes\clothes3856.jpg,clothes
garbage_classification\green-glass\green-glass297.jpg,green-glass
garbage_classification\trash\trash144.jpg,trash
garbage_classification\biological\biological568.jpg,biological
garbage_classification\shoes\shoes1505.jpg,shoes
garbage_classification\clothes\clothes2430.jpg,clothes
garbage_classification\white-glass\white-glass328.jpg,white-glass
garbage_classification\shoes\shoes1216.jpg,shoes
garbage_classification\clothes\clothes601.jpg,clothes
garbage_classification\clothes\clothes4474.jpg,clothes
garbage_classification\clothes\clothes4834.jpg,clothes
garbage_classification\paper\paper898.jpg,paper
garbage_classification\clothes\clothes1913.jpg,clothes
garbage_classification\green-glass\green-glass1.jpg,green-glass
garbage_classification\cardboard\cardboard661.jpg,cardboard
garbage_classification\paper\paper419.jpg,paper
garbage_classification\clothes\clothes5085.jpg,clothes
garbage_classification\green-glass\green-glass146.jpg,green-glass
garbage_classification\green-glass\green-glass263.jpg,green-glass
garbage_classification\shoes\shoes290.jpg,shoes
garbage_classification\battery\battery777.jpg,battery
garbage_classification\clothes\clothes1181.jpg,clothes
garbage_classification\clothes\clothes3529.jpg,clothes
garbage_classification\clothes\clothes1741.jpg,clothes
garbage_classification\clothes\clothes5213.jpg,clothes
garbage_classification\plastic\plastic411.jpg,plastic
garbage_classification\clothes\clothes1869.jpg,clothes
garbage_classification\clothes\clothes4314.jpg,clothes
garbage_classification\clothes\clothes3638.jpg,clothes
garbage_classification\metal\metal268.jpg,metal
garbage_classification\cardboard\cardboard780.jpg,cardboard
garbage_classification\trash\trash620.jpg,trash
garbage_classification\brown-glass\brown-glass531.jpg,brown-glass
garbage_classification\clothes\clothes924.jpg,clothes
garbage_classification\clothes\clothes138.jpg,clothes
garbage_classification\paper\paper472.jpg,paper
garbage_classification\battery\battery475.jpg,battery
garbage_classification\shoes\shoes551.jpg,shoes
garbage_classification\plastic\plastic570.jpg,plastic
garbage_classification\battery\battery131.jpg,battery
garbage_classification\plastic\plastic254.jpg,plastic
garbage_classification\clothes\clothes4231.jpg,clothes
garbage_classification\green-glass\green-glass107.jpg,green-glass
garbage_classification\clothes\clothes5004.jpg,clothes
garbage_classification\clothes\clothes858.jpg,clothes
garbage_classification\clothes\clothes5292.jpg,clothes
garbage_classification\clothes\clothes3090.jpg,clothes
garbage_classification\metal\metal761.jpg,metal
garbage_classification\paper\paper533.jpg,paper
garbage_classification\white-glass\white-glass589.jpg,white-glass
garbage_classification\shoes\shoes1266.jpg,shoes
garbage_classification\shoes\shoes1071.jpg,shoes
garbage_classification\clothes\clothes2615.jpg,clothes
garbage_classification\shoes\shoes1836.jpg,shoes
garbage_classification\plastic\plastic833.jpg,plastic
garbage_classification\green-glass\green-glass12.jpg,green-glass
garbage_classification\clothes\clothes2010.jpg,clothes
garbage_classification\shoes\shoes1221.jpg,shoes
garbage_classification\clothes\clothes3719.jpg,clothes
garbage_classification\shoes\shoes1300.jpg,shoes
garbage_classification\brown-glass\brown-glass161.jpg,brown-glass
garbage_classification\cardboard\cardboard190.jpg,cardboard
garbage_classification\biological\biological558.jpg,biological
garbage_classification\brown-glass\brown-glass424.jpg,brown-glass
garbage_classification\clothes\clothes3324.jpg,clothes
garbage_classification\cardboard\cardboard622.jpg,cardboard
garbage_classification\green-glass\green-glass171.jpg,green-glass
garbage_classification\metal\metal422.jpg,metal
garbage_classification\green-glass\green-glass103.jpg,green-glass
garbage_classification\plastic\plastic192.jpg,plastic
garbage_classification\plastic\plastic231.jpg,plastic
garbage_classification\cardboard\cardboard499.jpg,cardboard
garbage_classification\brown-glass\brown-glass171.jpg,brown-glass
garbage_classification\clothes\clothes3454.jpg,clothes
garbage_classification\clothes\clothes3617.jpg,clothes
garbage_classification\trash\trash5.jpg,trash
garbage_classification\shoes\shoes494.jpg,shoes
garbage_classification\clothes\clothes4663.jpg,clothes
garbage_classification\battery\battery229.jpg,battery
garbage_classification\metal\metal533.jpg,metal
garbage_classification\clothes\clothes1570.jpg,clothes
garbage_classification\plastic\plastic291.jpg,plastic
garbage_classification\metal\metal749.jpg,metal
garbage_classification\clothes\clothes254.jpg,clothes
garbage_classification\shoes\shoes893.jpg,shoes
garbage_classification\green-glass\green-glass351.jpg,green-glass
garbage_classification\battery\battery934.jpg,battery
garbage_classification\green-glass\green-glass296.jpg,green-glass
garbage_classification\white-glass\white-glass191.jpg,white-glass
garbage_classification\metal\metal755.jpg,metal
garbage_classification\clothes\clothes1589.jpg,clothes
garbage_classification\clothes\clothes3326.jpg,clothes
garbage_classification\green-glass\green-glass81.jpg,green-glass
garbage_classification\cardboard\cardboard174.jpg,cardboard
garbage_classification\green-glass\green-glass379.jpg,green-glass
garbage_classification\metal\metal280.jpg,metal
garbage_classification\metal\metal69.jpg,metal
garbage_classification\clothes\clothes3607.jpg,clothes
garbage_classification\paper\paper775.jpg,paper
garbage_classification\shoes\shoes1841.jpg,shoes
garbage_classification\paper\paper588.jpg,paper
garbage_classification\brown-glass\brown-glass78.jpg,brown-glass
garbage_classification\battery\battery822.jpg,battery
garbage_classification\shoes\shoes196.jpg,shoes
garbage_classification\clothes\clothes2634.jpg,clothes
garbage_classification\clothes\clothes445.jpg,clothes
garbage_classification\battery\battery881.jpg,battery
garbage_classification\white-glass\white-glass767.jpg,white-glass
garbage_classification\clothes\clothes1024.jpg,clothes
garbage_classification\shoes\shoes865.jpg,shoes
garbage_classification\battery\battery246.jpg,battery
garbage_classification\shoes\shoes1689.jpg,shoes
garbage_classification\trash\trash309.jpg,trash
garbage_classification\shoes\shoes1365.jpg,shoes
garbage_classification\clothes\clothes1065.jpg,clothes
garbage_classification\shoes\shoes1236.jpg,shoes
garbage_classification\clothes\clothes997.jpg,clothes
garbage_classification\clothes\clothes3633.jpg,clothes
garbage_classification\green-glass\green-glass555.jpg,green-glass
garbage_classification\biological\biological748.jpg,biological
garbage_classification\metal\metal336.jpg,metal
garbage_classification\shoes\shoes1648.jpg,shoes
garbage_classification\paper\paper679.jpg,paper
garbage_classification\clothes\clothes5296.jpg,clothes
garbage_classification\clothes\clothes4601.jpg,clothes
garbage_classification\clothes\clothes5105.jpg,clothes
garbage_classification\clothes\clothes3218.jpg,clothes
garbage_classification\green-glass\green-glass97.jpg,green-glass
garbage_classification\clothes\clothes2097.jpg,clothes
garbage_classification\brown-glass\brown-glass541.jpg,brown-glass
garbage_classification\paper\paper318.jpg,paper
garbage_classification\shoes\shoes255.jpg,shoes
garbage_classification\battery\battery941.jpg,battery
garbage_classification\biological\biological317.jpg,biological
garbage_classification\paper\paper73.jpg,paper
garbage_classification\battery\battery789.jpg,battery
garbage_classification\green-glass\green-glass506.jpg,green-glass
garbage_classification\clothes\clothes3378.jpg,clothes
garbage_classification\paper\paper443.jpg,paper
garbage_classification\clothes\clothes3550.jpg,clothes
garbage_classification\clothes\clothes4104.jpg,clothes
garbage_classification\biological\biological971.jpg,biological
garbage_classification\battery\battery530.jpg,battery
garbage_classification\clothes\clothes4892.jpg,clothes
garbage_classification\paper\paper288.jpg,paper
garbage_classification\battery\battery757.jpg,battery
garbage_classification\metal\metal438.jpg,metal
garbage_classification\brown-glass\brown-glass35.jpg,brown-glass
garbage_classification\brown-glass\brown-glass330.jpg,brown-glass
garbage_classification\biological\biological780.jpg,biological
garbage_classification\shoes\shoes1508.jpg,shoes
garbage_classification\clothes\clothes4127.jpg,clothes
garbage_classification\clothes\clothes1301.jpg,clothes
garbage_classification\clothes\clothes564.jpg,clothes
garbage_classification\clothes\clothes2127.jpg,clothes
garbage_classification\biological\biological675.jpg,biological
garbage_classification\clothes\clothes4511.jpg,clothes
garbage_classification\white-glass\white-glass333.jpg,white-glass
garbage_classification\battery\battery925.jpg,battery
garbage_classification\clothes\clothes2682.jpg,clothes
garbage_classification\shoes\shoes1320.jpg,shoes
garbage_classification\clothes\clothes1714.jpg,clothes
garbage_classification\green-glass\green-glass335.jpg,green-glass
garbage_classification\clothes\clothes4316.jpg,clothes
garbage_classification\metal\metal499.jpg,metal
garbage_classification\green-glass\green-glass618.jpg,green-glass
garbage_classification\clothes\clothes4447.jpg,clothes
garbage_classification\shoes\shoes1163.jpg,shoes
garbage_classification\trash\trash91.jpg,trash
garbage_classification\white-glass\white-glass585.jpg,white-glass
garbage_classification\brown-glass\brown-glass213.jpg,brown-glass
garbage_classification\clothes\clothes2143.jpg,clothes
garbage_classification\shoes\shoes1617.jpg,shoes
garbage_classification\shoes\shoes1086.jpg,shoes
garbage_classification\clothes\clothes119.jpg,clothes
garbage_classification\shoes\shoes1215.jpg,shoes
garbage_classification\clothes\clothes302.jpg,clothes
garbage_classification\brown-glass\brown-glass115.jpg,brown-glass
garbage_classification\paper\paper706.jpg,paper
garbage_classification\clothes\clothes125.jpg,clothes
garbage_classification\clothes\clothes979.jpg,clothes
garbage_classification\paper\paper621.jpg,paper
garbage_classification\green-glass\green-glass543.jpg,green-glass
garbage_classification\clothes\clothes3141.jpg,clothes
garbage_classification\brown-glass\brown-glass337.jpg,brown-glass
garbage_classification\clothes\clothes890.jpg,clothes
garbage_classification\plastic\plastic727.jpg,plastic
garbage_classification\white-glass\white-glass311.jpg,white-glass
garbage_classification\metal\metal101.jpg,metal
garbage_classification\brown-glass\brown-glass101.jpg,brown-glass
garbage_classification\battery\battery99.jpg,battery
garbage_classification\green-glass\green-glass476.jpg,green-glass
garbage_classification\shoes\shoes891.jpg,shoes
garbage_classification\cardboard\cardboard880.jpg,cardboard
garbage_classification\shoes\shoes1430.jpg,shoes
garbage_classification\battery\battery662.jpg,battery
garbage_classification\trash\trash300.jpg,trash
garbage_classification\trash\trash594.jpg,trash
garbage_classification\clothes\clothes455.jpg,clothes
garbage_classification\shoes\shoes566.jpg,shoes
garbage_classification\battery\battery923.jpg,battery
garbage_classification\clothes\clothes4503.jpg,clothes
garbage_classification\biological\biological466.jpg,biological
garbage_classification\shoes\shoes23.jpg,shoes
garbage_classification\battery\battery259.jpg,battery
garbage_classification\clothes\clothes4862.jpg,clothes
garbage_classification\shoes\shoes856.jpg,shoes
garbage_classification\clothes\clothes3313.jpg,clothes
garbage_classification\clothes\clothes4158.jpg,clothes
garbage_classification\shoes\shoes512.jpg,shoes
garbage_classification\clothes\clothes400.jpg,clothes
garbage_classification\biological\biological56.jpg,biological
garbage_classification\plastic\plastic137.jpg,plastic
garbage_classification\clothes\clothes4873.jpg,clothes
garbage_classification\clothes\clothes670.jpg,clothes
garbage_classification\shoes\shoes1025.jpg,shoes
garbage_classification\cardboard\cardboard804.jpg,cardboard
garbage_classification\brown-glass\brown-glass310.jpg,brown-glass
garbage_classification\battery\battery399.jpg,battery
garbage_classification\plastic\plastic484.jpg,plastic
garbage_classification\cardboard\cardboard372.jpg,cardboard
garbage_classification\white-glass\white-glass629.jpg,white-glass
garbage_classification\clothes\clothes1443.jpg,clothes
garbage_classification\paper\paper510.jpg,paper
garbage_classification\clothes\clothes3814.jpg,clothes
garbage_classification\biological\biological804.jpg,biological
garbage_classification\paper\paper619.jpg,paper
garbage_classification\metal\metal450.jpg,metal
garbage_classification\white-glass\white-glass682.jpg,white-glass
garbage_classification\shoes\shoes1356.jpg,shoes
garbage_classification\shoes\shoes648.jpg,shoes
garbage_classification\clothes\clothes173.jpg,clothes
garbage_classification\shoes\shoes973.jpg,shoes
garbage_classification\paper\paper263.jpg,paper
garbage_classification\shoes\shoes433.jpg,shoes
garbage_classification\metal\metal170.jpg,metal
garbage_classification\clothes\clothes2449.jpg,clothes
garbage_classification\clothes\clothes1790.jpg,clothes
garbage_classification\shoes\shoes1698.jpg,shoes
garbage_classification\metal\metal40.jpg,metal
garbage_classification\paper\paper351.jpg,paper
garbage_classification\trash\trash569.jpg,trash
garbage_classification\clothes\clothes2570.jpg,clothes
garbage_classification\clothes\clothes577.jpg,clothes
garbage_classification\paper\paper66.jpg,paper
garbage_classification\biological\biological674.jpg,biological
garbage_classification\clothes\clothes584.jpg,clothes
garbage_classification\metal\metal490.jpg,metal
garbage_classification\paper\paper106.jpg,paper
garbage_classification\clothes\clothes1521.jpg,clothes
garbage_classification\white-glass\white-glass242.jpg,white-glass
garbage_classification\white-glass\white-glass438.jpg,white-glass
garbage_classification\metal\metal520.jpg,metal
garbage_classification\paper\paper552.jpg,paper
garbage_classification\clothes\clothes3743.jpg,clothes
garbage_classification\plastic\plastic318.jpg,plastic
garbage_classification\brown-glass\brown-glass80.jpg,brown-glass
garbage_classification\clothes\clothes2281.jpg,clothes
garbage_classification\biological\biological79.jpg,biological
garbage_classification\brown-glass\brown-glass144.jpg,brown-glass
garbage_classification\clothes\clothes4548.jpg,clothes
garbage_classification\white-glass\white-glass282.jpg,white-glass
garbage_classification\clothes\clothes3577.jpg,clothes
garbage_classification\white-glass\white-glass638.jpg,white-glass
garbage_classification\clothes\clothes3510.jpg,clothes
garbage_classification\biological\biological567.jpg,biological
garbage_classification\cardboard\cardboard405.jpg,cardboard
garbage_classification\biological\biological297.jpg,biological
garbage_classification\plastic\plastic109.jpg,plastic
garbage_classification\green-glass\green-glass533.jpg,green-glass
garbage_classification\brown-glass\brown-glass175.jpg,brown-glass
garbage_classification\clothes\clothes3837.jpg,clothes
garbage_classification\biological\biological309.jpg,biological
garbage_classification\metal\metal605.jpg,metal
garbage_classification\shoes\shoes492.jpg,shoes
garbage_classification\brown-glass\brown-glass160.jpg,brown-glass
garbage_classification\paper\paper519.jpg,paper
garbage_classification\plastic\plastic144.jpg,plastic
garbage_classification\clothes\clothes1504.jpg,clothes
garbage_classification\trash\trash256.jpg,trash
garbage_classification\shoes\shoes1972.jpg,shoes
garbage_classification\clothes\clothes4587.jpg,clothes
garbage_classification\clothes\clothes2822.jpg,clothes
garbage_classification\shoes\shoes94.jpg,shoes
garbage_classification\clothes\clothes380.jpg,clothes
garbage_classification\metal\metal367.jpg,metal
garbage_classification\plastic\plastic64.jpg,plastic
garbage_classification\clothes\clothes1557.jpg,clothes
garbage_classification\paper\paper87.jpg,paper
garbage_classification\brown-glass\brown-glass266.jpg,brown-glass
garbage_classification\clothes\clothes4545.jpg,clothes
garbage_classification\brown-glass\brown-glass413.jpg,brown-glass
garbage_classification\green-glass\green-glass350.jpg,green-glass
garbage_classification\trash\trash536.jpg,trash
garbage_classification\cardboard\cardboard278.jpg,cardboard
garbage_classification\green-glass\green-glass62.jpg,green-glass
garbage_classification\clothes\clothes1721.jpg,clothes
garbage_classification\clothes\clothes1698.jpg,clothes
garbage_classification\plastic\plastic426.jpg,plastic
garbage_classification\clothes\clothes1972.jpg,clothes
garbage_classification\white-glass\white-glass45.jpg,white-glass
garbage_classification\brown-glass\brown-glass258.jpg,brown-glass
garbage_classification\shoes\shoes1694.jpg,shoes
garbage_classification\clothes\clothes905.jpg,clothes
garbage_classification\metal\metal692.jpg,metal
garbage_classification\battery\battery8.jpg,battery
garbage_classification\biological\biological690.jpg,biological
garbage_classification\green-glass\green-glass604.jpg,green-glass
garbage_classification\clothes\clothes457.jpg,clothes
garbage_classification\shoes\shoes851.jpg,shoes
garbage_classification\trash\trash694.jpg,trash
garbage_classification\white-glass\white-glass756.jpg,white-glass
garbage_classification\clothes\clothes4812.jpg,clothes
garbage_classification\white-glass\white-glass206.jpg,white-glass
garbage_classification\plastic\plastic134.jpg,plastic
garbage_classification\shoes\shoes1121.jpg,shoes
garbage_classification\biological\biological968.jpg,biological
garbage_classification\clothes\clothes5102.jpg,clothes
garbage_classification\green-glass\green-glass25.jpg,green-glass
garbage_classification\clothes\clothes3158.jpg,clothes
garbage_classification\biological\biological415.jpg,biological
garbage_classification\cardboard\cardboard554.jpg,cardboard
garbage_classification\clothes\clothes4073.jpg,clothes
garbage_classification\shoes\shoes576.jpg,shoes
garbage_classification\clothes\clothes695.jpg,clothes
garbage_classification\clothes\clothes494.jpg,clothes
garbage_classification\battery\battery347.jpg,battery
garbage_classification\clothes\clothes3086.jpg,clothes
garbage_classification\plastic\plastic114.jpg,plastic
garbage_classification\shoes\shoes376.jpg,shoes
garbage_classification\white-glass\white-glass757.jpg,white-glass
garbage_classification\plastic\plastic606.jpg,plastic
garbage_classification\clothes\clothes1825.jpg,clothes
garbage_classification\green-glass\green-glass475.jpg,green-glass
garbage_classification\green-glass\green-glass60.jpg,green-glass
garbage_classification\clothes\clothes1288.jpg,clothes
garbage_classification\clothes\clothes3029.jpg,clothes
garbage_classification\clothes\clothes2265.jpg,clothes
garbage_classification\clothes\clothes2133.jpg,clothes
garbage_classification\shoes\shoes1357.jpg,shoes
garbage_classification\cardboard\cardboard728.jpg,cardboard
garbage_classification\shoes\shoes217.jpg,shoes
garbage_classification\plastic\plastic819.jpg,plastic
garbage_classification\clothes\clothes2766.jpg,clothes
garbage_classification\shoes\shoes1758.jpg,shoes
garbage_classification\clothes\clothes4015.jpg,clothes
garbage_classification\paper\paper239.jpg,paper
garbage_classification\clothes\clothes27.jpg,clothes
garbage_classification\biological\biological942.jpg,biological
garbage_classification\metal\metal124.jpg,metal
garbage_classification\clothes\clothes4210.jpg,clothes
garbage_classification\trash\trash551.jpg,trash
garbage_classification\shoes\shoes1709.jpg,shoes
garbage_classification\clothes\clothes2340.jpg,clothes
garbage_classification\clothes\clothes4525.jpg,clothes
garbage_classification\shoes\shoes590.jpg,shoes
garbage_classification\white-glass\white-glass612.jpg,white-glass
garbage_classification\clothes\clothes2016.jpg,clothes
garbage_classification\paper\paper402.jpg,paper
garbage_classification\brown-glass\brown-glass9.jpg,brown-glass
garbage_classification\cardboard\cardboard256.jpg,cardboard
garbage_classification\brown-glass\brown-glass57.jpg,brown-glass
garbage_classification\plastic\plastic534.jpg,plastic
garbage_classification\clothes\clothes2388.jpg,clothes
garbage_classification\paper\paper890.jpg,paper
garbage_classification\clothes\clothes4218.jpg,clothes
garbage_classification\battery\battery52.jpg,battery
garbage_classification\clothes\clothes2186.jpg,clothes
garbage_classification\clothes\clothes4565.jpg,clothes
garbage_classification\battery\battery311.jpg,battery
garbage_classification\metal\metal572.jpg,metal
garbage_classification\clothes\clothes4633.jpg,clothes
garbage_classification\shoes\shoes999.jpg,shoes
garbage_classification\green-glass\green-glass504.jpg,green-glass
garbage_classification\clothes\clothes642.jpg,clothes
garbage_classification\cardboard\cardboard763.jpg,cardboard
garbage_classification\brown-glass\brown-glass267.jpg,brown-glass
garbage_classification\paper\paper167.jpg,paper
garbage_classification\green-glass\green-glass371.jpg,green-glass
garbage_classification\white-glass\white-glass102.jpg,white-glass
garbage_classification\clothes\clothes101.jpg,clothes
garbage_classification\plastic\plastic710.jpg,plastic
garbage_classification\battery\battery94.jpg,battery
garbage_classification\clothes\clothes1626.jpg,clothes
garbage_classification\clothes\clothes3509.jpg,clothes
garbage_classification\cardboard\cardboard56.jpg,cardboard
garbage_classification\clothes\clothes4519.jpg,clothes
garbage_classification\clothes\clothes2347.jpg,clothes
garbage_classification\paper\paper31.jpg,paper
garbage_classification\clothes\clothes2505.jpg,clothes
garbage_classification\paper\paper246.jpg,paper
garbage_classification\shoes\shoes704.jpg,shoes
garbage_classification\shoes\shoes864.jpg,shoes
garbage_classification\metal\metal595.jpg,metal
garbage_classification\cardboard\cardboard221.jpg,cardboard
garbage_classification\clothes\clothes515.jpg,clothes
garbage_classification\battery\battery895.jpg,battery
garbage_classification\trash\trash254.jpg,trash
garbage_classification\metal\metal161.jpg,metal
garbage_classification\biological\biological969.jpg,biological
garbage_classification\metal\metal394.jpg,metal
garbage_classification\green-glass\green-glass623.jpg,green-glass
garbage_classification\shoes\shoes1740.jpg,shoes
garbage_classification\cardboard\cardboard285.jpg,cardboard
garbage_classification\clothes\clothes2955.jpg,clothes
garbage_classification\clothes\clothes198.jpg,clothes
garbage_classification\battery\battery414.jpg,battery
garbage_classification\clothes\clothes3982.jpg,clothes
garbage_classification\paper\paper741.jpg,paper
garbage_classification\plastic\plastic782.jpg,plastic
garbage_classification\clothes\clothes2469.jpg,clothes
garbage_classification\paper\paper527.jpg,paper
garbage_classification\white-glass\white-glass598.jpg,white-glass
garbage_classification\clothes\clothes4719.jpg,clothes
garbage_classification\plastic\plastic728.jpg,plastic
garbage_classification\paper\paper1049.jpg,paper
garbage_classification\battery\battery771.jpg,battery
garbage_classification\battery\battery297.jpg,battery
garbage_classification\clothes\clothes1795.jpg,clothes
garbage_classification\biological\biological772.jpg,biological
garbage_classification\clothes\clothes706.jpg,clothes
garbage_classification\clothes\clothes4998.jpg,clothes
garbage_classification\battery\battery140.jpg,battery
garbage_classification\white-glass\white-glass421.jpg,white-glass
garbage_classification\shoes\shoes787.jpg,shoes
garbage_classification\clothes\clothes1137.jpg,clothes
garbage_classification\plastic\plastic657.jpg,plastic
garbage_classification\paper\paper925.jpg,paper
garbage_classification\paper\paper872.jpg,paper
garbage_classification\clothes\clothes2432.jpg,clothes
garbage_classification\white-glass\white-glass775.jpg,white-glass
garbage_classification\clothes\clothes3011.jpg,clothes
garbage_classification\battery\battery137.jpg,battery
garbage_classification\plastic\plastic641.jpg,plastic
garbage_classification\metal\metal649.jpg,metal
garbage_classification\clothes\clothes5255.jpg,clothes
garbage_classification\brown-glass\brown-glass456.jpg,brown-glass
garbage_classification\clothes\clothes592.jpg,clothes
garbage_classification\clothes\clothes1292.jpg,clothes
garbage_classification\clothes\clothes2984.jpg,clothes
garbage_classification\clothes\clothes4631.jpg,clothes
garbage_classification\battery\battery264.jpg,battery
garbage_classification\biological\biological403.jpg,biological
garbage_classification\biological\biological707.jpg,biological
garbage_classification\clothes\clothes1731.jpg,clothes
garbage_classification\shoes\shoes1437.jpg,shoes
garbage_classification\clothes\clothes2335.jpg,clothes
garbage_classification\plastic\plastic839.jpg,plastic
garbage_classification\clothes\clothes2911.jpg,clothes
garbage_classification\trash\trash30.jpg,trash
garbage_classification\biological\biological286.jpg,biological
garbage_classification\metal\metal373.jpg,metal
garbage_classification\paper\paper52.jpg,paper
garbage_classification\clothes\clothes4971.jpg,clothes
garbage_classification\cardboard\cardboard436.jpg,cardboard
garbage_classification\battery\battery638.jpg,battery
garbage_classification\clothes\clothes1235.jpg,clothes
garbage_classification\clothes\clothes317.jpg,clothes
garbage_classification\paper\paper321.jpg,paper
garbage_classification\cardboard\cardboard305.jpg,cardboard
garbage_classification\clothes\clothes5020.jpg,clothes
garbage_classification\clothes\clothes5035.jpg,clothes
garbage_classification\clothes\clothes2906.jpg,clothes
garbage_classification\clothes\clothes2144.jpg,clothes
garbage_classification\paper\paper68.jpg,paper
garbage_classification\shoes\shoes1293.jpg,shoes
garbage_classification\clothes\clothes747.jpg,clothes
garbage_classification\biological\biological244.jpg,biological
garbage_classification\plastic\plastic278.jpg,plastic
garbage_classification\paper\paper323.jpg,paper
garbage_classification\clothes\clothes2341.jpg,clothes
garbage_classification\clothes\clothes4855.jpg,clothes
garbage_classification\brown-glass\brown-glass5.jpg,brown-glass
garbage_classification\clothes\clothes2480.jpg,clothes
